◆◆◆　https://fy.188766.xyz/?ip=home.kuaidi521.com
◆◆◆　https://raw.githubusercontent.com/Guovin/iptv-api/gd/output/result.txt
2026-08-07 14:00:56,http://198.204.228.26/live/cctv1hd.m3u8
CETV-1,http://198.204.228.26/live/cetv1hd.m3u8
CETV-1,http://63.141.230.178:82/gslb/zbdq5.m3u8?id=cetv1hd
CETV-1,http://gslbmgsplive.miguvideo.com/migu/kailu/cetv1/51/20240709/index.m3u8?msisdn=ddabaea9e98cf126418b045e71a11a07&mdspid=&spid=699004&netType=0&sid=5910022150&pid=2028597139&timestamp=20260807072533&Channel_ID=0116_2600034600-99000-201600010010028&ProgramID=923287154&ParentNodeID=-99&assertID=5910022150&client_ip=39.103.182.111&SecurityKey=20260807072533&promotionId=&mvid=5900006636&mcid=500020&playurlVersion=WX-A1-9.8.0-SNAPSHOT&userid=&jmhm=&videocodec=h264&appCode=miguvideo_android&bean=mgspad&tid=android&conFee=0&puData=504c3a2eda5f0f705cd7623466af960b&ddCalcu=b500v64a9cdf3aaa626e4d3a256f70dfc750&sv=10004&ct=android
CETV-2,http://gslbmgsplive.miguvideo.com/migu/kailu/cetv2/51/20240709/index.m3u8?msisdn=c04585207a9f105b06682eb3cb9dc106&mdspid=&spid=699004&netType=0&sid=5910022152&pid=2028597139&timestamp=20260807072533&Channel_ID=0116_2600034600-99000-201600010010028&ProgramID=923287211&ParentNodeID=-99&assertID=5910022152&client_ip=47.92.23.141&SecurityKey=20260807072533&promotionId=&mvid=5900006638&mcid=500020&playurlVersion=WX-A1-9.8.0-SNAPSHOT&userid=&jmhm=&videocodec=h264&appCode=miguvideo_android&bean=mgspad&tid=android&conFee=0&puData=a037ded5952b83d34effab50a229308d&ddCalcu=da80v03a37a9da2e2da50955b2abf8f3ed43&sv=10004&ct=android
CETV-3,http://[2409:8087:7004:20:1000::22]:6610/yinhe/2/ch00000090990000001309/index.m3u8
CETV-3,http://[2409:8087:8:21::18]:6610/otttv.bj.chinamobile.com/PLTV/88888888/224/3221226577/1.m3u8?GuardEncType=2&accountinfo=%7E%7EV2.0%7EhE2Z89HKgsQOlN9opVn1iw%7E_eNUbgU9sJGUcVVduOMKhafLvQUgE_zlz_7pvDimJNN03yUnk4zBVk1bynPPL3hZ%2CEND
CETV-3,http://rrs01.hw.gmcc.net:8088/PLTV/81/224/3221226722/1.m3u8
CETV-3,http://iptv.cdn.ha.chinamobile.com/PLTV/88888888/224/3221227352/index.m3u8
CETV-3,http://ott.mobaibox.com/PLTV/3/224/3221227018/index.m3u8
CETV-4,http://gslbmgsplive.miguvideo.com/migu/kailu/cetv4/51/20240709/index.m3u8?msisdn=30dd884c7edc07eed51fd721460ab5af&mdspid=&spid=699004&netType=0&sid=5910022154&pid=2028597139&timestamp=20260807072533&Channel_ID=0116_2600034600-99000-201600010010028&ProgramID=923287339&ParentNodeID=-99&assertID=5910022154&client_ip=39.103.188.159&SecurityKey=20260807072533&promotionId=&mvid=5900006640&mcid=500020&playurlVersion=WX-A1-9.8.0-SNAPSHOT&userid=&jmhm=&videocodec=h264&appCode=miguvideo_android&bean=mgspad&tid=android&conFee=0&puData=5ebdb2a78dc4f1e12c8cc647bf5fe056&ddCalcu=655ev0baedbfba52fab7784d6cc4cf81ce21&sv=10004&ct=android
文化精品,https://live.264788.xyz/channel/yangshiwenhuajingpin?streamid=bc185d1ef1e528922e83efd845006277&livekey=01WgOR41rriMmMkzNsd0UoaxJRwetZdxIvtVk
文化精品,http://107.150.60.122/live/ysjp.m3u8
文化精品,http://173.208.212.130:8181/720p/ysjp.m3u8
文化精品,http://63.141.230.178:82/gslb/zbdq5.m3u8?id=ysjp
文化精品,http://38.75.136.137:98/gslb/dsdqpub/ysjp.m3u8?auth=testpub
风云音乐,https://live.264788.xyz/channel/fengyunyinyue?streamid=1b41fb9153cba3ee19bd5d1b323da27e&livekey=01WgOR41rriMmMkzNsd0UoaxJRwetZdxIvtVk
风云音乐,https://live.264788.xyz/channel/fengyunyinyue?streamid=be37d16b874e7ba11dd383d7ecd75752&livekey=01WgOR41rriMmMkzNsd0UoaxJRwetZdxIvtVk
风云音乐,http://38.75.136.137:98/gslb/dsdqpub/fyyy.m3u8?auth=testpub
风云音乐,http://63.141.230.178:82/gslb/zbdq5.m3u8?id=fyyy
风云音乐,http://207.56.13.146:81/cdnlive/fyyy.m3u8
第一剧场,https://live.264788.xyz/channel/diyijuchang?streamid=e9b0fb1ca135a4aeae12944494883794&livekey=01WgOR41rriMmMkzNsd0UoaxJRwetZdxIvtVk
第一剧场,http://173.208.212.130:8181/720p/dyjc.m3u8
第一剧场,https://live.264788.xyz/channel/diyijuchang?streamid=d81e188b59ece96b7e8f1ce34aea3ef8&livekey=01WgOR41rriMmMkzNsd0UoaxJRwetZdxIvtVk
第一剧场,http://107.150.60.122/live/dyjc.m3u8
第一剧场,http://63.141.230.178:82/gslb/zbdq5.m3u8?id=dyjc
风云剧场,http://173.208.212.130:8181/720p/fyjc.m3u8
风云剧场,https://live.264788.xyz/channel/fengyunjuchang?streamid=31e7b5b7032d25dd215a4069cdee1a48&livekey=01WgOR41rriMmMkzNsd0UoaxJRwetZdxIvtVk
风云剧场,http://63.141.230.178:82/gslb/zbdq5.m3u8?id=fyjc
风云剧场,http://38.75.136.137:98/gslb/dsdqpub/fyjc.m3u8?auth=testpub
风云剧场,http://207.56.13.146:81/cdnlive/fyjc.m3u8
怀旧剧场,https://live.264788.xyz/channel/huaijiujuchang?streamid=7e5d1abdddde08f588234f3f640f75ff&livekey=01WgOR41rriMmMkzNsd0UoaxJRwetZdxIvtVk
怀旧剧场,http://63.141.230.178:82/gslb/zbdq5.m3u8?id=hjjc
怀旧剧场,http://107.150.60.122/live/hjjc.m3u8
怀旧剧场,http://38.75.136.137:98/gslb/dsdqpub/hjjc.m3u8?auth=testpub
女性时尚,http://38.75.136.137:98/gslb/dsdqpub/nxss.m3u8?auth=testpub
女性时尚,http://207.56.13.146:81/cdnlive/nxss.m3u8
女性时尚,http://63.141.230.178:82/gslb/zbdq5.m3u8?id=nxss
高尔夫网球,http://207.56.13.146:81/cdnlive/gefwq.m3u8
电视指南,http://iptv.666230.xyz/iptv/jsyd.php/G_DIANSHIZN-CQ
兵器科技,https://live.264788.xyz/channel/bingqikeji?streamid=6fc55a0966bdad1e1cdf39a4d37dd776&livekey=01WgOR41rriMmMkzNsd0UoaxJRwetZdxIvtVk
兵器科技,https://live.264788.xyz/channel/bingqikeji?streamid=530cb4e58bbc48b7fc26f5e0a2e47966&livekey=01WgOR41rriMmMkzNsd0UoaxJRwetZdxIvtVk
兵器科技,http://173.208.212.130:8181/720p/gfjs.m3u8
兵器科技,http://38.75.136.137:98/gslb/dsdqpub/gfjs.m3u8?auth=testpub
兵器科技,http://63.141.230.178:82/gslb/zbdq5.m3u8?id=gfjs
浙江休闲,http://ali-m-l.cztv.com/channels/lantian/channel006/720p.m3u8
象山新闻综合,http://l.cztvcloud.com/channels/lantian/SXxiangshan1/720p.m3u8
普陀电视,https://l.cztvcloud.com/channels/lantian/SXputuo1/720p.m3u8
开化国家公园,http://l.cztvcloud.com/channels/lantian/SXkaihua2/720p.m3u8?zzhed
开化国家公园,http://l.cztvcloud.com/channels/lantian/SXkaihua2/720p.m3u8zzhed
开化国家公园,http://l.cztvcloud.com/channels/lantian/SXkaihua2/720p.m3u8
嵊州新闻综合,https://stream1.freetv.fun/sheng-zhou-xin-wen-zong-he-1.m3u8
嵊州新闻综合,http://l.cztvcloud.com/channels/lantian/SXshengzhou1/720p.m3u8?zzhed
崇明电视,https://pili-live-hls.wdit.com.cn/wditlive/c038f4fafbdf4f97ba74c74ad67259b931ee.m3u8
欢笑剧场,https://zby.130519.xyz/PLTV/11/224/3221225771/index.m3u8
欢笑剧场,http://z.b.bkpcp.top/m.php?id=hxjc
欢笑剧场,http://gat.bkpcp.top/ymg.php?id=hxjc
欢笑剧场,http://goo.bkpcp.top/mg/hxjc
欢笑剧场,http://iptv.cdn.ha.chinamobile.com/PLTV/88888888/224/3221226704/index.m3u8
法治天地,https://zby.130519.xyz/PLTV/11/224/3221225994/index.m3u8
法治天地,http://php.jdshipin.com/itv6.php?cid=bestzb&id=9001547084732463424
法治天地,http://z.b.bkpcp.top/m.php?id=fztd
法治天地,http://iptv.cdn.ha.chinamobile.com/PLTV/88888888/224/3221226655/index.m3u8
法治天地,http://[2409:8087:5e01:24::16]:6610/000000001000/2000000002000000014/index.m3u8?stbId=3&livemode=1&HlsProfileId=&channel-id=hnbblive&Contentid=2000000002000000014&IASHttpSessionId=OTT19019320240419154124000281
纪实人文,http://ottrrs.hl.chinamobile.com/PLTV/88888888/224/3221225738/index.m3u8
纪实人文,https://stream1.freetv.fun/ipv6-ji-shi-ren-wen-12.m3u8
都市剧场,https://satellitepull.cnr.cn/live/wxcqxwgb/playlist.m3u8
重庆新闻,http://38.75.136.137:98/gslb/dsdqpub/cqxw.m3u8?auth=testpub
东海新闻,http://iptv.666230.xyz/iptv/jsyd.php/jsdonghaixinwen
宜兴新闻,https://stream1.freetv.fun/yi-xing-xin-wen-1.m3u8
宜兴新闻,https://stream1.freetv.fun/yi-xing-xin-wen-2.m3u8
宜兴新闻,https://t.freetv.fun/live/yi-xing-xin-wen-1.m3u8
宜兴新闻,http://gslbmgsplive.miguvideo.com/migu/kailu/yxxwzh/51/20250604/index.m3u8?msisdn=1d653a4080d206d7b4b399c6a7606355&mdspid=&spid=699067&netType=0&sid=5910022179&pid=2028597139&timestamp=20260516053937&Channel_ID=0116_2600034600-99000-201600010010028&ProgramID=955227996&ParentNodeID=-99&assertID=5910022179&client_ip=39.98.171.74&SecurityKey=20260516053937&promotionId=&mvid=5900006707&mcid=500020&playurlVersion=ZQ-A1-9.5.1-RELEASE&userid=&jmhm=&videocodec=h264&appCode=miguvideo_android&bean=mgspad&tid=android&conFee=0&puData=c9036845f793ec4b3d44b18c2d62822d&ddCalcu=dc29v20a83l26a68d425cf8719b34e4cd43b&sv=10004&ct=android
宜兴新闻,http://hlszymgsplive.miguvideo.com:8080/migu/kailu/yxxwzh/51/20250604/index.m3u8?msisdn=2be6b2ec9fcf10d2c2457e2c710e172c&mdspid=&spid=699067&netType=0&sid=5910022179&pid=2028597139&timestamp=20260710040233&Channel_ID=0116_2600034600-99000-201600010010028&ProgramID=955227996&ParentNodeID=-99&assertID=5910022179&client_ip=171.8.79.254&SecurityKey=20260710040233&promotionId=&mvid=5900006707&mcid=500020&playurlVersion=WX-A1-9.6.1.6-SNAPSHOT&userid=&jmhm=&videocodec=h264&appCode=miguvideo_android&bean=mgspad&tid=android&conFee=0&encrypt=9f3b0d684e4e01505a59d4ea6c5a04e3&sv=10004&ct=android
宿迁公共,http://iptv.666230.xyz/iptv/jsyd.php/G_SQGG
常州公共,http://iptv.666230.xyz/iptv/jsyd.php/jsczgonggong
常州生活,http://iptv.666230.xyz/iptv/jsyd.php/jsczshenghuo
常州都市,http://iptv.666230.xyz/iptv/jsyd.php/jsczdushi
徐州公共,http://iptv.666230.xyz/iptv/jsyd.php/xzgg
新沂新闻,http://live.xysrmt.cn/xwzh/sd/live.m3u8?zjiangsd"
新沂生活,http://live.xysrmt.cn/shpd/sd/live.m3u8?zjiangsd
无锡新闻综合,http://stream.thmz.com/wxtv1/playlist.m3u8?_upt=156143371706166361
无锡新闻综合,http://stream.thmz.com/wxtv1/sd/live.m3u8?_upt=4ba3ab191698644028
无锡新闻综合,http://stream.thmz.com/wxtv1/playlist.m3u8
无锡经济,https://stream.thmz.com/wxtv5/playlist.m3u8
无锡经济,http://stream.thmz.com/wxtv5/sd/live.m3u8?zjiangsd
无锡经济,http://stream.thmz.com/wxtv5/playlist.m3u8?_upt=10155d141706166867
无锡经济,http://stream.thmz.com/wxtv5/playlist.m3u8
无锡经济,http://stream.thmz.com/wxtv5/sd/live.m3u8?_upt=cfacd5221704890772
无锡都市资讯,http://stream.thmz.com/wxtv3/sd/live.m3u8?_upt=978cd8731706199708
无锡都市资讯,http://stream.thmz.com/wxtv3/playlist.m3u8
无锡都市资讯,http://stream.thmz.com/wxtv3/playlist.m3u8?_upt=1758133b1706166861
武进生活,http://43.251.226.89:8080/play/522.m3u8
江宁新闻,https://migu.188766.xyz/?migutoken=77969fb082a75b798578427f3570edd2&id=%E4%BD%93%E8%82%B2%E4%BC%91%E9%97%B2%E9%A2%91%E9%81%93&type=yy
江苏体育,https://migu.188766.xyz/?migutoken=90d4e3f3f8a5288cc5aac4a92021e341&id=%E4%BD%93%E8%82%B2%E4%BC%91%E9%97%B2%E9%A2%91%E9%81%93&type=yy
江苏体育,https://migu.188766.xyz/?migutoken=af50fdc5b09032a97cf990bd6f36aef2&id=%E4%BD%93%E8%82%B2%E4%BC%91%E9%97%B2%E9%A2%91%E9%81%93&type=yy
江苏体育,https://migu.188766.xyz/?migutoken=25d75081796a390b82f0299988e556ac&id=%E4%BD%93%E8%82%B2%E4%BC%91%E9%97%B2%E9%A2%91%E9%81%93&type=yy
江苏体育,https://migu.188766.xyz/?migutoken=721cd3a9b6d2cd1a0e378a6a68ae2702&id=%E4%BD%93%E8%82%B2%E4%BC%91%E9%97%B2%E9%A2%91%E9%81%93&type=yy
江苏体育,https://migu.188766.xyz/?migutoken=e37f9d8dbdb18b5cdfd250b672323263&id=%E4%BD%93%E8%82%B2%E4%BC%91%E9%97%B2%E9%A2%91%E9%81%93&type=yy
江苏公共,http://iptv.666230.xyz/iptv/jsyd.php/G_JSGG
江苏城市,https://stream1.freetv.fun/675206b8446ce719bfb293b5a5296db3aa26521c9810de7c996838247cc56964.ctv
江苏城市,http://z.b.bkpcp.top/m.php?id=jscs
江苏城市,http://gslbmgsplive.miguvideo.com/wd_r2/jstv/jschengshi/600/index.m3u8?msisdn=202509030900312c5ad926e30449e5b9405f27a3fde9a6&mdspid=&spid=699067&netType=0&sid=5500260508&pid=2028597139&timestamp=20250903090031&Channel_ID=0116_2600037000-99000-200300220100002&ProgramID=626064714&ParentNodeID=-99&assertID=5500260508&client_ip=106.13.250.83&SecurityKey=20250903090031&promotionId=&mvid=5100186409&mcid=500020&playurlVersion=WX-A1-8.8.1-RELEASE&userid=&jmhm=&videocodec=h264&bean=mgspad&tid=android&conFee=0&puData=3712225a575d903704881b6443f50a06&ddCalcu=6307va1a02x52af2354a4567b51d89804307&sv=10004&ct=android
江苏城市,https://mgtv.ottiptv.cc/migu/626064714.m3u8?migutoken=02cafbc9d94c9e5e26c383c50287313c55f7e68abea08e811428e9b13cd8e46f93919d1a0859b1c76d8e4e78e1f7b8a6f89d71daf38a8275ac7633b59bcdb7cbf189e3152afb4fa80fadf4b134
江苏城市,http://gslbmgsplive.miguvideo.com/wd_r2/jstv/jschengshi/600/index.m3u8?msisdn=2025102308014130dd0a5e627f42499c11a2ab2361d34e&mdspid=&spid=699067&netType=0&sid=5500260508&pid=2028597139&timestamp=20251023080141&Channel_ID=0116_2600000900-99000-201600010010027&ProgramID=626064714&ParentNodeID=-99&assertID=5500260508&client_ip=106.13.250.83&SecurityKey=20251023080141&promotionId=&mvid=5100186409&mcid=500020&playurlVersion=WX-A1-8.9.2-RELEASE&userid=&jmhm=&videocodec=h264&bean=mgspad&tid=android&conFee=0&puData=5d7ae839a5e5f0b92b0a6b3471204437&ddCalcu=753de4724a60e02813794a35be65af00bb29
江苏影视,https://stream1.freetv.fun/a89dd489fa013bc4f36bcc4afe388f1783e2251c276e2566a9359d68a61c6d91.ctv
江苏影视,http://z.b.bkpcp.top/m.php?id=jsys
江苏影视,https://migu.188766.xyz/?migutoken=91756b74eb13850e4c87b15c25817e42&id=%E6%B1%9F%E8%8B%8F%E5%BD%B1%E8%A7%86%E9%A2%91%E9%81%93&type=yy
江苏影视,http://gslbmgsplive.miguvideo.com/wd_r2/jstv/jsyingshi/600/index.m3u8?msisdn=2025090309003105f41cc73cf04c92833c2265c0140111&mdspid=&spid=699067&netType=0&sid=5500260517&pid=2028597139&timestamp=20250903090031&Channel_ID=0116_2600037000-99000-200300220100002&ProgramID=626064697&ParentNodeID=-99&assertID=5500260517&client_ip=106.13.250.83&SecurityKey=20250903090031&promotionId=&mvid=5100186424&mcid=500020&playurlVersion=WX-A1-8.8.1-RELEASE&userid=&jmhm=&videocodec=h264&bean=mgspad&tid=android&conFee=0&puData=6814112e9248d0d7b2bc482bd82b9897&ddCalcu=7698v81a94wb1a2182deb9228448cdb02db7&sv=10004&ct=android
江苏影视,https://mgtv.ottiptv.cc/migu/626064697.m3u8?migutoken=6508bc5fae9f621ed6ec72d39eb7f60ab52c4b412a5ee7f5b612640ecccbde1f9584f0a97aebc090cb58f73e9e079ced87b059526a6614b5a9ad5a23ff4863d36adcc1ed699583e058fac3330e
江苏教育,https://stream1.freetv.fun/7174b4fd66ddb2a7456b7040105dc27a1e57c166593870bb773cb5f6b4546c54.ctv
江苏教育,http://z.b.bkpcp.top/m.php?id=jsjy
江苏教育,http://goo.bkpcp.top/mg/jsjy
江苏教育,https://migu.188766.xyz/?migutoken=bfd96895aa8e3e9aa47561510518c058&id=%E6%B1%9F%E8%8B%8F%E6%95%99%E8%82%B2&type=yy
江苏教育,http://gslbmgsplive.miguvideo.com/wd_r2/jstv/jsjiaoyu/600/index.m3u8?msisdn=20250903090031d7e536b9e78c4a42b0841922e44a4a36&mdspid=&spid=699067&netType=0&sid=5500287493&pid=2028597139&timestamp=20250903090031&Channel_ID=0116_2600037000-99000-200300220100002&ProgramID=628008321&ParentNodeID=-99&assertID=5500287493&client_ip=106.13.250.83&SecurityKey=20250903090031&promotionId=&mvid=5101012819&mcid=500020&playurlVersion=WX-A1-8.8.1-RELEASE&userid=&jmhm=&videocodec=h264&bean=mgspad&tid=android&conFee=0&puData=d3e3bd992ebf554d360ba9b83b9b179d&ddCalcu=dd93v7ea13bbba9db93982be9bafb505643d&sv=10004&ct=android
沭阳综合,http://shuyang-tv-hls.cm.jstv.com/shuyang-tv/shuyangzh.m3u8
泗阳资讯,http://43.251.226.89:8080/play/530.m3u8
泰州一套新闻综合,https://stream1.freetv.fun/tai-zhou-yi-tao-xin-wen-zong-he-4.m3u8
涟水电视台综合,rtmp://lianshui-tv-hls.cm.jstv.com/lianshui-tv/lsxw
涟水电视台综合,https://lianshui-tv-hls.cm.jstv.com:443/lianshui-tv/lsxw.m3u8
涟水电视台综合,http://lianshui-tv-hls.cm.jstv.com/lianshui-tv/lsxw.m3u8?zjiangsd
涟水电视台综合,http://live1.habctv.com/ggpdsl/sd/live.m3u8?zjiangsd
涟水电视台综合,http://live1.habctv.com/ggpdsl/sd/live.m3u8
涟水综合,http://lianshui-tv-hls.cm.jstv.com/lianshui-tv/lsxw.m3u8
淮阴综合,https://huaiyin-tv-replay.cm.jstv.com/huaiyin-tv/huaiyinf.m3u8
睢宁三农,http://iptv.666230.xyz/iptv/jsyd.php/xzsnsn
睢宁综合,http://iptv.666230.xyz/iptv/jsyd.php/xzsnzh
睢宁资讯,http://iptv.666230.xyz/iptv/jsyd.php/xzsnzx
连云港公共,http://iptv.666230.xyz/iptv/jsyd.php/jslyggonggongpd
连云港新闻综合,http://z.b.bkpcp.top/m.php?id=lygxwzh
连云港新闻综合,https://migu.188766.xyz/?migutoken=1b0d5ada0a7a68f9bc0ad66f4464a69d&id=%E8%BF%9E%E4%BA%91%E6%B8%AF%E6%96%B0%E9%97%BB%E7%BB%BC%E5%90%88&type=yy
连云港新闻综合,https://stream1.freetv.fun/lian-yun-gang-xin-wen-zong-he-3.ctv
连云港新闻综合,http://gslbmgsplive.miguvideo.com/wd_r2/jstv/lygxinwenzonghe/600/index.m3u8?msisdn=20250903090032646047095bc64a1c968e703401c7fec1&mdspid=&spid=699067&netType=0&sid=5500469369&pid=2028597139&timestamp=20250903090032&Channel_ID=0116_2600037000-99000-200300220100002&ProgramID=639731715&ParentNodeID=-99&assertID=5500469369&client_ip=106.13.250.83&SecurityKey=20250903090032&promotionId=&mvid=5102012621&mcid=500020&playurlVersion=WX-A1-8.8.1-RELEASE&userid=&jmhm=&videocodec=h264&bean=mgspad&tid=android&conFee=0&puData=c19beb3ac61dd99e40036c371af55211&ddCalcu=1c11v29a5bx5eafba31a7c36c16d3d09094e&sv=10004&ct=android
连云港新闻综合,https://mgtv.ottiptv.cc/migu/639731715.m3u8?migutoken=70f90182e47785fca234628a083c2a775b48319c0603f2641b5a891ba90b43816e51fb1b07cad8793011132425ebbc0f1568b3bc433d2f04e40344c5fe163be8bf6490e14ab6b96b4419f3f134
镇江二套社会民生,http://zjtv-wshls.homecdn.com/live/2aa16.m3u8
镇江新闻综合,http://gslbmgsplive.miguvideo.com/migu/kailu/zjxwzh/50/20251127/index.m3u8?msisdn=20251206080345c6b198548f7a4137bc34f4fc1877f2c2&mdspid=&spid=699067&netType=0&sid=5500469365&pid=2028597139&timestamp=20251206080345&Channel_ID=0116_2600037000-99000-200300220100002&ProgramID=639731783&ParentNodeID=-99&assertID=5500469365&client_ip=218.28.233.106&SecurityKey=20251206080345&promotionId=&mvid=5102012619&mcid=500020&playurlVersion=WX-A1-8.11.2-RELEASE&userid=&jmhm=&videocodec=h264&appCode=miguvideo_android&bean=mgspad&tid=android&conFee=0&puData=5d35d17d8948be41fe9df1c12a69cc94&ddCalcu=459dvc3ac5x9da61a72d18c914f8db9ee4f1&sv=10004&ct=android
镇江新闻综合,http://gslbmgsplive.miguvideo.com/migu/kailu/zjxwzh/50/20251127/index.m3u8?msisdn=202512070804180dc971d1028249d9ba74a7370ff6b1c3&mdspid=&spid=699067&netType=0&sid=5500469365&pid=2028597139&timestamp=20251207080418&Channel_ID=0116_2600037000-99000-200300220100002&ProgramID=639731783&ParentNodeID=-99&assertID=5500469365&client_ip=218.28.233.106&SecurityKey=20251207080418&promotionId=&mvid=5102012619&mcid=500020&playurlVersion=WX-A1-8.11.2-RELEASE&userid=&jmhm=&videocodec=h264&appCode=miguvideo_android&bean=mgspad&tid=android&conFee=0&puData=7b7c75694c990bae0016294382e20c45&ddCalcu=574bvc7a0cx27ae52689344c9929601b0a0e&sv=10004&ct=android
镇江新闻综合,http://gslbmgsplive.miguvideo.com/migu/kailu/zjxwzh/50/20251127/index.m3u8?msisdn=20251208080341313571580fa8460da91165977ac1e06f&mdspid=&spid=699067&netType=0&sid=5500469365&pid=2028597139&timestamp=20251208080341&Channel_ID=0116_2600037000-99000-200300220100002&ProgramID=639731783&ParentNodeID=-99&assertID=5500469365&client_ip=218.28.233.106&SecurityKey=20251208080341&promotionId=&mvid=5102012619&mcid=500020&playurlVersion=WX-A1-8.11.2-RELEASE&userid=&jmhm=&videocodec=h264&appCode=miguvideo_android&bean=mgspad&tid=android&conFee=0&puData=2c7a0ae2fd26eca75203005af08c49b5&ddCalcu=52bcv97a4axc0a8a0ef2af5d02063e0c2a57&sv=10004&ct=android
镇江新闻综合,http://gslbmgsplive.miguvideo.com/migu/kailu/zjxwzh/50/20251127/index.m3u8?msisdn=202512090804173580256011aa4d078a2137bc1a9d5136&mdspid=&spid=699067&netType=0&sid=5500469365&pid=2028597139&timestamp=20251209080417&Channel_ID=0116_2600037000-99000-200300220100002&ProgramID=639731783&ParentNodeID=-99&assertID=5500469365&client_ip=218.28.233.106&SecurityKey=20251209080417&promotionId=&mvid=5102012619&mcid=500020&playurlVersion=WX-A1-8.11.2-RELEASE&userid=&jmhm=&videocodec=h264&appCode=miguvideo_android&bean=mgspad&tid=android&conFee=0&puData=f6e47246808c5e75188d4c264e6ec6a4&ddCalcu=4fa6v6eac4xe7a62e4466820c84cd58e8715&sv=10004&ct=android
镇江新闻综合,http://gslbmgsplive.miguvideo.com/migu/kailu/zjxwzh/50/20251127/index.m3u8?msisdn=20251210080338fedb59e067a84538b38a89a13b30f943&mdspid=&spid=699067&netType=0&sid=5500469365&pid=2028597139&timestamp=20251210080338&Channel_ID=0116_2600037000-99000-200300220100002&ProgramID=639731783&ParentNodeID=-99&assertID=5500469365&client_ip=218.28.233.106&SecurityKey=20251210080338&promotionId=&mvid=5102012619&mcid=500020&playurlVersion=WX-A1-8.11.2-RELEASE&userid=&jmhm=&videocodec=h264&appCode=miguvideo_android&bean=mgspad&tid=android&conFee=0&puData=c898ea8575b0bdd86e9726753a6ba64c&ddCalcu=cc48v69aa8xbea6aa83557756b207b9ded68&sv=10004&ct=android
长沙新闻,http://ls.qingting.fm/live/4877.m3u8
娄底综合,http://iptv.666230.xyz/iptv/hnyx.php/ldxw
武汉文体,http://www.hiliu.myds.me:18088/rtp/239.69.1.147:10518
田东综合,http://pulls.myun.tv/live/0dkp33j5.m3u8
广西新闻,http://38.75.136.137:98/gslb/dsdqpub/gxxw.m3u8?auth=testpub
广西新闻,http://63.141.230.178:82/gslb/zbdq5.m3u8?id=gxxw
广西新闻,http://198.204.228.26/live/gxxw.m3u8
广西新闻,http://192.151.150.154/live/gxxw.m3u8
广西新闻,http://107.150.60.122/live/gxxw.m3u8
广西国际,http://63.141.230.178:82/gslb/zbdq5.m3u8?id=gxgj
广西国际,http://198.204.228.26/live/gxgj.m3u8
广西国际,http://192.151.150.154/live/gxgj.m3u8
广西国际,http://107.150.60.122/live/gxgj.m3u8
广西国际,http://38.75.136.137:98/gslb/dsdqpub/gxgj.m3u8?auth=testpub
南宁影视娱乐,http://hls.nntv.cn/nnlive/YSYL_244.m3u8
松潘新闻综合,http://live.spccmc.com:90/live/spxwzh.m3u8?%E5%85%B3%E6%B3%A8%E5%BE%AE%E4%BF%A1%E5%85%AC%E4%BC%97%E5%8F%B7[%E6%99%B4%E5%9B%AD]
沐川综合,http://file.ysxtv.cn/cms/videos/nmip-media/channellive/channel4/playlist.m3u8?zsicd
甘孜综合,https://m3u8channel.ganzitv.com/nmip-media/channellive/channel1/playlist.m3u8
石棉综合,http://live.hyxrmt.com:85/live/xwpd.m3u8
营山电视,http://file.ysxtv.cn/cms/videos/nmip-media/channellive/channel4/playlist.m3u8
云霄综合,http://live.zzyxxw.com:85/live/xwzh.m3u8?fujian
福建公共,https://live.264788.xyz/channel/fujianxiangcungonggong?streamid=1cf7fc3a8f6d160c33b43c2f9507a0cc&livekey=01WgOR41rriMmMkzNsd0UoaxJRwetZdxIvtVk
福建旅游,https://live.264788.xyz/channel/fujianlvyou?streamid=221239fcf3c7edb274f2f0760fe47f96&livekey=01WgOR41rriMmMkzNsd0UoaxJRwetZdxIvtVk
福建经视,https://stream1.freetv.fun/fu-jian-jing-ji-4.m3u8
福建经视,https://stream1.freetv.fun/fu-jian-jing-ji-1.m3u8
福建经视,https://stream1.freetv.fun/fu-jian-jing-ji-2.m3u8
福建经视,https://stream1.freetv.fun/fu-jian-jing-ji-5.m3u8
福建经视,https://stream1.freetv.fun/fu-jian-jing-ji-6.m3u8
临颍综合,http://tvpull.dxhmt.cn:9081/tv/11122-1.m3u8?%E5%85%B3%E6%B3%A8%E5%BE%AE%E4%BF%A1%E5%85%AC%E4%BC%97%E5%8F%B7[%E6%99%B4%E5%9B%AD]
义马新闻综合,http://tvpull.dxhmt.cn:9081/tv/11281-1.m3u8?%E5%85%B3%E6%B3%A8%E5%BE%AE%E4%BF%A1%E5%85%AC%E4%BC%97%E5%8F%B7[%E6%99%B4%E5%9B%AD]
义马新闻综合,http://tvpull.dxhmt.cn:9081/tv/11281-1.m3u8
光山综合,http://tvpull.dxhmt.cn:9081/tv/11522-1.m3u8?%E5%85%B3%E6%B3%A8%E5%BE%AE%E4%BF%A1%E5%85%AC%E4%BC%97%E5%8F%B7[%E6%99%B4%E5%9B%AD]
光山综合,http://tvpull.dxhmt.cn:9081/tv/11522-1.m3u8
兰考新闻,http://tvpull.dxhmt.cn:9081/tv/10225-1.m3u8?%E5%85%B3%E6%B3%A8%E5%BE%AE%E4%BF%A1%E5%85%AC%E4%BC%97%E5%8F%B7[%E6%99%B4%E5%9B%AD]
兰考新闻,http://tvpull.dxhmt.cn:9081/tv/10225-1.m3u8
兰考新闻,http://tvpull.dxhmt.cn:9081/tv/10225-1.m3u8
卫辉综合,http://tvpull.dxhmt.cn:9081/tv/10781-1.m3u8?%E5%85%B3%E6%B3%A8%E5%BE%AE%E4%BF%A1%E5%85%AC%E4%BC%97%E5%8F%B7[%E6%99%B4%E5%9B%AD]
卫辉综合,http://iptv.cdn.ha.chinamobile.com/PLTV/88888888/224/3221226538/index.m3u8
卫辉综合,http://tvpull.dxhmt.cn:9081/tv/10781-1.m3u8
卫辉综合,http://tvpull.dxhmt.cn:9081/tv/10781-1.m3u8?zhend
叶县,http://tvpull.dxhmt.cn:9081/tv/10422-1.m3u8
唐河一套,http://tvpull.dxhmt.cn:9081/tv/11328-1.m3u8?zhend
唐河一套,http://tvpull.dxhmt.cn:9081/tv/11328-1.m3u8
固始综合,http://tvpull.dxhmt.cn:9081/tv/11525-1.m3u8?%E5%85%B3%E6%B3%A8%E5%BE%AE%E4%BF%A1%E5%85%AC%E4%BC%97%E5%8F%B7[%E6%99%B4%E5%9B%AD]
固始综合,http://tvpull.dxhmt.cn:9081/tv/11525-1.m3u8
宝丰综合,http://tvpull.dxhmt.cn:9081/tv/10421-1.m3u8?%E5%85%B3%E6%B3%A8%E5%BE%AE%E4%BF%A1%E5%85%AC%E4%BC%97%E5%8F%B7[%E6%99%B4%E5%9B%AD]
宝丰综合,http://tvpull.dxhmt.cn:9081/tv/10421-1.m3u8
宝丰综合,http://tvpull.dxhmt.cn:9081/tv/10421-1.m3u8?zhend
巩义新闻综合,http://tvpull.dxhmt.cn:9081/tv/10181-1.m3u8?zhend
巩义新闻综合,http://tvpull.dxhmt.cn:9081/tv/10181-1.m3u8?zhend
巩义新闻综合,http://tvpull.dxhmt.cn:9081/tv/10181-1.m3u8
扶沟综合,http://tvpull.dxhmt.cn:9081/tv/11621-1.m3u8?%E5%85%B3%E6%B3%A8%E5%BE%AE%E4%BF%A1%E5%85%AC%E4%BC%97%E5%8F%B7[%E6%99%B4%E5%9B%AD]
扶沟综合,http://tvpull.dxhmt.cn:9081/tv/11621-1.m3u8?zhend
扶沟综合,http://tvpull.dxhmt.cn:9081/tv/11621-1.m3u8
新乡县电视,http://tvpull.dxhmt.cn:9081/tv/10721-1.m3u8?%E5%85%B3%E6%B3%A8%E5%BE%AE%E4%BF%A1%E5%85%AC%E4%BC%97%E5%8F%B7[%E6%99%B4%E5%9B%AD]
新县综合,http://tvpull.dxhmt.cn:9081/tv/11523-1.m3u8?%E5%85%B3%E6%B3%A8%E5%BE%AE%E4%BF%A1%E5%85%AC%E4%BC%97%E5%8F%B7[%E6%99%B4%E5%9B%AD]
新县综合,http://tvpull.dxhmt.cn:9081/tv/11523-1.m3u8
新蔡综合,http://tvpull.dxhmt.cn:9081/tv/11729-1.m3u8?%E5%85%B3%E6%B3%A8%E5%BE%AE%E4%BF%A1%E5%85%AC%E4%BC%97%E5%8F%B7[%E6%99%B4%E5%9B%AD]
新蔡综合,http://tvpull.dxhmt.cn:9081/tv/11729-1.m3u8
新蔡综合,http://tvpull.dxhmt.cn:9081/tv/11729-1.m3u8?zhend
泌阳新闻综合,http://tvpull.dxhmt.cn:9081/tv/11726-1.m3u8?%E5%85%B3%E6%B3%A8%E5%BE%AE%E4%BF%A1%E5%85%AC%E4%BC%97%E5%8F%B7[%E6%99%B4%E5%9B%AD]
泌阳新闻综合,https://stream1.freetv.fun/mi-yang-xin-wen-zong-he-2.m3u8
泌阳新闻综合,http://tvpull.dxhmt.cn:9081/tv/11726-1.m3u8
淅川电视,http://iptv.cdn.ha.chinamobile.com/PLTV/88888888/224/3221226631/index.m3u8
渑池新闻综合,http://tvpull.dxhmt.cn:9081/tv/11221-1.m3u8?%E5%85%B3%E6%B3%A8%E5%BE%AE%E4%BF%A1%E5%85%AC%E4%BC%97%E5%8F%B7[%E6%99%B4%E5%9B%AD]
渑池新闻综合,http://tvpull.dxhmt.cn:9081/tv/11221-1.m3u8
温县综合,http://tvpull.dxhmt.cn:9081/tv/10825-1.m3u8?zhend
温县综合,http://tvpull.dxhmt.cn:9081/tv/10825-1.m3u8?zhend
温县综合,http://tvpull.dxhmt.cn:9081/tv/10825-1.m3u8
潢川综合,http://tvpull.dxhmt.cn:9081/tv/11526-1.m3u8?%E5%85%B3%E6%B3%A8%E5%BE%AE%E4%BF%A1%E5%85%AC%E4%BC%97%E5%8F%B7[%E6%99%B4%E5%9B%AD]
潢川综合,http://tvpull.dxhmt.cn:9081/tv/11526-1.m3u8
焦作综合,http://iptv.cdn.ha.chinamobile.com/PLTV/88888888/224/3221226604/index.m3u8
登封综合,http://tvpull.dxhmt.cn:9081/tv/10185-1.m3u8?%E5%85%B3%E6%B3%A8%E5%BE%AE%E4%BF%A1%E5%85%AC%E4%BC%97%E5%8F%B7[%E6%99%B4%E5%9B%AD]
登封综合,http://iptv.cdn.ha.chinamobile.com/PLTV/88888888/224/3221226661/index.m3u8
登封综合,http://tvpull.dxhmt.cn:9081/tv/10185-1.m3u8
西华综合,http://tvpull.dxhmt.cn:9081/tv/11622-1.m3u8?%E5%85%B3%E6%B3%A8%E5%BE%AE%E4%BF%A1%E5%85%AC%E4%BC%97%E5%8F%B7[%E6%99%B4%E5%9B%AD]
西华综合,http://tvpull.dxhmt.cn:9081/tv/11622-1.m3u8
西华综合,http://tvpull.dxhmt.cn:9081/tv/11622-1.m3u8?zhend
郏县综合,http://tvpull.dxhmt.cn:9081/tv/10425-1.m3u8?%E5%85%B3%E6%B3%A8%E5%BE%AE%E4%BF%A1%E5%85%AC%E4%BC%97%E5%8F%B7[%E6%99%B4%E5%9B%AD]
郏县综合,http://tvpull.dxhmt.cn:9081/tv/10425-1.m3u8?zhend
郏县综合,http://tvpull.dxhmt.cn:9081/tv/10425-1.m3u8
郸城新闻综合,http://tvpull.dxhmt.cn:9081/tv/11625-1.m3u8?wsSecret=df15530a0abec41b14bca00fc96270d1&wsTime=1654956569
郸城新闻综合,https://stream1.freetv.fun/dan-cheng-xin-wen-zong-he-1.m3u8
郸城新闻综合,http://tvpull.dxhmt.cn:9081/tv/11625-1.m3u8
郸城新闻综合,https://stream1.freetv.fun/dan-cheng-xin-wen-zong-he-4.m3u8
郸城新闻综合,https://t.freetv.fun/live/dan-cheng-xin-wen-zong-he.m3u8
鄢陵综合,http://tvpull.dxhmt.cn:9081/tv/11024-1.m3u8?%E5%85%B3%E6%B3%A8%E5%BE%AE%E4%BF%A1%E5%85%AC%E4%BC%97%E5%8F%B7[%E6%99%B4%E5%9B%AD]
鄢陵综合,http://tvpull.dxhmt.cn:9081/tv/11024-1.m3u8
项城新闻,http://tvpull.dxhmt.cn:9081/tv/11681-1.m3u8
鹤壁综合,http://iptv.cdn.ha.chinamobile.com/PLTV/88888888/224/3221226563/index.m3u8
许昌公共,http://iptv.cdn.ha.chinamobile.com/PLTV/88888888/224/3221226695/index.m3u8
焦作教育,http://iptv.cdn.ha.chinamobile.com/PLTV/88888888/224/3221226648/index.m3u8
焦作公共,http://iptv.cdn.ha.chinamobile.com/PLTV/88888888/224/3221226616/index.m3u8
濮阳公共,http://iptv.cdn.ha.chinamobile.com/PLTV/88888888/224/3221226664/index.m3u8
洛阳综合,https://wshlslive.migucloud.com/live/6AL7GTQX_C0/playlist.m3u8
洛阳综合,http://iptv.cdn.ha.chinamobile.com/PLTV/88888888/224/3221226542/index.m3u8
洛阳科教,https://wshlslive.migucloud.com/live/RJ0EYBCZ_C0/playlist.m3u8
洛阳科教,http://iptv.cdn.ha.chinamobile.com/PLTV/88888888/224/3221226554/index.m3u8
洛阳科教,http://devlivepull.migucloud.com/live/A2HVH5BQ_C0.flv
洛阳文旅,https://wshlslive.migucloud.com/live/CVN934JS_C0/playlist.m3u8
洛阳文旅,http://devlivepull.migucloud.com/live/Q081CD54_C0.flv
新野综合,http://tvpull.dxhmt.cn:9081/tv/11329-1.m3u8?zhend
新野综合,http://tvpull.dxhmt.cn:9081/tv/11329-1.m3u8?zhend
新野综合,http://tvpull.dxhmt.cn:9081/tv/11329-1.m3u8
开封文化旅游,http://tvpull.dxhmt.cn:9081/tv/10200-3.m3u8?zhend
宜阳综合,http://tvpull.dxhmt.cn:9081/tv/10327-1.m3u8?wsSecret=df15530a0abec41b14bca00fc96270d1&wsTime=1654956569
宜阳综合,http://tvpull.dxhmt.cn:9081/tv/10327-1.m3u8
宜阳综合,http://iptv.cdn.ha.chinamobile.com/PLTV/88888888/224/3221227059/index.m3u8
宜阳综合,http://tvpull.dxhmt.cn:9081/tv/10327-1.m3u8?zhend
内黄综合,http://tvpull.dxhmt.cn:9081/tv/10527-1.m3u8?wsSecret=df15530a0abec41b14bca00fc96270d1&wsTime=1654956569
内黄综合,http://tvpull.dxhmt.cn:9081/tv/10527-1.m3u8?zhend
内黄综合,http://tvpull.dxhmt.cn:9081/tv/10527-1.m3u8
偃师新闻,http://tvpull.dxhmt.cn:9081/tv/10381-1.m3u8?wsSecret=df15530a0abec41b14bca00fc96270d1&wsTime=1654956569
偃师新闻,http://tvpull.dxhmt.cn:9081/tv/10381-1.m3u8
邯郸科教,https://jwcdnqx.hebyun.com.cn/live/hdkj/1500k/tzwj_video.m3u8
衡水公共,http://ls.qingting.fm/live/2810.m3u8
滦平新闻,http://jwplay.hebyun.com.cn/live/LPTV001/1500k/tzwj_video.m3u8
昌黎综合,https://jwcdnqx.hebyun.com.cn/live/clzhpd/1500k/tzwj_video.m3u8
昌黎综合,https://jwcdnqx.hebyun.com.cn/zb/clzhpd/1500k/tzwj_video.m3u8
任丘文娱,https://jwcdnqx.hebyun.com.cn/live/rqtv2/1500k/tzwj_video.m3u8
任丘文娱,https://jwcdnqx.hebyun.com.cn/zb/rqtv2/1500k/tzwj_video.m3u8
任丘综合,https://jwcdnqx.hebyun.com.cn/live/rqtv1/1500k/tzwj_video.m3u8
任丘综合,https://jwcdnqx.hebyun.com.cn/zb/rqtv1/1500k/tzwj_video.m3u8
兴隆综合,https://jwcdnqx.hebyun.com.cn/live/xlzh/1500k/tzwj_video.m3u8
兴隆综合,https://jwcdnqx.hebyun.com.cn/zb/xlzh/1500k/tzwj_video.m3u8
平泉影视,https://jwcdnqx.hebyun.com.cn/zb/pqys/1500k/tzwj_video.m3u8
平泉综合,https://jwcdnqx.hebyun.com.cn/live/pqzh/1500k/tzwj_video.m3u8
清河新闻综合,https://jwcdnqx.hebyun.com.cn/live/qinghe/1500k/tzwj_video.m3u8
清河新闻综合,https://jwcdnqx.hebyun.com.cn/zb/qinghe/1500k/tzwj_video.m3u8
清河经济综艺,https://jwcdnqx.hebyun.com.cn/live/qinghe1/1500k/tzwj_video.m3u8
清河经济综艺,https://jwcdnqx.hebyun.com.cn/zb/qinghe1/1500k/tzwj_video.m3u8
济南新闻综合,https://stream1.freetv.fun/ji-nan-zong-he-2.m3u8
安徽国际,https://stream1.freetv.fun/an-hui-guo-ji-16.m3u8
安徽国际,https://www.ahtv.cn/folder9000/folder20193?channelIndex=6
安徽影视,https://stream1.freetv.fun/an-hui-ying-shi-14.m3u8
安徽影视,https://stream1.freetv.fun/an-hui-ying-shi-15.m3u8
安徽影视,https://www.ahtv.cn/folder9000/folder20193?channelIndex=3
安徽影视,https://t.freetv.fun/live/an-hui-ying-shi.m3u8
安徽影视,https://t.freetv.fun/live/an-hui-ying-shi-2.m3u8
安徽导视,https://livehls1.appcoo.com/liveshopping/949E0A98C9D0C311/6D925141BC1F8C28/index.m3u8
滁州市广播电视台 新闻综合,http://live.cztv.cc:85/live/xwpd.m3u8
滁州市广播电视台 公共,http://live.cztv.cc:85/live/ggpd.m3u8
宿州新闻综合,http://live.ahsz.tv/video/s10001-szzh/index.m3u8
宿州新闻综合,https://stream1.freetv.fun/su-zhou-xin-wen-zong-he-1.m3u8
宿州新闻综合,https://stream1.freetv.fun/su-zhou-xin-wen-zong-he-2.m3u8
宿州新闻综合,https://stream1.freetv.fun/su-zhou-xin-wen-zong-he-3.m3u8
亳州新闻,http://zbbf2.ahbztv.com/live/416.m3u8?zanhd
内蒙古经济生活,https://ls.qingting.fm/live/1885/64k.m3u8
通海电视,https://zb-live.ynurl.com/tonghai/3bfe3a9e-48e6-4c1e-8770-1df66447cc6c.m3u8
云南都市,https://hwapi.yntv.net/62hdvf/rjwt14.m3u8
云南娱乐,https://hwapi.yntv.net/62hdvf/q9vs1b.m3u8
西宁生活服务,https://liveout.xntv.tv/a65jur/90p2i1.m3u8?zqinghd
青海都市,http://[2409:8087:1e01:20::3]/PLTV/11/224/3221225749/index.m3u8
青海都市,http://[2409:8087:1e01:20::3]:80/PLTV/11/224/3221225749/index.m3u8
黑龙江新闻,https://ls.qingting.fm/live/4974/64k.m3u8
黑龙江新闻,https://fenghuang.tv12.xyz/66.m3u8
黑龙江新闻,https://stream1.freetv.fun/hei-long-jiang-xin-wen-9.m3u8
齐齐哈尔新闻综合,http://php.jdshipin.com/TVOD/hljyd.php?id=3221226437
齐齐哈尔新闻综合,http://[2409:8087:1a15:10d1::31]/ottrrs.hl.chinamobile.com/PLTV/88888888/224/3221226437/index.m3u8
齐齐哈尔新闻综合,https://stream1.freetv.fun/ipv6-qi-qi-ha-er-xin-wen-zong-he-3.m3u8
双鸭山综合,http://live.qthnews.org.cn:1935/live/live2/800k/tzwj_video.m3u8
七台河民生社教,http://yp.qqqtv.top/1/api.php?id=%E4%B8%83%E5%8F%B0%E6%B2%B3%E6%B0%91%E7%94%9F%E7%A4%BE%E6%95%99&auth=666858
香港卫视,http://cctvtxyh5c.liveplay.myqcloud.com/cstv/xianggangweishi_2/index.m3u8
香港卫视,https://stream1.freetv.fun/5335c88a9a7d8b74173b491f480d4f94e8d3bd596af54478106aa2399e6c7917.ctv
香港卫视,https://stream1.freetv.fun/c751876ae5ceaa0d82b5cf2badc152342aa92a4b45bf504d12ee45966b2fc644.ctv
香港卫视,https://stream1.freetv.fun/5335c88a9a7d8b74173b491f480d4f94e8d3bd596af54478106aa2399e6c7917.m3u8
香港卫视,https://stream1.freetv.fun/ae7eaf28d8610cdc1651ef6a1f7dbb24b49c5a87627d0d881330afaea37a1616.m3u8
纬来育乐,https://hls-gateway.vpstv.net/streams/477081.m3u8
纬来育乐,https://smart.pendy.dpdns.org/Smart.php?id=videolandyule
纬来育乐,https://live.catvod.com/live.php?id=videolandyule
纬来育乐,https://live.catvod.com/live.php?id=videolandmax
Viutv,http://php.jdshipin.com:8880/PLTV/iptv.php?id=viutv
靖天资讯,https://hls-gateway.vpstv.net/streams/476258.m3u8
靖天资讯,https://stream1.freetv.fun/jing-tian-zi-xun-2.ctv
靖天资讯,http://breezy-audrie-zspace-7524863c.koyeb.app/vipsir?token=leifeng&id=4gtv-4gtv065
靖天资讯,https://mao.ffmking888.dpdns.org/?id=6Z2W5aSp6LOH6KiK5Yaw&auth=30234cedf871581989d3c91a3daec1e9f50e024aafcfa2247e7d44d91bb8d02fbc3f571b2d67f9d82642cc1d0f133d89
靖天资讯,https://tmxk.pp.ua/litv.php?token=tmxk&id=4gtv-4gtv065
淘剧场,http://[2409:8087:1:20:20::26]/otttv.bj.chinamobile.com/PLTV/88888888/224/3221226553/1.m3u8?GuardEncType=2&accountinfo=%7E%7EV2.0%7EQaJ92NID2SpQlY6_VJVogg%7E_eNUbgU9sJGUcVVduOMKhafLvQUgE_zlz_7pvDimJNOuQYJeiYEeFWTkFfE86Vq-%2CEND
淘剧场,http://zjzcf.synology.me:35455/bptv/10000100000000050000000003887497.m3u8
淘剧场,http://iptv.666230.xyz/iptv/bjyd.php/6553
淘娱乐,http://[2409:8087:1:20:20::2c]/otttv.bj.chinamobile.com/PLTV/88888888/224/3221226551/1.m3u8?GuardEncType=2&accountinfo=%7E%7EV2.0%7Ex0efg9fpenP8E8lWJUb5Lg%7E_eNUbgU9sJGUcVVduOMKhafLvQUgE_zlz_7pvDimJNNg3bzRax0E9tLmO9xgXVx8%2CEND
淘娱乐,http://zjzcf.synology.me:35455/bptv/10000100000000050000000003887499.m3u8
淘娱乐,http://iptv.666230.xyz/iptv/bjyd.php/6551
NewTV惊悚悬疑,http://[2409:8087:5e00:24::2d]:6610/000000001000/1/1000000004000024282/index.m3u8?channel-id=ystenlive&Contentid=1000000004000024282&livemode=1&stbId=YanG-1989
NewTV惊悚悬疑,http://php.jdshipin.com/TVOD/hnyd.php?id=200000001898/460000089800010077
NewTV惊悚悬疑,http://[2409:8087:1a0b:df::4002]:80/ottrrs.hl.chinamobile.com/TVOD/88888888/224/3221225665/index.m3u8
NewTV惊悚悬疑,http://ottrrs.hl.chinamobile.com/PLTV/88888888/224/3221225665/index.m3u8
NewTV惊悚悬疑,http://[2409:8087:2001:20:2800:0:df6e:eb18]/wh7f454c46tw2482771376_951312812/ott.mobaibox.com/PLTV/3/224/3221227536/index.m3u8
NewTV动作电影,http://php.jdshipin.com/TVOD/hnyd.php?id=200000001898/460000089800010003
NewTV动作电影,http://ott.mobaibox.com/PLTV/3/224/3221227606/index.m3u8
NewTV动作电影,https://iptv.catvod.com/live.php?id=NewTV%E5%8A%A8%E4%BD%9C%E7%94%B5%E5%BD%B1
纬来电影,https://stream1.freetv.fun/wei-lai-dian-ying-1.m3u8
纬来电影,https://hls-gateway.vpstv.net/streams/477063.m3u8
纬来电影,https://smart.pendy.dpdns.org/Smart.php?id=videolandmovie
纬来电影,https://smt.iktv.ddns-ip.net/Smart.php?id=videolandmovie
纬来电影,https://stream1.freetv.fun/wei-lai-dian-ying-3.m3u8
靖天映画,https://hls-gateway.vpstv.net/streams/476302.m3u8
靖天映画,http://breezy-audrie-zspace-7524863c.koyeb.app/vipsir?token=leifeng&id=4gtv-4gtv055
靖天映画,https://4gtv.dxjc.pp.ua/li-4gtv-4gtv055/index.m3u8
靖天映画,https://4gtv.dxjc.pp.ua/4gtv-4gtv055/index.m3u8
靖天映画,https://mao.ffmking888.dpdns.org/?id=6Z2W5aSp5pig55Wr&auth=30234cedf871581989d3c91a3daec1e9f50e024aafcfa2247e7d44d91bb8d02fbc3f571b2d67f9d82642cc1d0f133d89
靖天戏剧,http://serv00.bkpcp.top/litv3.php?id=4gtv-4gtv058
靖天戏剧,https://stream1.freetv.fun/jing-tian-xi-ju-4.ctv
靖天戏剧,http://breezy-audrie-zspace-7524863c.koyeb.app/vipsir?token=leifeng&id=4gtv-4gtv058
靖天戏剧,https://mao.ffmking888.dpdns.org/?id=6Z2W5aSp5oiy5YqH5Yaw&auth=30234cedf871581989d3c91a3daec1e9f50e024aafcfa2247e7d44d91bb8d02fbc3f571b2d67f9d82642cc1d0f133d89
靖天戏剧,https://tmxk.pp.ua/litv.php?token=tmxk&id=4gtv-4gtv058
天映经典,http://php.jdshipin.com:8880/smt.php?id=Celestial2
天映经典,https://stream1.freetv.fun/tian-ying-jing-dian-5.m3u8
天映经典,https://migu.188766.xyz/?migutoken=3637f4ae3861b554c9b368728cc8b391&id=Celestial2&type=dy
天映经典,http://php.jdshipin.com/smt.php?id=Celestial2
天映经典,https://hls-gateway.vpstv.net/streams/709488.m3u8
龙祥电影,https://smt.858.qzz.io/Smart.php?id=lungxiangtime_twn
龙祥电影,https://smt.go-iptv.ggff.net/smart.php?id=lungxiangtime_twn&token=Goiptv
东森洋片,https://stream1.freetv.fun/dong-sen-yang-pian-3.m3u8
东森洋片,https://hls-gateway.vpstv.net/streams/476997.m3u8
东森洋片,https://smt.858.qzz.io/Smart.php?id=ettvwestern
东森洋片,http://php.666230.xyz/smt.php?id=ettvwestern
东森洋片,https://live.catvod.com/live.php?id=ettvwestern
广东体育,http://r.jdshipin.com/LiYdg
广东体育,http://cdn2.163189.xyz/live/gdty/stream.m3u8
广东体育,https://epg.pw/stream/7b470f9fc5c305db0c8622117b7b25ca00eb35ba3e93e865cf0ff9df5c736681.m3u8
广东体育,http://php.jdshipin.com/PLTV/iptv.php?id=gdty
广东体育,http://php.jdshipin.com/TVOD/iptv.php?id=gdty
纬来体育,https://smart.pendy.dpdns.org/Smart.php?id=videolandsport
纬来体育,https://epg.pw/stream/8855a9936e37e608a0ec8a014cce1673dee9c5d68d560da376cc92e5edef2b25.m3u8
纬来体育,https://epg.pw/stream/ab6df63b64d0cc44a1f4f029ed847a26fa54a7aebd455578fb05a63f02c22f4b.m3u8
纬来体育,https://epg.pw/stream/4f18dfe0593db5c686eb64ae8edaf2a9202d4d46bdc9bbde2cee27708e12ea01.m3u8
纬来体育,https://hls-gateway.vpstv.net/streams/477026.m3u8
爱体育,http://php.jdshipin.com:8880/itv6s.php?cid=wasusyt&id=6000000006000290630
爱体育,http://[2409:8087:5e08:24::11]:6610/000000001000/2000000004000000060/index.m3u8
爱体育,http://[2409:8087:5e08:24::17]:6610/000000001000/2000000004000000060/index.m3u8
爱体育,http://[2409:8087:5e08:24::12]:6610/000000001000/2000000004000000000/index.m3u8
爱体育,http://hwltc.tv.cdn.zj.chinamobile.com/PLTV/88888888/224/3221230103/index.m3u8
广州竞赛,https://stream1.freetv.fun/yan-zhou-jing-sai-34.ctv
广州竞赛,https://stream1.freetv.fun/yan-zhou-jing-sai-38.ctv
广州竞赛,https://stream1.freetv.fun/yan-zhou-jing-sai-32.ctv
广州竞赛,https://stream1.freetv.fun/yan-zhou-jing-sai-2.m3u8
广州竞赛,https://stream1.freetv.fun/yan-zhou-jing-sai-33.ctv
山东体育,https://stream1.freetv.fun/shan-dong-ti-yu-8.m3u8
山东体育,https://stream1.freetv.fun/shan-dong-ti-yu-19.m3u8
山东体育,https://stream1.freetv.fun/shan-dong-ti-yu-4.m3u8
山东体育,http://livealone302.iqilu.com/iqilu/typd.m3u8
山东体育,https://stream1.freetv.fun/shan-dong-ti-yu-7.m3u8
天津体育,http://63.141.230.178:82/gslb/zbdq5.m3u8?id=tjtv5
安徽综艺体育,https://live.lalifeier.eu.org/ahtv/ahzyty.m3u8?t=1745774515&key=27009aec794adc785b22478c5aa2ae16
安徽综艺体育,https://live.lalifeier.eu.org/ahtv/ahzyty.m3u8?t=1746292937&key=940b0f98a121c28884c74971efaac4de
安徽综艺体育,https://live.lalifeier.eu.org/ahtv/ahzyty.m3u8?t=1746307365&key=6b104d1fc66c5b34b63d0e19c627e0f9
安徽综艺体育,https://stream1.freetv.fun/an-hui-zong-yi-ti-yu-4.ctv
安徽综艺体育,https://stream1.freetv.fun/an-hui-zong-yi-ti-yu-8.m3u8
睛彩广场舞,http://47.100.209.208:8100/TVOD/3000000020000011523.m3u8?token=8520
睛彩广场舞,http://13937899.xyz:35455/itv/3000000020000011523.m3u8?cdn=FifastbLive
睛彩广场舞,http://zjzcf.synology.me:35455/itv/3000000020000011523.m3u8?cdn=FifastbLive
睛彩广场舞,http://[2409:8087:1a01:df::7005]:80/ottrrs.hl.chinamobile.com/TVOD/88888888/224/3221226472/index.m3u8
睛彩广场舞,http://[2409:8087:1a15:10d1::37]/ottrrs.hl.chinamobile.com/PLTV/88888888/224/3221226472/index.m3u8
JJ斗地主,https://live.iill.top/douyin/685317364746
卡酷动画,https://zby.130519.xyz/PLTV/11/224/3221226019/index.m3u8
卡酷动画,http://[2409:8087:1a15:10d1::33]/ottrrs.hl.chinamobile.com/PLTV/88888888/224/3221225654/index.m3u8
卡酷动画,http://[2409:8087:5e08:25::16]:6610/200000001898/460000089800010081/1.m3u8
卡酷动画,https://migu.188766.xyz/?migutoken=1023983db6b5249e61d4950c1654cd84&id=%E5%8C%97%E4%BA%AC%E5%8D%A1%E9%85%B7%E5%B0%91%E5%84%BF&type=yy
卡酷动画,https://migu.188766.xyz/?migutoken=2c51384549aec8a85219fdc0c475e40b&id=%E5%8C%97%E4%BA%AC%E5%8D%A1%E9%85%B7%E5%B0%91%E5%84%BF&type=yy
动漫秀场,https://zby.130519.xyz/PLTV/11/224/3221225764/index.m3u8
动漫秀场,http://php.jdshipin.com/itv6.php?cid=bestzb&id=5000000011000031113
动漫秀场,https://stream1.freetv.fun/dong-man-xiu-chang-11.m3u8
动漫秀场,https://stream1.freetv.fun/ipv6-dong-man-xiu-chang-11.m3u8
动漫秀场,https://stream1.freetv.fun/dong-man-xiu-chang-9.ctv
爱动漫,http://php.jdshipin.com:8880/itv6s.php?cid=wasusyt&id=6000000006000280630
爱动漫,http://[2409:8087:5e08:24::17]:6610/000000001000/2000000004000000059/index.m3u8
爱动漫,http://[2409:8087:5e08:24::11]:6610/000000001000/2000000004000000059/index.m3u8
爱动漫,http://hwltc.tv.cdn.zj.chinamobile.com/PLTV/88888888/224/3221235628/1/index.m3u8?fmt=ts2hls
炫动卡通,https://zby.130519.xyz/PLTV/11/224/3221226161/index.m3u8
炫动卡通,http://php.jdshipin.com/TVOD/hnyd.php?id=200000001898/460000089800010117
炫动卡通,http://[2409:8087:8:21::18]:6610/otttv.bj.chinamobile.com/PLTV/88888888/224/3221226931/1.m3u8
炫动卡通,https://stream1.freetv.fun/ha-ha-xuan-dong-29.m3u8
炫动卡通,https://stream1.freetv.fun/ha-ha-xuan-dong-8.m3u8
七龙珠,https://live.ottiptv.cc/huya/11601966
七龙珠,https://live.metshop.top/huya/11601966
七龙珠,http://cdn.jdshipin.com:8880/huya.php?id=11601966
火影忍者,http://cdn.jdshipin.com:8880/huya.php?id=29465866
爱电竞,http://php.jdshipin.com:8880/itv6s.php?cid=wasusyt&id=6000000006000230630
风云音乐,https://hls-gateway.vpstv.net/streams/708858.m3u8
风云音乐,http://iptv.666230.xyz/iptv/jsyd.php/G_FENGYUNYY-CQ
风云音乐,http://www.qfly9236.cn:8888/rtp/239.253.92.111:8060
音乐现场,https://satellitepull.cnr.cn/live/wx32nmgyygb/playlist.m3u8
音乐广播,https://tv.iill.top/fm/552&token=7c908a370d95d78e90a9d2ba4007e5185038b0ceac7435ba90e72c77cc035ff6
音乐广播,https://tv.iill.top/fm/552&token=074c3dfc2f95090e006ab15f0d86b1aaef70b389a934b096ad5e6674b5724d0d
音乐广播,https://tv.iill.top/fm/552&token=9214268143febfaf9cbc3e9b7f092a03c3274273c99133a780217564b2ab7896
音乐广播,https://tv.iill.top/fm/552&token=0ba82b0a75c65ff5f1a8198b9de48d0532f0cf804be54dac2eacd7d0dbd56b0a
音乐广播,https://tv.iill.top/fm/552&token=bde1753ec6759720c20ecedff6ec428eed4e2dd71d1433181fa7f50b8724a5bf
西游记,http://173.208.234.146/live/vlxyj.m3u8
西游记,http://222.186.39.21:35466/huya/20985836
水浒传,http://173.208.234.146/live/vlshz.m3u8
闯关东,http://173.208.234.146/live/lbchuangguandong.m3u8
◆◆◆　http://ku9.fr.to/ku9/1768502278.txt
◆◆◆　https://188766.xyz/itv
◆◆◆　https://raw.githubusercontent.com/develop202/migu_video/refs/heads/main/interfaceTXT.txt
更新日期: 2026-8-9 07:25:27,http://hlszymgsplive.miguvideo.com:8080/wd_r2/cctv/cctv1hd/1200/01.m3u8?msisdn=e1257bca675cb8b10a8b39fc676c9add&mdspid=&spid=699004&netType=0&sid=2201057821&pid=2028597139&timestamp=20260809065635&Channel_ID=0116_2600034600-99000-201600010031940&ProgramID=608807420&ParentNodeID=-99&assertID=2201057821&client_ip=36.133.97.113&SecurityKey=20260809065635&promotionId=&mvid=2201057821&mcid=500020&playurlVersion=ZQ-A1-9.8.0-SNAPSHOT&userid=&jmhm=&videocodec=h264&appCode=miguvideo_android&bean=mgspad&tid=android&conFee=0&mtv_session=187881c83bfdc22c05fadc1da011e1a3&sv=10004&ct=android&HlsSubType=1&HlsProfileId=1&nphaid=0&encrypt=eb99b5a443cca2f26c4ea9df57800887
广东民生,http://38.75.136.137:98/gslb/dsdqpub/gdgg.m3u8?auth=testpub
广东影视,https://hlsbkmgsplive.miguvideo.com/wd_r1/2018/nfmedia/nfys/1000/01.m3u8?&HlsSubType=&encrypt=
衡山综合,https://liveplay-srs.voc.com.cn/hls/tv/161_8d2e76.m3u8
龙山综合,https://liveplay-srs.voc.com.cn/hls/tv/146_f067fe.m3u8
平江综合,https://liveplay-srs.voc.com.cn/hls/tv/168_ce2a0c.m3u8
津市综合,https://liveplay-srs.voc.com.cn/hls/tv/187_2abf84.m3u8
花垣综合,https://liveplay-srs.voc.com.cn/hls/tv/134_d590ee.m3u8
临武综合,https://liveplay-srs.voc.com.cn/hls/tv/148_feda2f.m3u8
桂东融媒,https://liveplay-srs.voc.com.cn/hls/tv/174_6ab9f8.m3u8
衡阳县电视,https://liveplay-srs.voc.com.cn/hls/tv/183_554704.m3u8
新化电视,https://liveplay-srs.voc.com.cn/hls/tv/170_49c556.m3u8
桂阳新闻综合,https://liveplay-srs.voc.com.cn/hls/tv/7_7c833e.m3u8
屈原融媒体,https://liveplay-srs.voc.com.cn/hls/tv/167_0d6151.m3u8
新邵新闻综合,https://liveplay-srs.voc.com.cn/hls/tv/171_daca67.m3u8
耒阳电视,https://liveplay-srs.voc.com.cn/hls/tv/27_e9e1e5.m3u8
永兴电视,https://liveplay-srs.voc.com.cn/hls/tv/40_1d0ed0.m3u8
沅江电视,https://liveplay-srs.voc.com.cn/hls/tv/163_2c7011.m3u8
蓝山电视,https://liveplay-srs.voc.com.cn/hls/tv/26_370917.m3u8
芷江综合,https://liveplay-srs.voc.com.cn/hls/tv/20_68acda.m3u8
靖州综合,https://liveplay-srs.voc.com.cn/hls/tv/34_5156ed.m3u8
双峰电视,https://liveplay-srs.voc.com.cn/hls/tv/131_acfb72.m3u8
嘉禾新闻综合,https://liveplay-srs.voc.com.cn/hls/tv/184_e3af1a.m3u8
城步电视,https://liveplay-srs.voc.com.cn/hls/tv/169_b4d7a4.m3u8
衡东电视,https://liveplay-srs.voc.com.cn/hls/tv/180_60f888.m3u8
汝城台,https://liveplay-srs.voc.com.cn/hls/tv/149_40cf24.m3u8
中方台,https://liveplay-srs.voc.com.cn/hls/tv/18_3aa230.m3u8
吉首综合,https://liveplay-srs.voc.com.cn/hls/tv/143_70175b.m3u8
安化综合,https://liveplay-srs.voc.com.cn/hls/tv/204_16cb0f.m3u8
古丈1,https://liveplay-srs.voc.com.cn/hls/tv/144_4efb38.m3u8
浙江钱江都市,http://ali-xwl.cztv.com/live/channel021080Plxw.m3u8
浙江钱江都市,http://ali-xwl.cztv.com/live/channel02720Plxw.m3u8
浙江教科影视,http://ali-xwl.cztv.com/live/channel04720Plxw.m3u8
嵊州综合,http://l.cztvcloud.com/channels/lantian/SXshengzhou1/720p.m3u8
新昌综合,http://l.cztvcloud.com/channels/lantian/SXxinchang1/720p.m3u8
平湖民生休闲,http://l.cztvcloud.com/channels/lantian/SXpinghu2/720p.m3u8
青田电视,http://l.cztvcloud.com/channels/lantian/SXqingtian1/720p.m3u8
余姚新闻综合,http://l.cztvcloud.com/channels/lantian/SXyuyao1/720p.m3u8
萧山生活,http://l.cztvcloud.com/channels/lantian/SXxiaoshan2/720p.m3u8
普陀电视,http://l.cztvcloud.com/channels/lantian/SXputuo1/720p.m3u8
庆元电视,http://l.cztvcloud.com/channels/lantian/SXqingyuan1/720p.m3u8
东阳影视生活,http://l.cztvcloud.com/channels/lantian/SXdongyang1/720p.m3u8
兰溪新闻综合,http://l.cztvcloud.com/channels/lantian/SXlanxi1/720p.m3u8
龙泉电视,http://l.cztvcloud.com/channels/lantian/SXlongquan1/720p.m3u8
南京新闻综合,http://nklive.nbs.cn/hls/d511bc9d-a694-4453-b3a2-4fc842cc97a1/index.m3u8
南京教科,http://nklive.nbs.cn/hls/75b3c462-b831-4de7-a34b-5d3221db2069/index.m3u8
南京文旅纪录,http://nklive.nbs.cn/hls/9b2005c4-046c-422f-ba45-e6adc4f4de07/index.m3u8
南京十八生活,http://nklive.nbs.cn/hls/1173a815-bfdb-4c3c-9f73-89ec37ae7716/index.m3u8
南京少儿,http://nklive.nbs.cn/hls/e0981f3f-1a20-4a59-b8d1-17feb83a4610/index.m3u8
海门教育人文,http://haimen-tv-hls.cm.jstv.com/haimen-tv/haimenjyrw.m3u8
海门经济生活,http://haimen-tv-hls.cm.jstv.com/haimen-tv/haimenjjzh.m3u8
大丰二套,http://dafeng-tv-hls.cm.jstv.com/dafeng-tv/dafenget.m3u8
无锡新闻综合,http://stream.thmz.com/wxtv1/sd/live.m3u8
无锡都市资讯,http://stream.thmz.com/wxtv3/sd/live.m3u8
无锡生活,http://stream.thmz.com/wxtv4/sd/live.m3u8
无锡娱乐,http://stream.thmz.com/wxtv2/sd/live.m3u8
无锡经济,http://stream.thmz.com/wxtv5/sd/live.m3u8
伊春综合,https://masterpull.hljtv.com/live/vQtnS3vX.m3u8
伊春综合,https://rmplive.hljtv.com/live/yichun.m3u8
漠河综合,https://masterpull.hljtv.com/live/rlVvbTZN.m3u8
东宁综合,https://masterpull.hljtv.com/live/UQdxnsw8.m3u8
黑河新闻综合,https://masterpull.hljtv.com/live/iyoENgSP.m3u8
鹤岗综合,https://masterpull.hljtv.com/live/rApKWXbX.m3u8
鹤岗综合,https://rmplive.hljtv.com/live/hegang.m3u8
富锦综合,https://masterpull.hljtv.com/live/wOBN3GqO.m3u8
尚志电视,https://masterpull.hljtv.com/live/EQnKvoc9.m3u8
齐齐哈尔新闻综合,https://masterpull.hljtv.com/live/dUi8b96l.m3u8
齐齐哈尔新闻综合,https://rmplive.hljtv.com/live/qiqihaer.m3u8
勃利综合,https://masterpull.hljtv.com/live/6rx9bifO.m3u8
绥化新闻综合,https://masterpull.hljtv.com/live/v4o2g1hs.m3u8
绥化新闻综合,https://rmplive.hljtv.com/live/suihua.m3u8
安达综合,https://masterpull.hljtv.com/live/FsGxlDZQ.m3u8
海伦市综合,https://masterpull.hljtv.com/live/VFNlgeFO.m3u8
大兴安岭新闻综合,https://masterpull.hljtv.com/live/H2kVyS15.m3u8
大兴安岭新闻综合,https://rmplive.hljtv.com/live/daxinganling.m3u8
崇仁电视,http://play-a2.quklive.com/live/1744277411242065.m3u8
崇仁电视,http://play-a2.quklive.com/live/1744277411242065.flv
万载电视台1,http://play-a2.quklive.com/live/1739162440932308.m3u8
万载电视台1,http://play-a2.quklive.com/live/1739162440932308.flv
广丰电视,https://play-a2.quklive.com/live/1754033359790055.m3u8
广丰电视,https://play-a2.quklive.com/live/1754033359790055.flv
保定1,http://jwcdnqx.hebyun.com.cn/live/jybd/1500k/tzwj_video.m3u8
保定2,http://jwcdnqx.hebyun.com.cn/live/bdxw1/1500k/tzwj_video.m3u8
保定3,http://jwcdnqx.hebyun.com.cn/live/bddst/1500k/tzwj_video.m3u8
邯郸新闻,https://jwcdnqx.hebyun.com.cn/live/hdxwzh/1500k/tzwj_video.m3u8
邯郸公共,https://jwcdnqx.hebyun.com.cn/live/hdgg/1500k/tzwj_video.m3u8
兴隆影视,https://jwcdnqx.hebyun.com.cn/live/xlys/1500k/tzwj_video.m3u8
迁西综合,https://jwcdnqx.hebyun.com.cn/live/qxzhpd/1500k/tzwj_video.m3u8
迁西农业,https://jwcdnqx.hebyun.com.cn/live/qxny/1500k/tzwj_video.m3u8
青县综合,http://jwcdnqx.hebyun.com.cn/live/qxtvlive1/1500k/tzwj_video.m3u8
海峡卫视,https://hlsbkmgsplive.miguvideo.com/migu/kailu/haixiaws/51/20230724/01.m3u8?&HlsSubType=&encrypt=
济源综合,http://tvpull.dxhmt.cn:9081/tv/19001-1.m3u8
伊川综合,http://tvpull.dxhmt.cn:9081/tv/10329-1.m3u8
长垣综合,http://tvpull.dxhmt.cn:9081/tv/10728-1.m3u8
开封文化旅游,http://tvpull.dxhmt.cn:9081/tv/10200-3.m3u8
淇县电视,http://tvpull.dxhmt.cn:9081/tv/10622-1.m3u8
汤阴综合,http://tvpull.dxhmt.cn:9081/tv/10523-1.m3u8
新乡县综合,http://tvpull.dxhmt.cn:9081/tv/10721-1.m3u8
舞钢综合,http://tvpull.dxhmt.cn:9081/tv/10481-1.m3u8
淮滨综合,http://tvpull.dxhmt.cn:9081/tv/11527-1.m3u8
滑县TV2,http://tvpull.dxhmt.cn:9081/tv/10526-2.m3u8
清丰电视,http://tvpull.dxhmt.cn:9081/tv/10922-1.m3u8
通许综合,http://tvpull.dxhmt.cn:9081/tv/10222-1.m3u8
沈丘新闻综合,http://tvpull.dxhmt.cn:9081/tv/11624-1.m3u8
桐柏新闻综合,http://tvpull.dxhmt.cn:9081/tv/11330-1.m3u8
夏邑综合,http://tvpull.dxhmt.cn:9081/tv/11426-1.m3u8
平兴新闻综合,http://tvpull.dxhmt.cn:9081/tv/11723-1.m3u8
上街电视,http://tvpull.dxhmt.cn:9081/tv/10106-1.m3u8
新安新闻综合,http://tvpull.dxhmt.cn:9081/tv/10323-1.m3u8
罗山电视,http://tvpull.dxhmt.cn:9081/tv/11521-1.m3u8
上蔡1,http://tvpull.dxhmt.cn:9081/tv/11722-1.m3u8
荥阳1,http://tvpull.dxhmt.cn:9081/tv/10182-1.m3u8
建安新闻,http://tvpull.dxhmt.cn:9081/tv/11003-1.m3u8
封丘新闻综合,http://tvpull.dxhmt.cn:9081/tv/10727-1.m3u8
林州电视,http://tvpull.dxhmt.cn:9081/tv/10581-1.m3u8
社旗电视,http://tvpull.dxhmt.cn:9081/tv/11327-1.m3u8
镇平新闻综合,http://tvpull.dxhmt.cn:9081/tv/11324-1.m3u8
孟州1,http://tvpull.dxhmt.cn:9081/tv/10883-1.m3u8
浚县电视,http://tvpull.dxhmt.cn:9081/tv/10621-1.m3u8
舞阳新闻综合,http://tvpull.dxhmt.cn:9081/tv/11121-1.m3u8
武陟新闻综合,http://tvpull.dxhmt.cn:9081/tv/10823-1.m3u8
新郑1,http://tvpull.dxhmt.cn:9081/tv/10184-1.m3u8
辉县新闻综合,http://tvpull.dxhmt.cn:9081/tv/10782-1.m3u8
永城新闻,http://tvpull.dxhmt.cn:9081/tv/11481-1.m3u8
杞县新闻综合,http://tvpull.dxhmt.cn:9081/tv/10221-1.m3u8
新密新闻,http://tvpull.dxhmt.cn:9081/tv/10183-2.m3u8
嘉峪关公共,https://play.kankanlive.com/live/1658978141553927.m3u8
张掖新闻,http://play.kankanlive.com/live/1675849013180979.m3u8
张掖新闻,http://play.kankanlive.com/live/1675849013180979.flv
定西文旅生活,http://play.kankanlive.com/live/1675303983674929.m3u8
定西文旅生活,http://play.kankanlive.com/live/1675303983674929.flv
天祝电视,https://play.kankanlive.com/live/1656487214793905.m3u8
泰安综合,http://play.kankanlive.com/live/1680577080200944.m3u8
泰安综合,http://play.kankanlive.com/live/1680577080200944.flv
静宁新闻综合,https://play.kankanlive.com/live/1658194434596952.m3u8
景泰电视,https://play.kankanlive.com/live/1624439143745981.m3u8
西和综合,https://play.kankanlive.com/live/1659926941626981.m3u8
古浪综合,http://play.kankanlive.com/live/1647934328544907.m3u8
古浪综合,http://play.kankanlive.com/live/1647934328544907.flv
永昌电视,https://play.kankanlive.com/live/1652755738635915.m3u8
陇西电视,https://play.kankanlive.com/live/1669881644081970.m3u8
平川电视,http://play.kankanlive.com/live/1658907556249918.m3u8
平川电视,http://play.kankanlive.com/live/1658907556249918.flv
岷县电视,http://play.kankanlive.com/live/1672715401874967.m3u8
岷县电视,http://play.kankanlive.com/live/1672715401874967.flv
庄浪电视,https://play.kankanlive.com/live/1655107221272926.m3u8
金川电视,http://play.kankanlive.com/live/1657360567739997.m3u8
金川电视,http://play.kankanlive.com/live/1657360567739997.flv
安定电视,https://play.kankanlive.com/live/1672881652415978.m3u8
安定电视,http://play.kankanlive.com/live/1672881652415978.flv
靖远电视,https://play.kankanlive.com/live/1658390970673988.m3u8
天祝电视,http://play.kankanlive.com/live/1656487214793905.m3u8
天祝电视,http://play.kankanlive.com/live/1656487214793905.flv
通渭电视,http://play.kankanlive.com/live/1661761962676984.m3u8
通渭电视,http://play.kankanlive.com/live/1661761962676984.flv
秦安电视,https://play.kankanlive.com/live/1680577080200944.m3u8
◆◆◆　https://raw.githubusercontent.com/alenin-zhang/IPTV/refs/heads/main/lenin.txt
◆◆◆　https://raw.githubusercontent.com/kakaxi-1/IPTV/refs/heads/main/ipv4.txt
2026-08-09 06:34:15,http://kakaxi.indevs.in/Disclaimer.mp4
老故事,http://gslbmgsplive.miguvideo.com/migu/kailu/cctvlaogushi/50/20231109/index.m3u8?msisdn=2b9fe4984d2945d1ec4f8462d53150fc&mdspid=&spid=699004&netType=0&sid=5910022002&pid=2028597139&timestamp=20260809062109&Channel_ID=0116_2600034600-99000-201600010010028&ProgramID=884121956&ParentNodeID=-99&assertID=5910022002&client_ip=39.103.182.111&SecurityKey=20260809062109&promotionId=&mvid=5900006372&mcid=500020&playurlVersion=WX-A1-9.8.0-SNAPSHOT&userid=&jmhm=&videocodec=h264&appCode=miguvideo_android&bean=mgspad&tid=android&conFee=0&puData=fb24a052905d47e3276734864d2d647f&ddCalcu=ff7bv42a64ldaa20d5426980453d74677e23&sv=10004&ct=android
老故事,http://182.61.15.84:80/884121956
中学生,http://182.61.15.84:80/708869532
中学生,http://gslbmgsplive.miguvideo.com/migu/kailu/20210415/cctvzhongxuesheng/51/index.m3u8?msisdn=689955a2d0cae1552be36a7475adbe9c&mdspid=&spid=699004&netType=0&sid=5910019355&pid=2028597139&timestamp=20260809062110&Channel_ID=0116_2600034600-99000-201600010010028&ProgramID=708869532&ParentNodeID=-99&assertID=5910019355&client_ip=39.103.182.111&SecurityKey=20260809062110&promotionId=&mvid=5900002149&mcid=500020&playurlVersion=WX-A1-9.8.0-SNAPSHOT&userid=&jmhm=&videocodec=h264&appCode=miguvideo_android&bean=mgspad&tid=android&conFee=0&puData=e4f89b6858e585d0403c629dd79045c8&ddCalcu=8ec4v5fa48z09a9b76d8d5982e65c8350d40&sv=10004&ct=android
发现之旅,http://182.61.15.84:80/624878970
发现之旅,http://gslbmgsplive.miguvideo.com/wd_r3/cnr/faxianzhilv/2000/index.m3u8?msisdn=4b0f4de1b282ad8674573caf5eca0687&mdspid=&spid=699004&netType=0&sid=5500212893&pid=2028597139&timestamp=20260809062110&Channel_ID=0116_2600034600-99000-201600010010028&ProgramID=624878970&ParentNodeID=-99&assertID=5500212893&client_ip=39.103.188.159&SecurityKey=20260809062110&promotionId=&mvid=5100001701&mcid=500020&playurlVersion=WX-A1-9.8.0-SNAPSHOT&userid=&jmhm=&videocodec=h264&appCode=miguvideo_android&bean=mgspad&tid=android&conFee=0&puData=fa322204829ee28d080e21998d426c54&ddCalcu=4f5avc3a62l22a42d0849892192eee02880d&sv=10004&ct=android
中国教育1,http://182.61.15.84:80/923287154
中国教育1,http://gslbmgsplive.miguvideo.com/migu/kailu/cetv1/51/20240709/index.m3u8?msisdn=4cae46543e94d1c0bfda19e256a3dddb&mdspid=&spid=699004&netType=0&sid=5910022150&pid=2028597139&timestamp=20260809062139&Channel_ID=0116_2600034600-99000-201600010010028&ProgramID=923287154&ParentNodeID=-99&assertID=5910022150&client_ip=39.103.188.159&SecurityKey=20260809062139&promotionId=&mvid=5900006636&mcid=500020&playurlVersion=WX-A1-9.8.0-SNAPSHOT&userid=&jmhm=&videocodec=h264&appCode=miguvideo_android&bean=mgspad&tid=android&conFee=0&puData=632493d7054e47cc7705b3330dc2891b&ddCalcu=b613v92a84d29ac3dd07303534be54077c7c&sv=10004&ct=android
中国教育2,http://gslbmgsplive.miguvideo.com/migu/kailu/cetv2/51/20240709/index.m3u8?msisdn=6495453383bdd6d7853f35a60823d520&mdspid=&spid=699004&netType=0&sid=5910022152&pid=2028597139&timestamp=20260809062139&Channel_ID=0116_2600034600-99000-201600010010028&ProgramID=923287211&ParentNodeID=-99&assertID=5910022152&client_ip=39.103.188.159&SecurityKey=20260809062139&promotionId=&mvid=5900006638&mcid=500020&playurlVersion=WX-A1-9.8.0-SNAPSHOT&userid=&jmhm=&videocodec=h264&appCode=miguvideo_android&bean=mgspad&tid=android&conFee=0&puData=6d28e1788f7d083b98c844cbb2a68c34&ddCalcu=463dvc2a88a6eaa127b8b8cf474d80c8839b&sv=10004&ct=android
中国教育2,http://182.61.15.84:80/923287211
中国教育4,http://gslbmgsplive.miguvideo.com/migu/kailu/cetv4/51/20240709/index.m3u8?msisdn=e372fc8233648986b2b1504d7bbf2d53&mdspid=&spid=699004&netType=0&sid=5910022154&pid=2028597139&timestamp=20260809062139&Channel_ID=0116_2600034600-99000-201600010010028&ProgramID=923287339&ParentNodeID=-99&assertID=5910022154&client_ip=39.103.182.111&SecurityKey=20260809062139&promotionId=&mvid=5900006640&mcid=500020&playurlVersion=WX-A1-9.8.0-SNAPSHOT&userid=&jmhm=&videocodec=h264&appCode=miguvideo_android&bean=mgspad&tid=android&conFee=0&puData=27c2cf433ce32215e12352253d87e9fe&ddCalcu=e2f7v9cae2b7ca8fd433532c2e53322211e5&sv=10004&ct=android
中国教育4,http://182.61.15.84:80/923287339
经典香港电影,http://182.61.15.84:80/625703337
经典香港电影,http://gslbmgsplive.miguvideo.com/wd_r2/virtuallive/5100180869/150/index.m3u8?msisdn=1595eaf5a52e6bb84988cece01c9c0c7&mdspid=&spid=800033&netType=0&sid=5500242089&pid=2028597139&timestamp=20260809062133&Channel_ID=0116_2600034600-99000-201600010010028&ProgramID=625703337&ParentNodeID=-99&assertID=5500242089&client_ip=47.92.23.141&SecurityKey=20260809062133&promotionId=&mvid=5100180869&mcid=500020&playurlVersion=WX-A1-9.8.0-SNAPSHOT&userid=&jmhm=&videocodec=h264&appCode=miguvideo_android&bean=mgspad&tid=android&conFee=0&puData=255023359976687640c0c507ceb76aee&ddCalcu=e2e5va5a60b72ab3e3c5790957c606c80746&sv=10004&ct=android
抗战经典影片,http://182.61.15.84:80/617432318
四海钓鱼,http://gslbmgsplive.miguvideo.com/wd_r4/peoplecn/shdiaoyu/1200/index.m3u8?msisdn=ee504dc9a115e982eedd7a9f66e8f536&mdspid=&spid=600697&netType=0&sid=5910022184&pid=2028597139&timestamp=20260809062129&Channel_ID=0116_2600034600-99000-201600010010028&ProgramID=637444975&ParentNodeID=-99&assertID=5910022184&client_ip=39.103.188.159&SecurityKey=20260809062129&promotionId=&mvid=5100132656&mcid=500020&playurlVersion=WX-A1-9.8.0-SNAPSHOT&userid=&jmhm=&videocodec=h264&appCode=miguvideo_android&bean=mgspad&tid=android&conFee=0&puData=d7f5e86b054bdc2cbbd2096f29407265&ddCalcu=5d67v2fa75l0ea48962bf065940b2ddcb2bc&sv=10004&ct=android
四海钓鱼,http://182.61.15.84:80/637444975
中国天气,http://gslbmgsplive.miguvideo.com/migu/kailu/zgtq/51/20251103/index.m3u8?msisdn=57f43cdc73808569ed336ccbe61e14dd&mdspid=&spid=600697&netType=0&sid=5910022296&pid=2028597139&timestamp=20260809062137&Channel_ID=0116_2600034600-99000-201600010010028&ProgramID=959986621&ParentNodeID=-99&assertID=5910022296&client_ip=39.103.182.111&SecurityKey=20260809062137&promotionId=&mvid=5900006772&mcid=500020&playurlVersion=WX-A1-9.8.0-SNAPSHOT&userid=&jmhm=&videocodec=h264&appCode=miguvideo_android&bean=mgspad&tid=android&conFee=0&puData=eef0075d85f97781cb76ee7c64396f14&ddCalcu=4e1evffa60w90a37456dc875efe96777b8c1&sv=10004&ct=android
中国天气,http://182.61.15.84:80/959986621
橙记Orange丶,https://live.ottiptv.cc/douyu/4549169
baby丶贝贝,https://live.ottiptv.cc/douyu/431460
小毅主播e,https://live.ottiptv.cc/douyu/11851549
小毅主播q,https://live.ottiptv.cc/douyu/6906628
奇光主播,https://live.ottiptv.cc/douyu/8009547
奇光主播e,https://live.ottiptv.cc/douyu/11849873
奇光主播q,https://live.ottiptv.cc/douyu/12560807
Poison丶冰冰,https://live.ottiptv.cc/douyu/74374
怡宝妹妹丶,https://live.ottiptv.cc/douyu/434971
Only丶邵氏,https://live.ottiptv.cc/douyu/4246519
米尼影院,https://live.ottiptv.cc/douyu/7642724
苹果Zei甜,https://live.ottiptv.cc/douyu/1174353
苹果Zei妖,https://live.ottiptv.cc/douyu/2793084
网神影厅,https://live.ottiptv.cc/douyu/508118
老高与小茉的死忠粉,https://live.ottiptv.cc/douyu/236461
世界未解之谜M,https://live.ottiptv.cc/douyu/9369468
老烟斗鬼故事,https://live.ottiptv.cc/douyu/2337939
宇宙探索飞船,https://live.ottiptv.cc/douyu/9456028
铁甲影院,https://live.ottiptv.cc/douyu/1274132
龙组队长天昊,https://live.ottiptv.cc/douyu/1487654
奇兮兮悄陌,https://live.ottiptv.cc/douyu/953193
伊太刀刀,https://live.ottiptv.cc/douyu/747764
蓝翔新三国,https://live.ottiptv.cc/douyu/5908256
竹叶的熊猫,https://live.ottiptv.cc/douyu/3870925
懒猫是只喵,https://live.ottiptv.cc/douyu/260322
万事通熊猫,https://live.ottiptv.cc/douyu/7812810
牛叔说电影,https://live.ottiptv.cc/douyu/2758565
白了个痴,https://live.ottiptv.cc/douyu/319576
火龙果讲电影本人,https://live.ottiptv.cc/douyu/2039501
电影迷小雅,https://live.ottiptv.cc/douyu/9639225
怪兽马提尼电影,https://live.ottiptv.cc/douyu/9075333
王坑坑聊电影,https://live.ottiptv.cc/douyu/9402110
刘哔电影,https://live.ottiptv.cc/douyu/2632223
贝爷求生影视,https://live.ottiptv.cc/douyu/9661369
周星驰的直播间,https://live.ottiptv.cc/douyu/8257039
小涛讲电影V,https://live.ottiptv.cc/douyu/8415464
武林萌主唐小姐,https://live.ottiptv.cc/huya/11336726
若芸芸,https://live.ottiptv.cc/huya/31217965
悠悠爱电影,https://live.ottiptv.cc/huya/30611864
涂涂观影团,https://live.ottiptv.cc/huya/30513350
亚、娜,https://live.ottiptv.cc/huya/30581465
影迷心公社,https://live.ottiptv.cc/huya/30522289
7喜先生,https://live.ottiptv.cc/huya/11342421
都爱看,https://live.ottiptv.cc/huya/26058097
古惑仔,https://live.ottiptv.cc/yy/1458015189
港片 喜剧 动作,https://live.ottiptv.cc/yy/1355480591
【周星驰】搞笑电影,https://live.ottiptv.cc/yy/38670875
恐怖电影,https://live.ottiptv.cc/yy/24066336
林正英经典,https://live.ottiptv.cc/yy/1351505899
经典电影重温,https://live.ottiptv.cc/yy/1382793140
鬼片喜剧动作港剧,https://live.ottiptv.cc/yy/1355269576
◆◆◆　https://raw.githubusercontent.com/adminouyang/231006/refs/heads/main/py/TvSources/iptv_speed.txt
海峡卫视,http://38.64.72.148:80/hls/modn/list/4009/playlist.m3u8
海峡卫视,http://38.64.72.148:80/hls/modn/list/4009/chunklist0.m3u8
法治,http://tvcdn.stream3.hndt.com/tv/65be54a9017e1000af59fb4800000000_transios/playlist.m3u8?wsSecret=153d64c68cb173a2e60289ae0749183a&wsTime=1786078872
民生,http://tvcdn.stream3.hndt.com/tv/65bef28a017e10009c49d5f900000000_transios/playlist.m3u8?wsSecret=fe5b7dfebb1b80c80308cbbcd51932df&wsTime=1786078872
CHC家庭影院,http://192.151.150.154/live/chcjt.m3u8
CHC动作电影,http://107.150.60.122/live/chcdz.m3u8
大湾区卫视,http://107.150.60.122/live/nfws.m3u8
CHC动作电影,http://198.204.228.26/live/chcdz.m3u8
CHC家庭影院,http://198.204.228.26/live/chcjt.m3u8
CHC家庭影院,http://107.150.60.122/live/chcjt.m3u8
大湾区卫视,http://198.204.228.26/live/nfws.m3u8
CHC家庭影院,http://38.75.136.137:98/gslb/dsdqpub/chcjt.m3u8?auth=testpub
大湾区卫视,http://38.75.136.137:98/gslb/dsdqpub/nfws.m3u8?auth=testpub
CHC动作电影,http://38.75.136.137:98/gslb/dsdqpub/chcdz.m3u8?auth=testpub
吉林乡村,https://satellitepull.cnr.cn/live/wxjlxcgb/playlist.m3u8
都市,http://tvcdn.stream3.hndt.com/tv/65c3fbc5017e1000fde13faa00000000_transios/playlist.m3u8?wsSecret=81dbde4727e4956af4e93e094af0b579&wsTime=1786078872
大湾区卫视,http://63.141.230.178:82/gslb/zbdq5.m3u8?id=nfws
CHC家庭影院,http://63.141.230.178:82/gslb/zbdq5.m3u8?id=chcjt
Red Bull TV,http://rbmn-live.akamaized.net/hls/live/590964/BoRB-AT/master_6660.m3u8
苏州社会经济,https://live-auth.51kandianshi.com/szgd/csztv2.m3u8
北京新闻,https://satellitepull.cnr.cn/live/wxbjxwgb/playlist.m3u8
音乐欣赏,http://61.221.215.25:8800/hls/49/index.m3u8
渭源新闻,http://play.kankanlive.com/live/1720408280309109.m3u8
武汉一台新闻综合,https://ls.qingting.fm/live/20198/64k.m3u8
西安新闻,http://112.46.105.20:8009/hls/28/index.m3u8
陕西秦腔,http://112.46.105.20:8009/hls/22/index.m3u8
浙江公共新闻,http://ali-m-l.cztv.com/channels/lantian/channel07/1080p.m3u8
浙江数码时代,http://ali-m-l.cztv.com/channels/lantian/channel12/720p.m3u8
凤凰资讯,http://221.7.175.154:8445/tsfile/live/1021_1.m3u8?key=txiptv&playlive=1&authid=0
合肥新闻,http://112.27.235.94:8000/hls/18/index.m3u8
CHC电影,http://183.237.95.108:9901/tsfile/live/1008_1.m3u8?key=txiptv&playlive=0&authid=0
湖州新闻综合,http://hzcm-live.media.hugd.com/3f5fa7d64c7c46a38c6bd8ad35e836cc/65128273761b4731ae53729ea6dcf932.m3u8?auth_key=2277598215-9d21c15111244bea8d298c361d31a72e-0-d031198f58d44b0e91ba2e3f3b188865
武义新闻综合,http://l.cztvcloud.com/channels/lantian/SXwuyi1/720p.m3u8
广西国际,https://hlscdn.liangtv.cn/live/0234c48e0bc24fe1b41b9999a253e581/1075ee38e04f490690f6a36a16e09c79.m3u8
余姚新闻综合,http://l.cztvcloud.com/channels/lantian/SXyuyao1/720p.m3u8?cWlkPSZzPTg3OWMwYmMyZDMzYTFhZGY3NDQxMjgyYTg1MmUzNTY0JmVzPTE3MDY2Nzc4NzMmdXVpZD0yMjdiY2MzNGNiNGY0MThlYjRiY2IxYzcwNmZjODNkMS02NzQ3NDY2NyZ2PTImYXM9MCZjZG5leF9pZD10eF9waG9uZV9saXZl
湖州公共民生,http://hzcm-live.media.hugd.com/1e6b554b9ab74513958c0e1ffe664d22/9acaa7634309494cb29a85eb12136607.m3u8?auth_key=2272900830-9a2389b8bf4e49d580d4ad807423d326-0-ea78a5c7a678c436263582d368f5009e
乐至综合,http://175.155.106.72:89/live1/live1.m3u8?zsicd
乐至综合,http://175.155.106.72:89/live1/live1.m3u8
文成新闻综合,http://l.cztvcloud.com/channels/lantian/SXwencheng1/720p.m3u8
上虞文化影院,http://l.cztvcloud.com/channels/lantian/SXshangyu2/720p.m3u8
余杭综合,http://l.cztvcloud.com/channels/lantian/SXyuhang1/720p.m3u8
湖州文化娱乐,http://hzcm-live.media.hugd.com/613c47f0ab0d4eaa98b21378d0db6ded/0051d31c9dd543a7825eea4e49675b2a.m3u8?auth_key=2277598059-0a5ebfa1c0dc4671b42a60810fc37039-0-fa625b7d1feab612062453c12e3c8887
六安公共,http://ls.qingting.fm/live/1794199.m3u8
陕西公共,http://ls.qingting.fm/live/1222.m3u8
金川新闻综合,http://live.jinchuanrmt.com:90/live/zhxw.m3u8?zsicd
伊犁哈萨克,http://110.153.180.106:55555/out_3/index.m3u8?zxinjd
青川综合,http://qcfile.qcrmt.com/nmip-media/channellive/channel100933/playlist.m3u8
哈尔滨都市咨询,http://stream.hrbtv.net/zxpd/sd/live.m3u8?zheild
绍兴电视台公共,http://live.shaoxing.com.cn/video/s10001-sxtv2/index.m3u8?%E5%85%B3%E6%B3%A8%E5%BE%AE%E4%BF%A1%E5%85%AC%E4%BC%97%E5%8F%B7[%E6%99%B4%E5%9B%AD]
安徽黄山卧云峰,http://gctxyc.liveplay.myqcloud.com/gc/wgw02_1/index.m3u8
西峰综合,https://play.kankanlive.com/live/1683944827526991.m3u8
浙江遂昌,http://l.cztvcloud.com/channels/lantian/SXsuichang1/720p.m3u8
伊犁经济法制,http://110.153.180.106:55555/out_4/index.m3u8
山东生活,http://ls.qingting.fm/live/60260.m3u8
嘉兴新闻综合,http://live.zohi.tv/video/s10001-fztv-1/index.m3u8
浙江新闻,https://ali-m-l.cztv.com/channels/lantian/channel007/1080p.m3u8
浙江经济生活,https://ali-m-l.cztv.com/channels/lantian/channel003/1080p.m3u8
玛纳斯,http://218.84.127.245:1026/hls/main1/playlist.m3u8?zxinjd
三明新闻综合,https://ls.qingting.fm/live/5022100/64k.m3u8
铜陵新闻综合,https://ls.qingting.fm/live/21303/64k.m3u8
萧山综合,http://l.cztvcloud.com/channels/lantian/SXxiaoshan1/720p.m3u8
浙江经视,http://ali-m-l.cztv.com/channels/lantian/channel003/720p.m3u8
伊犁维吾尔,http://110.153.180.106:55555/out_2/index.m3u8
遂昌综合,http://l.cztvcloud.com/channels/lantian/SXsuichang1/720p.m3u8?zzhed
松潘新闻综合,http://live.spccmc.com:90/live/spxwzh.m3u8?zsicd
安顺新闻,https://ls.qingting.fm/live/5022203/64k.m3u8
浙江经济生活,http://ali-m-l.cztv.com/channels/lantian/channel03/1080p.m3u8
六安新闻综合,http://ls.qingting.fm/live/267.m3u8
福建经济,http://satellitepull.cnr.cn/live/wx32fjdnjjgb/playlist.m3u8
河北农民,https://ls.qingting.fm/live/1650/64k.m3u8
上虞新闻综合,http://l.cztvcloud.com/channels/lantian/SXshangyu1/720p.m3u8?zzhed
灌阳新闻综合,https://ls.qingting.fm/live/5043/64k.m3u8
第一财经,http://satellitepull.cnr.cn/live/wx32dycjgb/playlist.m3u8
浙江教育,http://ali-m-l.cztv.com/channels/lantian/channel04/720p.m3u8
张掖新闻综合,https://play.kankanlive.com/live/1720583434627241.m3u8
数码时代,http://ali-m-l.cztv.com/channels/lantian/channel12/720p.m3u8?zzhed
浙江经济,http://ali-m-l.cztv.com/channels/lantian/channel03/720p.m3u8
福建新闻,http://satellitepull.cnr.cn/live/wx32fjxwgb/playlist.m3u8
浙江民生休闲,https://ali-m-l.cztv.com/channels/lantian/channel006/1080p.m3u8
句容党建,http://jrlive.jrntv.com/live/_definst_/dangjians/playlist.m3u8?%E5%85%B3%E6%B3%A8%E5%BE%AE%E4%BF%A1%E5%85%AC%E4%BC%97%E5%8F%B7[%E6%99%B4%E5%9B%AD]
七台河新闻综合,http://live.qthnews.org.cn:1935/live/live1/800k/tzwj_video.m3u8
上海第一财经,https://satellitepull.cnr.cn/live/wx32dycjgb/playlist.m3u8
睛彩中原,https://dxtx.hntv.tv/live/jczy.m3u8?txSecret=e785008e49564e5e738439b4dd2ae68e&txTime=7C4C6207&wsSecret=bcb829df7365d32f58b96c9a78b28a02&wsTime=1786078872
邢台生活,https://jwcdnqx.hebyun.com.cn/live/xtcsshpd/1500k/tzwj_video.m3u8
梨园,https://dxtx.hntv.tv/live/lypd.m3u8?txSecret=10c771842a0be59e8b575d765173ec96&txTime=7B923E0A&wsSecret=41543190cdf375f1c73207222bb96542&wsTime=1769313549
嘉峪关综合,http://play.kankanlive.com/live/1720583434627241.m3u8
句容生活,http://jrlive.jrntv.com/live/_definst_/shenghuos/playlist.m3u8?%E5%85%B3%E6%B3%A8%E5%BE%AE%E4%BF%A1%E5%85%AC%E4%BC%97%E5%8F%B7[%E6%99%B4%E5%9B%AD]
HBO SIGNATURE,https://d1k6kax80wecy5.cloudfront.net/RLnAKY/index.m3u8
汶川新闻综合,http://live.iwcmt.cn:90/live/zhxw.m3u8
邢台综合,https://jwplay.hebyun.com.cn:443/live/xtsrmtzs/1500k/tzwj_video.m3u8
开化新闻综合,http://l.cztvcloud.com/channels/lantian/SXkaihua1/720p.m3u8?zzhed
奎屯汉语,http://218.84.12.186:8001/hls/main/playlist.m3u8?zxinjd
苏州生活资讯,https://live-auth.51kandianshi.com/szgd/csztv5.m3u8
Khushboo Bangla,https://cdn-4.pishow.tv/live/1473/master.m3u8
镇江新闻综合,http://cm-wshls.homecdn.com/live/2aa50.m3u8
黄山新闻综合,http://hslive.hsnewsnet.com/lsdream/hve9Wjs/1000/live.m3u8?zanhd
苏州新闻综合,https://live-auth.51kandianshi.com/szgd/csztv1.m3u8
西安都市,http://112.46.105.20:8009/hls/29/index.m3u8
新昌新闻综合,https://l.cztvcloud.com/channels/lantian/SXxinchang1/720p.m3u8
武进新闻,https://live.wjyanghu.com/live/CH1.m3u8
武术,https://dxtx.hntv.tv/live/wssj.m3u8?txSecret=c38b4d31ba4c45c6babb5c47132123e3&txTime=7ABB976A&wsSecret=5c69c8ef1edfd717dd114887671c3300&wsTime=1786078872
西宁新闻综合,https://liveout.xntv.tv/a65jur/96iln2.m3u8?zqinghd
浙江钱江,http://l.cztvcloud.com/channels/lantian/SXyuyao2/720p.m3u8
云霄综合,https://live.zzyxxw.com:2443/live/xwzh.m3u8
白银综合,http://play.kankanlive.com/live/1720408089419110.m3u8
新疆昌吉州天山天池定海神针,http://gctxyc.liveplay.myqcloud.com/gc/xjtcdhsz_1/index.m3u8
句容影院,http://jrlive.jrntv.com/live/_definst_/yingshis/chunklist_w1994429382.m3u8?zjiangsd
缙云综合,http://l.cztvcloud.com/channels/lantian/SXjinyun1/720p.m3u8?zzhed
余姚综合,http://l.cztvcloud.com/channels/lantian/SXyuyao1/720p.m3u8
可克达拉综合,http://file.loulannews.cn/nmip-media/channellive/channel103824/playlist.m3u8
苏州文化生活,https://live-auth.51kandianshi.com/szgd/csztv3.m3u8
诸暨新闻综合,https://l.cztvcloud.com/channels/lantian/SXzhuji3/720p.m3u8
河南乡村,http://tvcdn.stream3.hndt.com/tv/65b8302b017e100019dc540f00000000_transios/playlist.m3u8?wsSecret=cd8fc1005933b9e3f2529a101d57765d&wsTime=1786078872
公共,http://tvcdn.stream3.hndt.com/tv/65b93894017e10000ae6b07d00000000_transios/playlist.m3u8?wsSecret=14bbddac1f7fc4477daa25579168d085&wsTime=1786078872
易门综合,https://zb-live.ynurl.com/yimen/3b75a2f9-7941-46b7-992d-a9796fbca5fe.m3u8
新闻,http://tvcdn.stream3.hndt.com/tv/65bb6966017e100059b75a8500000000_transios/playlist.m3u8?wsSecret=272565f6640d83cd63c99e20d8e19f8f&wsTime=1786078872
云和新闻综合,http://l.cztvcloud.com/channels/lantian/SXyunhe1/720p.m3u8
海南新闻,http://ls.qingting.fm/live/1861.m3u8
洞头综合,http://l.cztvcloud.com/channels/lantian/SXdongtou1/720p.m3u8
文物宝库,https://dxtx.hntv.tv/live/wwbk.m3u8?txSecret=317b89626134fd6bea6e129455b5ff18&txTime=7C4C635C&wsSecret=fb96189367b4a5c72a3914a72fc22fb1&wsTime=1786078872
电视剧,http://tvcdn.stream3.hndt.com/tv/65bd329b017e1000648cd2ed00000000_transios/playlist.m3u8?wsSecret=6ed95989e11f5324696296be826de8ad&wsTime=1786078872
长白朝语,http://hplayer1.juyun.tv:80/camera/11344136.m3u8
海宁新闻综合,https://p2hs.vzan.com/slowlive/317913155078575177/live.m3u8
黄山公共生活,http://hslive.hsnewsnet.com/lsdream/iY92ady/1000/live.m3u8?zanhd
文成综合,http://l.cztvcloud.com/channels/lantian/SXwencheng1/720p.m3u8?zzhed
汾西综合,https://qmmqvzoz.live.sxmty.com/live/hls/f24f8a390c084386a564074c9260100c/be3fdf07606145739ab2c4b80fe0136a.m3u8?zshanxd
广州综合,https://tencentplay.gztv.com/live/zonghes.m3u8?txSecret=f0147ae6453a80f5989f382368b72aad&txTime=18d00acf487
福州生活,http://live.zohi.tv:80/video/s10001-fztv-3/index.m3u8
陕西银龄,http://112.46.105.20:8009/hls/20/index.m3u8
余姚姚江文化,https://l.cztvcloud.com/channels/lantian/SXyuyao3/720p.m3u8
余杭未来E,http://l.cztvcloud.com/channels/lantian/SXyuhang3/720p.m3u8
广安公共,http://live1.gatv.com.cn:85/live/GGPD_ggpdzm.m3u8
安多卫视,https://liveout.xntv.tv/a65jur/96iln2.m3u8
萧山生活,http://l.cztvcloud.com/channels/lantian/SXxiaoshan2/720p.m3u8?zzhed
武进生活,http://live.wjyanghu.com/live/CH2.m3u8
荥经综合,https://m3u8channel-yj.yunxya.com/nmip-media/channellive/channel101140/playlist.m3u8
庆元新闻综合,http://l.cztvcloud.com/channels/lantian/SXqingyuan1/720p.m3u8?fbl=
荆门新闻综合,https://stream.jmtv.com.cn/xwzh/playlist.m3u8?_upt=3e28e7271664278691
松阳综合,http://l.cztvcloud.com/channels/lantian/SXsongyang1/720p.m3u8
亳州农村,http://zbbf2.ahbztv.com/live/418.m3u8
南宁都市生活,http://615bbf179ba53515dccad7b1da5d1ad9.livehwc3.cn/hls.nntv.cn/nnlive/WLSH_24.m3u8?sub_m3u8=true&edge_slice=true&user_session_id=2598844eaee8a4265e706fc14b3fc11d
井研综合,http://tvfile.jyrmt.cn/nmip-media/channellive/channel104452/playlist.m3u8
东莞新闻综合,https://stream.sun0769.com/dgrtv1/mp4tv1_800/index.m3u8
广德生活,https://live.gdtv.ah.cn/live/newsTV.m3u8
东莞生活资讯,https://stream.sun0769.com/dgrtv1/mp4tv2_800/index.m3u8
新闻综合,https://m3u8channel.yunxya.com/nmip-media/channellive/channel100028/playlist.m3u8
雅安新闻综合,https://play.yunxya.com/channellive/xinwen.m3u8
江津新闻,http://222.179.155.21:1935/ch1.m3u8?zzhongqd
象山综合,http://l.cztvcloud.com/channels/lantian/SXxiangshan1/720p.m3u8?zzhed
靖江新闻综合,http://ls.qingting.fm/live/23797.m3u8
新昌生活,http://l.cztvcloud.com/channels/lantian/SXxinchang2/720p.m3u8
名山综合,https://m3u8channel-bx.yunxya.com/nmip-media/channellive/channel104666/playlist.m3u8
CCTV4欧洲,http://182.61.15.84:80/608807419
CCTV4美洲,http://182.61.15.84:80/608807416
发现之旅,http://hlsztemgsplive.miguvideo.com:8080/wd_r3/cnr/faxianzhilv/1000/index.m3u8?msisdn=20260809040106955c8f25e9af4d309478627a6ecd1b4f&mdspid=&spid=699004&netType=0&sid=5500212893&pid=2028597139&timestamp=20260809040106&Channel_ID=0116_2600000900-99000-201600010010027&ProgramID=624878970&ParentNodeID=-99&assertID=5500212893&client_ip=218.28.233.106&SecurityKey=20260809040106&promotionId=&mvid=5100001701&mcid=500020&playurlVersion=ZQ-A1-9.8.0-SNAPSHOT&userid=&jmhm=&videocodec=h264&appCode=miguvideo_android&bean=mgspad&tid=android&conFee=0&encrypt=d34e5243378e2c5f9728bd8b0d28ab44
中国天气,http://hlsztemgsplive.miguvideo.com:8080/migu/kailu/zgtq/50/20251103/index.m3u8?msisdn=202608090401157c6783f385c94dd0b43dcd01c6962668&mdspid=&spid=600697&netType=0&sid=5910022296&pid=2028597139&timestamp=20260809040115&Channel_ID=0116_2600000900-99000-201600010010027&ProgramID=959986621&ParentNodeID=-99&assertID=5910022296&client_ip=218.28.233.106&SecurityKey=20260809040115&promotionId=&mvid=5900006772&mcid=500020&playurlVersion=ZQ-A1-9.8.0-SNAPSHOT&userid=&jmhm=&videocodec=h264&appCode=miguvideo_android&bean=mgspad&tid=android&conFee=0&encrypt=30d7d39f1ccdd29385766aec65524af3
中学生,http://hlsztemgsplive.miguvideo.com:8080/migu/kailu/20210415/cctvzhongxuesheng/50/index.m3u8?msisdn=2026080904010660bb0eb4ea5c4ad99fd7e8d5e0dae1e6&mdspid=&spid=699004&netType=0&sid=5910019355&pid=2028597139&timestamp=20260809040106&Channel_ID=0116_2600000900-99000-201600010010027&ProgramID=708869532&ParentNodeID=-99&assertID=5910019355&client_ip=218.28.233.106&SecurityKey=20260809040106&promotionId=&mvid=5900002149&mcid=500020&playurlVersion=ZQ-A1-9.8.0-SNAPSHOT&userid=&jmhm=&videocodec=h264&appCode=miguvideo_android&bean=mgspad&tid=android&conFee=0&encrypt=d228dc2e12fb8c6cc0c498473d889d04
CETV1,http://hlsztemgsplive.miguvideo.com:8080/migu/kailu/cetv1/50/20240709/index.m3u8?msisdn=20260809040115a0e313e010e94489b5994abc224dbf77&mdspid=&spid=699004&netType=0&sid=5910022150&pid=2028597139&timestamp=20260809040115&Channel_ID=0116_2600000900-99000-201600010010027&ProgramID=923287154&ParentNodeID=-99&assertID=5910022150&client_ip=218.28.233.106&SecurityKey=20260809040115&promotionId=&mvid=5900006636&mcid=500020&playurlVersion=ZQ-A1-9.8.0-SNAPSHOT&userid=&jmhm=&videocodec=h264&appCode=miguvideo_android&bean=mgspad&tid=android&conFee=0&encrypt=78967850945d1de5a3ff3712e71ac2a1
CETV1,http://120.76.248.139/live/bfgd/4200000135.m3u8
CETV2,http://hlsztemgsplive.miguvideo.com:8080/migu/kailu/cetv2/50/20240709/index.m3u8?msisdn=202608090401165b626d0e58da4fc58d8e108e2f5cbf0f&mdspid=&spid=699004&netType=0&sid=5910022152&pid=2028597139&timestamp=20260809040116&Channel_ID=0116_2600000900-99000-201600010010027&ProgramID=923287211&ParentNodeID=-99&assertID=5910022152&client_ip=218.28.233.106&SecurityKey=20260809040116&promotionId=&mvid=5900006638&mcid=500020&playurlVersion=ZQ-A1-9.8.0-SNAPSHOT&userid=&jmhm=&videocodec=h264&appCode=miguvideo_android&bean=mgspad&tid=android&conFee=0&encrypt=f3dc5a1ff00c7ea5ddb41fe7eaf4838a
CETV2,http://120.76.248.139/live/bfgd/4200000492.m3u8
CETV4,http://hlsztemgsplive.miguvideo.com:8080/migu/kailu/cetv4/50/20240709/index.m3u8?msisdn=2026080904011672cd30b675024991aa871f0bf9de5a04&mdspid=&spid=699004&netType=0&sid=5910022154&pid=2028597139&timestamp=20260809040116&Channel_ID=0116_2600000900-99000-201600010010027&ProgramID=923287339&ParentNodeID=-99&assertID=5910022154&client_ip=218.28.233.106&SecurityKey=20260809040116&promotionId=&mvid=5900006640&mcid=500020&playurlVersion=ZQ-A1-9.8.0-SNAPSHOT&userid=&jmhm=&videocodec=h264&appCode=miguvideo_android&bean=mgspad&tid=android&conFee=0&encrypt=2eeacccca750c63edace617de0182b1d
老故事,http://hlsztemgsplive.miguvideo.com:8080/migu/kailu/cctvlaogushi/50/20231109/index.m3u8?msisdn=202608090401065977ad395a5a4067bb642cb8bfa1539f&mdspid=&spid=699004&netType=0&sid=5910022002&pid=2028597139&timestamp=20260809040106&Channel_ID=0116_2600000900-99000-201600010010027&ProgramID=884121956&ParentNodeID=-99&assertID=5910022002&client_ip=218.28.233.106&SecurityKey=20260809040106&promotionId=&mvid=5900006372&mcid=500020&playurlVersion=ZQ-A1-9.8.0-SNAPSHOT&userid=&jmhm=&videocodec=h264&appCode=miguvideo_android&bean=mgspad&tid=android&conFee=0&encrypt=77df0939db1e428f3bd68d27878727e0
CGTN,http://182.61.15.84:80/609017205
CGTN,http://hlsztemgsplive.miguvideo.com:8080/envivo_x/2018/SD/cctvnews/1000/index.m3u8?msisdn=202608090401061799c800d5d141d5a7b9ad1ff8a6ec68&mdspid=&spid=699004&netType=0&sid=2202196407&pid=2028597139&timestamp=20260809040106&Channel_ID=0116_2600000900-99000-201600010010027&ProgramID=609017205&ParentNodeID=-99&assertID=2202196407&client_ip=218.28.233.106&SecurityKey=20260809040106&promotionId=&mvid=2202196407&mcid=500020&playurlVersion=ZQ-A1-9.8.0-SNAPSHOT&userid=&jmhm=&videocodec=h264&appCode=miguvideo_android&bean=mgspad&tid=android&conFee=0&encrypt=ad9b082fc6d2eb67325f0a25f9067223
CGTN,http://english-livetx.cgtn.com/hls/yypdyyctzb_hd.m3u8
CGTN PYCCHNN,http://182.61.15.84:80/609006446
CGTN PYCCHNN,http://hlsztemgsplive.miguvideo.com:8080/envivo_v/2018/SD/cctv/eyu/1000/index.m3u8?msisdn=202608090401055e038b854e304b9da0c67dc8583c4274&mdspid=&spid=699004&netType=0&sid=2200179332&pid=2028597139&timestamp=20260809040105&Channel_ID=0116_2600000900-99000-201600010010027&ProgramID=609006446&ParentNodeID=-99&assertID=2200179332&client_ip=218.28.233.106&SecurityKey=20260809040105&promotionId=&mvid=2200179332&mcid=500020&playurlVersion=ZQ-A1-9.8.0-SNAPSHOT&userid=&jmhm=&videocodec=h264&appCode=miguvideo_android&bean=mgspad&tid=android&conFee=0&encrypt=344f8e52b67bd781a21b574007c92560
CGTN PYCCHNN,http://russian-livews.cgtn.com/hls/LSvexABhNipibK5KRuUkvHZ7220802LSTeze9o8tdFXMHsb1VosgoT220802cd.m3u8
CGTN FRANCAIS,http://182.61.15.84:80/609006476
CGTN FRANCAIS,http://hlsztemgsplive.miguvideo.com:8080/envivo_v/2018/SD/cctv/fayu/1000/index.m3u8?msisdn=20260809040105cd52e4b9193346f49e5815c5e6b08a30&mdspid=&spid=699004&netType=0&sid=2200179324&pid=2028597139&timestamp=20260809040105&Channel_ID=0116_2600000900-99000-201600010010027&ProgramID=609006476&ParentNodeID=-99&assertID=2200179324&client_ip=218.28.233.106&SecurityKey=20260809040105&promotionId=&mvid=2200179324&mcid=500020&playurlVersion=ZQ-A1-9.8.0-SNAPSHOT&userid=&jmhm=&videocodec=h264&appCode=miguvideo_android&bean=mgspad&tid=android&conFee=0&encrypt=58c7af8cb2f0242199136661c939c90a
CGTN FRANCAIS,http://espanol-liveali.cgtn.com/hls/LSveOGBaBw41Ea7ukkVAUdKQ220802LSTexu6xAuFH8VZNBLE1ZNEa220802cd.m3u8
CGTN ESPANOL,http://182.61.15.84:80/609006450
CGTN ESPANOL,http://hlsztemgsplive.miguvideo.com:8080/envivo_v/2018/SD/cctv/xibanya/1000/index.m3u8?msisdn=20260809040105d4946e744b034339b22b354dcd9c257a&mdspid=&spid=699004&netType=0&sid=2200179337&pid=2028597139&timestamp=20260809040105&Channel_ID=0116_2600000900-99000-201600010010027&ProgramID=609006450&ParentNodeID=-99&assertID=2200179337&client_ip=218.28.233.106&SecurityKey=20260809040105&promotionId=&mvid=2200179337&mcid=500020&playurlVersion=ZQ-A1-9.8.0-SNAPSHOT&userid=&jmhm=&videocodec=h264&appCode=miguvideo_android&bean=mgspad&tid=android&conFee=0&encrypt=6115d146339d4aae44184f22e32b242c
CGTN DOCUMENTARY,http://182.61.15.84:80/609006487
CGTN DOCUMENTARY,http://hlsztemgsplive.miguvideo.com:8080/envivo_v/2018/SD/cctv/doc/1000/index.m3u8?msisdn=202608090401057151cb161aae4a6ea837cfde482d3760&mdspid=&spid=699004&netType=0&sid=2200179356&pid=2028597139&timestamp=20260809040105&Channel_ID=0116_2600000900-99000-201600010010027&ProgramID=609006487&ParentNodeID=-99&assertID=2200179356&client_ip=218.28.233.106&SecurityKey=20260809040105&promotionId=&mvid=2200179356&mcid=500020&playurlVersion=ZQ-A1-9.8.0-SNAPSHOT&userid=&jmhm=&videocodec=h264&appCode=miguvideo_android&bean=mgspad&tid=android&conFee=0&encrypt=a5f3b4218344e3aeb0e92d40d1e8a686
CGTN阿拉伯语,http://182.61.15.84:80/609154345
CGTN阿拉伯语,http://hlsztemgsplive.miguvideo.com:8080/envivo_v/SD/cctv/alabo/1000/index.m3u8?msisdn=20260809040105f105568c074d4d5ca0aca52710f4c570&mdspid=&spid=699004&netType=0&sid=2200179303&pid=2028597139&timestamp=20260809040105&Channel_ID=0116_2600000900-99000-201600010010027&ProgramID=609154345&ParentNodeID=-99&assertID=2200179303&client_ip=218.28.233.106&SecurityKey=20260809040105&promotionId=&mvid=2200179303&mcid=500020&playurlVersion=ZQ-A1-9.8.0-SNAPSHOT&userid=&jmhm=&videocodec=h264&appCode=miguvideo_android&bean=mgspad&tid=android&conFee=0&encrypt=bbc083639438ad173c3c042f7e069d55
重温经典,https://other.ottiptv.cc/cwjd.m3u8
山东教育卫视,http://182.61.15.84:80/609154353
兵团卫视,http://182.61.15.84:80/956923145
CHC影迷电影,http://182.61.15.84:80/952383261
CHC动作电影,http://182.61.15.84:80/644368714
CHC家庭影院,http://182.61.15.84:80/644368373
IPTV综艺,http://182.61.15.84:80/629942228
IPTV综艺,http://hlsztemgsplive.miguvideo.com:8080/wd_r3/cctv/zuiqiangzongyi/600/index.m3u8?msisdn=20260809040117a40715caccb844f3bce04de84ae7372c&mdspid=&spid=699004&netType=0&sid=5500315654&pid=2028597139&timestamp=20260809040117&Channel_ID=0116_2600000900-99000-201600010010027&ProgramID=629942228&ParentNodeID=-99&assertID=5500315654&client_ip=218.28.233.106&SecurityKey=20260809040117&promotionId=&mvid=5101034202&mcid=500020&playurlVersion=ZQ-A1-9.8.0-SNAPSHOT&userid=&jmhm=&videocodec=h264&appCode=miguvideo_android&bean=mgspad&tid=android&conFee=0&encrypt=19f6e02a7605ca81c45a11c0d21c40a8
IPTV中文国际,http://182.61.15.84:80/713591450
IPTV中文国际,http://hlsztemgsplive.miguvideo.com:8080/migu/virtuallive2/5900002411/50/20210706/index.m3u8?msisdn=20260809040115292de4da9a9c451c968d5694b81221f1&mdspid=&spid=800033&netType=0&sid=5910019525&pid=2028597139&timestamp=20260809040115&Channel_ID=0116_2600000900-99000-201600010010027&ProgramID=713591450&ParentNodeID=-99&assertID=5910019525&client_ip=218.28.233.106&SecurityKey=20260809040115&promotionId=&mvid=5900002421&mcid=500020&playurlVersion=ZQ-A1-9.8.0-SNAPSHOT&userid=&jmhm=&videocodec=h264&appCode=miguvideo_android&bean=mgspad&tid=android&conFee=0&encrypt=55dc1eb52b8efc06bd3eb99c8fc9614e
IPTV体育,http://hlsztemgsplive.miguvideo.com:8080/wd_r3/cctv/titanminglan/600/index.m3u8?msisdn=202608090401064085171282da4b8dbd681b3d62607758&mdspid=&spid=699004&netType=0&sid=5500315687&pid=2028597139&timestamp=20260809040106&Channel_ID=0116_2600000900-99000-201600010010027&ProgramID=629943305&ParentNodeID=-99&assertID=5500315687&client_ip=218.28.233.106&SecurityKey=20260809040106&promotionId=&mvid=5101034219&mcid=500020&playurlVersion=ZQ-A1-9.8.0-SNAPSHOT&userid=&jmhm=&videocodec=h264&appCode=miguvideo_android&bean=mgspad&tid=android&conFee=0&encrypt=cfce7caf10a52db3f10d7dc2c2dc5a19
新动力量创一流,http://hlsztemgsplive.miguvideo.com:8080/migu/virtuallive2/5900002409/50/20210706/index.m3u8?msisdn=2026080904011806085013e9e34b48a7d1a394b7c34f76&mdspid=&spid=800033&netType=0&sid=5910019523&pid=2028597139&timestamp=20260809040118&Channel_ID=0116_2600000900-99000-201600010010027&ProgramID=713589837&ParentNodeID=-99&assertID=5910019523&client_ip=218.28.233.106&SecurityKey=20260809040118&promotionId=&mvid=5900002419&mcid=500020&playurlVersion=ZQ-A1-9.8.0-SNAPSHOT&userid=&jmhm=&videocodec=h264&appCode=miguvideo_android&bean=mgspad&tid=android&conFee=0&encrypt=54419f624cc92da7d354db7ba1fb3e49
新片放映厅,http://182.61.15.84:80/619495952
新片放映厅,http://hlsztemgsplive.miguvideo.com:8080/wd-virtuallive5100030975-75/index.m3u8?msisdn=20260809040115ed1f2ac8462f4171a32299d947ff6772&mdspid=&spid=800033&netType=0&sid=5500035175&pid=2028597139&timestamp=20260809040115&Channel_ID=0116_2600000900-99000-201600010010027&ProgramID=619495952&ParentNodeID=-99&assertID=5500035175&client_ip=218.28.233.106&SecurityKey=20260809040115&promotionId=&mvid=5100030975&mcid=500020&playurlVersion=ZQ-A1-9.8.0-SNAPSHOT&userid=&jmhm=&videocodec=h264&appCode=miguvideo_android&bean=mgspad&tid=android&conFee=0&encrypt=4516617b6fd01c83150b661bef1330e8
自然传奇,http://newcntv.qcloudcdn.com/asp/hls/1200/0303000a/3/default/81a1ad3a661748bfb8560c92d38204ca/1200.m3u8
四海钓鱼,http://hlsztemgsplive.miguvideo.com:8080/wd_r4/peoplecn/shdiaoyu/600/index.m3u8?msisdn=2026080904010731f877235721438bbb75b824d873f7ec&mdspid=&spid=600697&netType=0&sid=5910022184&pid=2028597139&timestamp=20260809040107&Channel_ID=0116_2600000900-99000-201600010010027&ProgramID=637444975&ParentNodeID=-99&assertID=5910022184&client_ip=218.28.233.106&SecurityKey=20260809040107&promotionId=&mvid=5100132656&mcid=500020&playurlVersion=ZQ-A1-9.8.0-SNAPSHOT&userid=&jmhm=&videocodec=h264&appCode=miguvideo_android&bean=mgspad&tid=android&conFee=0&encrypt=6469715e27826b729c912ec6cc981f85
四海钓鱼,http://120.76.248.139/live/bfgd/4200000229.m3u8
武术世界,http://182.61.15.84:80/958475359
武术世界,http://hlsztemgsplive.miguvideo.com:8080/migu/kailu/wssj/50/20250915/index.m3u8?msisdn=20260809040107c2a607791c3d42ba97b788f23394e748&mdspid=&spid=600697&netType=0&sid=5910022201&pid=2028597139&timestamp=20260809040107&Channel_ID=0116_2600000900-99000-201600010010027&ProgramID=958475359&ParentNodeID=-99&assertID=5910022201&client_ip=218.28.233.106&SecurityKey=20260809040107&promotionId=&mvid=5900006724&mcid=500020&playurlVersion=ZQ-A1-9.8.0-SNAPSHOT&userid=&jmhm=&videocodec=h264&appCode=miguvideo_android&bean=mgspad&tid=android&conFee=0&encrypt=3fe21cadc531bc64c27613c844ac7520
中华特产,http://hlsztemgsplive.miguvideo.com:8080/migu/kailu/zhtc/50/20251103/index.m3u8?msisdn=202608090401189ed0fe5a965642658d91319c10cb1968&mdspid=&spid=600697&netType=0&sid=5910022295&pid=2028597139&timestamp=20260809040118&Channel_ID=0116_2600000900-99000-201600010010027&ProgramID=959986618&ParentNodeID=-99&assertID=5910022295&client_ip=218.28.233.106&SecurityKey=20260809040118&promotionId=&mvid=5900006771&mcid=500020&playurlVersion=ZQ-A1-9.8.0-SNAPSHOT&userid=&jmhm=&videocodec=h264&appCode=miguvideo_android&bean=mgspad&tid=android&conFee=0&encrypt=2ae563ef5f7fc90d1d1601a760251633
中华特产,http://120.76.248.139/live/bfgd/4200000158.m3u8
快乐垂钓,http://182.61.15.84:80/961930263
纪实科教,http://120.76.248.139/live/bfgd/4200000113.m3u8
环球旅游,http://hlsztemgsplive.miguvideo.com:8080/migu/kailu/hqly/50/20250915/index.m3u8?msisdn=20260809040118ba3ae5aca8c44c0e9188fd81215db745&mdspid=&spid=600697&netType=0&sid=5910022200&pid=2028597139&timestamp=20260809040118&Channel_ID=0116_2600000900-99000-201600010010027&ProgramID=958475356&ParentNodeID=-99&assertID=5910022200&client_ip=218.28.233.106&SecurityKey=20260809040118&promotionId=&mvid=5900006723&mcid=500020&playurlVersion=ZQ-A1-9.8.0-SNAPSHOT&userid=&jmhm=&videocodec=h264&appCode=miguvideo_android&bean=mgspad&tid=android&conFee=0&encrypt=d008a6546e9f9b8c870e32b16d007f75
环球旅游,http://120.76.248.139/live/bfgd/4200000147.m3u8
经典动画大集合,http://182.61.15.84:80/629942219
经典动画大集合,http://hlsztemgsplive.miguvideo.com:8080/wd_r3/cctv/jingdiandonghua/600/index.m3u8?msisdn=20260809040118382cfd2bc5354bf48682bf80d93aeb9e&mdspid=&spid=699004&netType=0&sid=5500315652&pid=2028597139&timestamp=20260809040118&Channel_ID=0116_2600000900-99000-201600010010027&ProgramID=629942219&ParentNodeID=-99&assertID=5500315652&client_ip=218.28.233.106&SecurityKey=20260809040118&promotionId=&mvid=5101034205&mcid=500020&playurlVersion=ZQ-A1-9.8.0-SNAPSHOT&userid=&jmhm=&videocodec=h264&appCode=miguvideo_android&bean=mgspad&tid=android&conFee=0&encrypt=6ad423f5911d1cb3fb7859f2802b00b6
嘉佳卡通,http://182.61.15.84:80/614952364
海绵宝宝,https://live.metshop.top/douyu/3949681
赛事最经典,http://hlsztemgsplive.miguvideo.com:8080/wd_r3/cctv/saishijingdian/600/index.m3u8?msisdn=20260809040106d99e18c623d04edc892b3c64a28e547b&mdspid=&spid=699004&netType=0&sid=5500592947&pid=2028597139&timestamp=20260809040106&Channel_ID=0116_2600000900-99000-201600010010027&ProgramID=646596895&ParentNodeID=-99&assertID=5500592947&client_ip=218.28.233.106&SecurityKey=20260809040106&promotionId=&mvid=5101034296&mcid=500020&playurlVersion=ZQ-A1-9.8.0-SNAPSHOT&userid=&jmhm=&videocodec=h264&appCode=miguvideo_android&bean=mgspad&tid=android&conFee=0&encrypt=8ec0c0942c554e57b4d29b8e4ab0f933
康旅,http://hlsztemgsplive.miguvideo.com:8080/migu/lunbo/ouzhoubei/50/20240603/index.m3u8?msisdn=20260809040107e2ab80494e05429699e50c9f8e491bda&mdspid=&spid=800033&netType=0&sid=5910022136&pid=2028597139&timestamp=20260809040107&Channel_ID=0116_2600000900-99000-201600010010027&ProgramID=915512915&ParentNodeID=-99&assertID=5910022136&client_ip=218.28.233.106&SecurityKey=20260809040107&promotionId=&mvid=5900006618&mcid=500020&playurlVersion=ZQ-A1-9.8.0-SNAPSHOT&userid=&jmhm=&videocodec=h264&appCode=miguvideo_android&bean=mgspad&tid=android&conFee=0&encrypt=e25e6b0cc583ebe21ad186f399e30992
电影_周星驰,http://live.metshop.top/huya/11336587?cdn=alicdn
电影_八点档,http://live.metshop.top/huya/880261?cdn=alicdn
电影_嫣然影厅,http://live.metshop.top/huya/11601977?cdn=alicdn
电影蜘蛛侠,http://live.metshop.top/huya/21059599?cdn=alicdn
黄山新闻综合,http://hslive.hsnewsnet.com/lsdream/hve9Wjs/1000/live.m3u8
福州少儿,http://live.zohi.tv/video/s10001-fztv-4/index.m3u8
广东影视,http://182.61.15.84:80/614961829
广东影视,http://hlsztemgsplive.miguvideo.com:8080/wd_r1/2018/nfmedia/nfys/1000/index.m3u8?msisdn=2026080902010547e26e3aaa0c49c49073a5b729c32210&mdspid=&spid=699054&netType=0&sid=2206173738&pid=2028597139&timestamp=20260809020105&Channel_ID=0116_2600000900-99000-201600010010027&ProgramID=614961829&ParentNodeID=-99&assertID=2206173738&client_ip=218.28.233.106&SecurityKey=20260809020105&promotionId=&mvid=2206173738&mcid=500020&playurlVersion=ZQ-A1-9.8.0-SNAPSHOT&userid=&jmhm=&videocodec=h264&appCode=miguvideo_android&bean=mgspad&tid=android&conFee=0&encrypt=5ad4ebfa3eda2fb3a38c1ee5be7c47e8
广东珠江,http://cdn2.163189.xyz/live/gdzj/stream.m3u8
河南新闻,http://tvcdn.stream3.hndt.com/tv/65bb6966017e100059b75a8500000000_transios/playlist.m3u8?wsSecret=e4678ef053a6bb607f8274a742a50a23&wsTime=1786237182
河南电视剧,http://tvcdn.stream3.hndt.com/tv/65bd329b017e1000648cd2ed00000000_transios/playlist.m3u8?wsSecret=a1f44065112560c2c00e5463be994aa8&wsTime=1786237182
河南公共,http://tvcdn.stream3.hndt.com/tv/65b93894017e10000ae6b07d00000000_transios/playlist.m3u8?wsSecret=9bbe036522016d1171b6b9e55bca16de&wsTime=1786237182
河南法治,http://tvcdn.stream3.hndt.com/tv/65be54a9017e1000af59fb4800000000_transios/playlist.m3u8?wsSecret=17c734c89420ba0bd13d4dc4fd8f5e6a&wsTime=1786237182
河南乡村,http://tvcdn.stream3.hndt.com/tv/65b8302b017e100019dc540f00000000_transios/playlist.m3u8?wsSecret=73b69e4cac6527d31d54e780cc82b694&wsTime=1786237182
邢台综合,http://jwplay.hebyun.com.cn/live/xtsrmtzs/1500k/tzwj_video.m3u8
江苏国际,http://hlsztemgsplive.miguvideo.com:8080/wd_r2/jstv/jsguoji/600/index.m3u8?msisdn=20260809040110fe6e0b63e51d40a2803ef87309e02a44&mdspid=&spid=699067&netType=0&sid=5500260577&pid=2028597139&timestamp=20260809040110&Channel_ID=0116_2600000900-99000-201600010010027&ProgramID=626064674&ParentNodeID=-99&assertID=5500260577&client_ip=218.28.233.106&SecurityKey=20260809040110&promotionId=&mvid=5100186482&mcid=500020&playurlVersion=ZQ-A1-9.8.0-SNAPSHOT&userid=&jmhm=&videocodec=h264&appCode=miguvideo_android&bean=mgspad&tid=android&conFee=0&encrypt=daa4f78aae53c79c384aa944a29686be
江苏新闻,http://hlsztemgsplive.miguvideo.com:8080/wd_r2/jstv/jsgonggong/600/index.m3u8?msisdn=20260809040111ee7504d726234980983812ab99c7fff3&mdspid=&spid=699067&netType=0&sid=5500260520&pid=2028597139&timestamp=20260809040111&Channel_ID=0116_2600000900-99000-201600010010027&ProgramID=626064693&ParentNodeID=-99&assertID=5500260520&client_ip=218.28.233.106&SecurityKey=20260809040111&promotionId=&mvid=5100186429&mcid=500020&playurlVersion=ZQ-A1-9.8.0-SNAPSHOT&userid=&jmhm=&videocodec=h264&appCode=miguvideo_android&bean=mgspad&tid=android&conFee=0&encrypt=d5c938928257b4880f4e2520af80bb40
江苏体育休闲,http://182.61.15.84:80/626064707
江苏城市,http://182.61.15.84:80/626064714
江苏城市,http://hlsztemgsplive.miguvideo.com:8080/wd_r2/jstv/jschengshi/600/index.m3u8?msisdn=2026080904011098c933c948414898a8a346e418ca0875&mdspid=&spid=699067&netType=0&sid=5500260508&pid=2028597139&timestamp=20260809040110&Channel_ID=0116_2600000900-99000-201600010010027&ProgramID=626064714&ParentNodeID=-99&assertID=5500260508&client_ip=218.28.233.106&SecurityKey=20260809040110&promotionId=&mvid=5100186409&mcid=500020&playurlVersion=ZQ-A1-9.8.0-SNAPSHOT&userid=&jmhm=&videocodec=h264&appCode=miguvideo_android&bean=mgspad&tid=android&conFee=0&encrypt=51418efcc65ee36699670fce95989141
江苏影视,http://hlsztemgsplive.miguvideo.com:8080/wd_r2/jstv/jsyingshi/600/index.m3u8?msisdn=20260809040111cdd9ffc7011a47b59d2a5aa66828f1da&mdspid=&spid=699067&netType=0&sid=5500260517&pid=2028597139&timestamp=20260809040111&Channel_ID=0116_2600000900-99000-201600010010027&ProgramID=626064697&ParentNodeID=-99&assertID=5500260517&client_ip=218.28.233.106&SecurityKey=20260809040111&promotionId=&mvid=5100186424&mcid=500020&playurlVersion=ZQ-A1-9.8.0-SNAPSHOT&userid=&jmhm=&videocodec=h264&appCode=miguvideo_android&bean=mgspad&tid=android&conFee=0&encrypt=93a21346b5cd5bc492ba2353de53d373
江苏综艺,http://hlsztemgsplive.miguvideo.com:8080/wd_r2/jstv/jszongyi/600/index.m3u8?msisdn=202608090401118ca6816cfae34e11a38c174651f2279f&mdspid=&spid=699067&netType=0&sid=5500260513&pid=2028597139&timestamp=20260809040111&Channel_ID=0116_2600000900-99000-201600010010027&ProgramID=626065193&ParentNodeID=-99&assertID=5500260513&client_ip=218.28.233.106&SecurityKey=20260809040111&promotionId=&mvid=5100186420&mcid=500020&playurlVersion=ZQ-A1-9.8.0-SNAPSHOT&userid=&jmhm=&videocodec=h264&appCode=miguvideo_android&bean=mgspad&tid=android&conFee=0&encrypt=8c25339f0353b2b04cb26601ccc0db5b
江苏教育,http://hlsztemgsplive.miguvideo.com:8080/wd_r2/jstv/jsjiaoyu/600/index.m3u8?msisdn=2026080904011107c038e0951f48b8b69ebc7ce1f1de62&mdspid=&spid=699067&netType=0&sid=5500287493&pid=2028597139&timestamp=20260809040111&Channel_ID=0116_2600000900-99000-201600010010027&ProgramID=628008321&ParentNodeID=-99&assertID=5500287493&client_ip=218.28.233.106&SecurityKey=20260809040111&promotionId=&mvid=5101012819&mcid=500020&playurlVersion=ZQ-A1-9.8.0-SNAPSHOT&userid=&jmhm=&videocodec=h264&appCode=miguvideo_android&bean=mgspad&tid=android&conFee=0&encrypt=a58ed16ff198a438881aa48c09d960cd
南京十八生活,http://hlsztemgsplive.miguvideo.com:8080/migu/kailu/nanjingsb/50/20230719/index.m3u8?msisdn=20260809040110ce704c37f81040e9825da275d4bc2ce4&mdspid=&spid=699067&netType=0&sid=5910021864&pid=2028597139&timestamp=20260809040110&Channel_ID=0116_2600000900-99000-201600010010027&ProgramID=838151753&ParentNodeID=-99&assertID=5910021864&client_ip=218.28.233.106&SecurityKey=20260809040110&promotionId=&mvid=5900006207&mcid=500020&playurlVersion=ZQ-A1-9.8.0-SNAPSHOT&userid=&jmhm=&videocodec=h264&appCode=miguvideo_android&bean=mgspad&tid=android&conFee=0&encrypt=3b380a9474e45341b6bcbd285ee95951
徐州新闻综合,http://hlsztemgsplive.miguvideo.com:8080/wd_r2/jstv/xzxinwenzonghe/600/index.m3u8?msisdn=20260809040112be2909c5a45d4d84bc3231dae96acd84&mdspid=&spid=699067&netType=0&sid=5500469368&pid=2028597139&timestamp=20260809040112&Channel_ID=0116_2600000900-99000-201600010010027&ProgramID=639731747&ParentNodeID=-99&assertID=5500469368&client_ip=218.28.233.106&SecurityKey=20260809040112&promotionId=&mvid=5102012620&mcid=500020&playurlVersion=ZQ-A1-9.8.0-SNAPSHOT&userid=&jmhm=&videocodec=h264&appCode=miguvideo_android&bean=mgspad&tid=android&conFee=0&encrypt=cf536a0d9a52b8804fe820293e1a4b54
盐城新闻综合,http://182.61.15.84:80/639731825
盐城新闻综合,http://hlsztemgsplive.miguvideo.com:8080/migu/kailu/ycxwzh/50/20250604/index.m3u8?msisdn=202608090401113a14d3086a5c45e08c3c7c939c421b85&mdspid=&spid=699067&netType=0&sid=5500469360&pid=2028597139&timestamp=20260809040111&Channel_ID=0116_2600000900-99000-201600010010027&ProgramID=639731825&ParentNodeID=-99&assertID=5500469360&client_ip=218.28.233.106&SecurityKey=20260809040111&promotionId=&mvid=5102012617&mcid=500020&playurlVersion=ZQ-A1-9.8.0-SNAPSHOT&userid=&jmhm=&videocodec=h264&appCode=miguvideo_android&bean=mgspad&tid=android&conFee=0&encrypt=c61c41d072de93d31f6a8b330300678a
宜兴新闻,http://182.61.15.84:80/955227996
宜兴新闻,http://hlsztemgsplive.miguvideo.com:8080/migu/kailu/yxxwzh/50/20250604/index.m3u8?msisdn=202608090401125f52e69ab6db48d6a4e0633506930a33&mdspid=&spid=699067&netType=0&sid=5910022179&pid=2028597139&timestamp=20260809040112&Channel_ID=0116_2600000900-99000-201600010010027&ProgramID=955227996&ParentNodeID=-99&assertID=5910022179&client_ip=218.28.233.106&SecurityKey=20260809040112&promotionId=&mvid=5900006707&mcid=500020&playurlVersion=ZQ-A1-9.8.0-SNAPSHOT&userid=&jmhm=&videocodec=h264&appCode=miguvideo_android&bean=mgspad&tid=android&conFee=0&encrypt=d7354077ce8d5df3b5e0931d7f8dd7a0
泰州-1,http://hlsztemgsplive.miguvideo.com:8080/wd_r2/jstv/tzxinwenzonghe/600/index.m3u8?msisdn=202608090401110b21f97ae0f640e2ae2bd4a9885ac66e&mdspid=&spid=699067&netType=0&sid=5500469354&pid=2028597139&timestamp=20260809040111&Channel_ID=0116_2600000900-99000-201600010010027&ProgramID=639731818&ParentNodeID=-99&assertID=5500469354&client_ip=218.28.233.106&SecurityKey=20260809040111&promotionId=&mvid=5102012615&mcid=500020&playurlVersion=ZQ-A1-9.8.0-SNAPSHOT&userid=&jmhm=&videocodec=h264&appCode=miguvideo_android&bean=mgspad&tid=android&conFee=0&encrypt=513290e96a130468986bf3cdfb3e8e2e
江阴新闻综合,http://182.61.15.84:80/955227979
江阴新闻综合,http://hlsztemgsplive.miguvideo.com:8080/migu/kailu/jyxwzh/50/20250604/index.m3u8?msisdn=202608090401125fa6a2c80f0a44a7a6e22a99e0bfdb93&mdspid=&spid=699067&netType=0&sid=5910022177&pid=2028597139&timestamp=20260809040112&Channel_ID=0116_2600000900-99000-201600010010027&ProgramID=955227979&ParentNodeID=-99&assertID=5910022177&client_ip=218.28.233.106&SecurityKey=20260809040112&promotionId=&mvid=5900006705&mcid=500020&playurlVersion=ZQ-A1-9.8.0-SNAPSHOT&userid=&jmhm=&videocodec=h264&appCode=miguvideo_android&bean=mgspad&tid=android&conFee=0&encrypt=149cd2494489bbf231d64164ba0b8d7d
宿迁新闻综合,http://hlsztemgsplive.miguvideo.com:8080/wd_r2/jstv/sqxinwenzonghe/600/index.m3u8?msisdn=202608090401122a642668a1e3499f9bff8390dcee5b32&mdspid=&spid=699067&netType=0&sid=5500469357&pid=2028597139&timestamp=20260809040112&Channel_ID=0116_2600000900-99000-201600010010027&ProgramID=639731832&ParentNodeID=-99&assertID=5500469357&client_ip=218.28.233.106&SecurityKey=20260809040112&promotionId=&mvid=5102012616&mcid=500020&playurlVersion=ZQ-A1-9.8.0-SNAPSHOT&userid=&jmhm=&videocodec=h264&appCode=miguvideo_android&bean=mgspad&tid=android&conFee=0&encrypt=eb01b099c2e6f682c455c7809755ee08
连云港新闻综合,http://182.61.15.84:80/639731715
连云港新闻综合,http://hlsztemgsplive.miguvideo.com:8080/wd_r2/jstv/lygxinwenzonghe/600/index.m3u8?msisdn=202608090401121f2e4dfbba524d379f5b0c01891adecd&mdspid=&spid=699067&netType=0&sid=5500469369&pid=2028597139&timestamp=20260809040112&Channel_ID=0116_2600000900-99000-201600010010027&ProgramID=639731715&ParentNodeID=-99&assertID=5500469369&client_ip=218.28.233.106&SecurityKey=20260809040112&promotionId=&mvid=5102012621&mcid=500020&playurlVersion=ZQ-A1-9.8.0-SNAPSHOT&userid=&jmhm=&videocodec=h264&appCode=miguvideo_android&bean=mgspad&tid=android&conFee=0&encrypt=58479d68fe834108d587e74de70417b0
镇江新闻综合,http://182.61.15.84:80/639731783
镇江新闻综合,http://hlsztemgsplive.miguvideo.com:8080/migu/kailu/zjxwzh/50/20251127/index.m3u8?msisdn=2026080904011383af22d4ac364cf9a5bf9960da2b88b1&mdspid=&spid=699067&netType=0&sid=5500469365&pid=2028597139&timestamp=20260809040113&Channel_ID=0116_2600000900-99000-201600010010027&ProgramID=639731783&ParentNodeID=-99&assertID=5500469365&client_ip=218.28.233.106&SecurityKey=20260809040113&promotionId=&mvid=5102012619&mcid=500020&playurlVersion=ZQ-A1-9.8.0-SNAPSHOT&userid=&jmhm=&videocodec=h264&appCode=miguvideo_android&bean=mgspad&tid=android&conFee=0&encrypt=cc2564faa3723367a9d8c5de719a0e34
辽宁教育青少,http://120.76.248.139/live/bfgd/4200000075.m3u8
辽宁生活,http://120.76.248.139/live/bfgd/4200000073.m3u8
辽宁经济,http://120.76.248.139/live/bfgd/4200000480.m3u8
辽宁经济,http://120.76.248.139/live/bfgd/4200000076.m3u8
辽宁都市,http://120.76.248.139/live/bfgd/4200000610.m3u8
朝阳新闻综合,http://120.76.248.139/live/bfgd/4200000282.m3u8
宁夏少儿,https://hls.ningxiahuangheyun.com/live/nxse1M.m3u8
象山新闻综合,http://play-sh13.quklive.com/live/1702360350551252.m3u8?auth_key=2037107484-800189c57a5a44d3b823b60cf84f6756-0-a6f6828a62d5c167cff5e68735fa0d39
延边卫视,https://srs.iyb983.cn:443/video/CYS/index.m3u8
延边卫视,https://srs.iyb983.cn/video/CYS/index.m3u8
长白山电视,http://stream8.jlntv.cn/cbstv/sd/live.m3u8?zjild
哈尔滨新闻综合,http://stream.hrbtv.net/xwzh/sd/live.m3u8?zheild
哈尔滨资讯,http://stream.hrbtv.net/zxpd/sd/live.m3u8
哈尔滨生活,http://stream.hrbtv.net/shpd/sd/live.m3u8?zheild
甘南县综合,https://stream.hrbtv.net/zxpd/sd/live.m3u8
陕西秦腔,http://182.61.15.84:80/956909303
陕西秦腔,http://hlsztemgsplive.miguvideo.com:8080/migu/kailu/sxqqpd/50/20250804/index.m3u8?msisdn=2026080904011371e06332be8c47f8a61a3e44e059d964&mdspid=&spid=600572&netType=0&sid=5910022188&pid=2028597139&timestamp=20260809040113&Channel_ID=0116_2600000900-99000-201600010010027&ProgramID=956909303&ParentNodeID=-99&assertID=5910022188&client_ip=218.28.233.106&SecurityKey=20260809040113&promotionId=&mvid=5900006711&mcid=500020&playurlVersion=ZQ-A1-9.8.0-SNAPSHOT&userid=&jmhm=&videocodec=h264&appCode=miguvideo_android&bean=mgspad&tid=android&conFee=0&encrypt=884b7a9702fd1784796c70edfc28613e
陕西银龄,http://182.61.15.84:80/956909362
陕西银龄,http://hlsztemgsplive.miguvideo.com:8080/migu/kailu/sxylpd/50/20250804/index.m3u8?msisdn=20260809040113af179cb0ae734877aee1d6c9e5f70baa&mdspid=&spid=600572&netType=0&sid=5910022191&pid=2028597139&timestamp=20260809040113&Channel_ID=0116_2600000900-99000-201600010010027&ProgramID=956909362&ParentNodeID=-99&assertID=5910022191&client_ip=218.28.233.106&SecurityKey=20260809040113&promotionId=&mvid=5900006714&mcid=500020&playurlVersion=ZQ-A1-9.8.0-SNAPSHOT&userid=&jmhm=&videocodec=h264&appCode=miguvideo_android&bean=mgspad&tid=android&conFee=0&encrypt=6d555a5ac76d106b297d9bf71a51a858
太谷新闻综合,https://p2.vzan.com/slowlive/596867413819827251/live.m3u8?zbid=1725814272&amp;amp;tpid=1516989100&amp;amp;type=0
长子综合,https://www.wxhcgbds.com:8081/channelTv/WXTV_1.m3u8?zshanxd
奎屯哈萨克语,http://218.84.12.186:8002/hls/main/playlist.m3u8?zxinjd
凤凰中文,http://221.7.175.154:8445/tsfile/live/1020_1.m3u8
凤凰资讯,http://120.198.95.220:9901/tsfile/live/1037_1.m3u8?key=txiptv
经典香港电影,http://hlsztemgsplive.miguvideo.com:8080/wd_r2/virtuallive/5100180869/75/index.m3u8?msisdn=20260809040115956e6b11ad314290bfc602f9defece44&mdspid=&spid=800033&netType=0&sid=5500242089&pid=2028597139&timestamp=20260809040115&Channel_ID=0116_2600000900-99000-201600010010027&ProgramID=625703337&ParentNodeID=-99&assertID=5500242089&client_ip=218.28.233.106&SecurityKey=20260809040115&promotionId=&mvid=5100180869&mcid=500020&playurlVersion=ZQ-A1-9.8.0-SNAPSHOT&userid=&jmhm=&videocodec=h264&appCode=miguvideo_android&bean=mgspad&tid=android&conFee=0&encrypt=60f0851e852608fc02124d3eda4d0d96
澳视澳门,https://cdn6.163189.xyz/163189/asam
澳视卫星,https://cdn6.163189.xyz/163189/as
TVBJ1,http://cdn3.163189.xyz/live/j1/stream.m3u8
美亚C+,http://ottproxy2.ist.ooo/livehls/MOB-U1-NO/03.m3u8
靖宇,http://stream8.jlntv.cn/jytv/sd/live.m3u8?zjild
龙华偶像,https://cdn8.163189.xyz/live/lhox/stream.m3u8
龙华经典,https://cdn8.163189.xyz/live/lhjd/stream.m3u8
大立电视,http://www.dalitv.com.tw:4568/live/dali/index.m3u8
半岛新闻,http://live-hls-web-aja.getaj.net/AJA/02.m3u8
龙华卡通,https://cdn8.163189.xyz/live/lhkt/stream.m3u8
龙华日韩,https://cdn8.163189.xyz/live/lhrh/stream.m3u8
龙华洋片,https://cdn8.163189.xyz/live/lhyp/stream.m3u8
人间卫视,https://5ddce30eb4b55.streamlock.net/bltvhd/bltv1/chunklist_w511254805.m3u8
辽宁影视剧,http://120.76.248.139/live/bfgd/4200000070.m3u8
1993年春晚,https://alimov2.a.kwimgs.com/upic/2023/01/13/22/BMjAyMzAxMTMyMjEwMDNfNDAzMDAxOTlfOTM1MTIzMzYwODJfMF8z_b_B647d10e431b4cc5e48e6c77347d69021.mp4
1994年春晚,https://alimov2.a.kwimgs.com/upic/2023/01/13/22/BMjAyMzAxMTMyMjEwMDNfNDAzMDAxOTlfOTM1MTIzMzYxMjNfMF8z_b_B3dde97f36273f04403d4dc5eec611a35.mp4
1995年春晚,https://alimov2.a.kwimgs.com/upic/2023/01/13/20/BMjAyMzAxMTMyMDA5MjJfNDAzMDAxOTlfOTM0OTkwNDQwNzVfMF8z_b_B811c0dec6b9a3d3074a18522c185010a.mp4
1996年春晚,https://alimov2.a.kwimgs.com/upic/2023/01/13/22/BMjAyMzAxMTMyMjEwMDNfNDAzMDAxOTlfOTM1MTIzMzYxNTJfMF8z_b_Bd841eae10ab1c9955ef55fbedfae6c45.mp4
2000年春晚,https://alimov2.a.kwimgs.com/upic/2023/01/13/21/BMjAyMzAxMTMyMTE4MzRfNDAzMDAxOTlfOTM1MDY4ODIxMTNfMF8z_b_Bdddf4e7ef0ff6cfd477857bb40e78419.mp4
2001年春晚,https://alimov2.a.kwimgs.com/upic/2023/01/13/20/BMjAyMzAxMTMyMDA5MjJfNDAzMDAxOTlfOTM0OTkwNDQyMDFfMF8z_b_B70592cb7c4054e9cabb675e849bbf4bd.mp4
2002年春晚,https://alimov2.a.kwimgs.com/upic/2023/01/13/21/BMjAyMzAxMTMyMTE4MzRfNDAzMDAxOTlfOTM1MDY4ODIxNDdfMF8z_b_Ba6271d10b7e6cfae83759033a091f257.mp4
2003年春晚,https://alimov2.a.kwimgs.com/upic/2023/01/14/23/BMjAyMzAxMTQyMzQxNDdfNDAzMDAxOTlfOTM2MTU0MTk1NDFfMF8z_b_B182749d2cd2ea9323639254af385f24b.mp4
2004年春晚,https://alimov2.a.kwimgs.com/upic/2023/01/13/21/BMjAyMzAxMTMyMTE4MzRfNDAzMDAxOTlfOTM1MDY4ODIxOTVfMF8z_b_B86c4430b82ff5a7f4e8132f6ee558536.mp4
2005年春晚,https://alimov2.a.kwimgs.com/upic/2023/01/13/20/BMjAyMzAxMTMyMDA5MjJfNDAzMDAxOTlfOTM0OTkwNDQyMzhfMF8z_b_B35ad7cc86aec8fc9e5ddfb31fc7bed63.mp4
2006年春晚,https://alimov2.a.kwimgs.com/upic/2023/01/13/20/BMjAyMzAxMTMyMDA5MjJfNDAzMDAxOTlfOTM0OTkwNDQyNzlfMF8z_b_Bbc3703fc331dc994c50859c19aad28ff.mp4
2007年春晚,https://alimov2.a.kwimgs.com/upic/2023/01/13/20/BMjAyMzAxMTMyMDA5MjJfNDAzMDAxOTlfOTM0OTkwNDQzMjNfMF8z_b_B00b069c7899976459ceeaa99353dfefe.mp4
2009年春晚,https://alimov2.a.kwimgs.com/upic/2023/01/13/20/BMjAyMzAxMTMyMDA5MjJfNDAzMDAxOTlfOTM0OTkwNDQzOTBfMF8z_b_B29a36a85e0277f6c2a1f033ef7c10708.mp4
2010年春晚,https://alimov2.a.kwimgs.com/upic/2023/01/13/20/BMjAyMzAxMTMyMDA5MjJfNDAzMDAxOTlfOTM0OTkwNDQ0MjlfMF8z_b_B8818807a00eed329a69fb494f405bd43.mp4
2013年春晚,https://alimov2.a.kwimgs.com/upic/2023/01/13/20/BMjAyMzAxMTMyMDA5MjJfNDAzMDAxOTlfOTM0OTkwNDQ1NjNfMF8z_b_B4fea55408dca4471a68a963ae096be59.mp4
2014年春晚,https://alimov2.a.kwimgs.com/upic/2023/01/06/16/BMjAyMzAxMDYxNjMxMTNfNDAzMDAxOTlfOTI4OTY2ODAzNjlfMF8z_b_Bdee65c77f9e7b2120a185c919dad81d2.mp4
2018年春晚,https://alimov2.a.kwimgs.com/upic/2023/01/06/16/BMjAyMzAxMDYxNjMxMTRfNDAzMDAxOTlfOTI4OTY2ODE2MTBfMF8z_b_B11a778e34390a21de42d407e94f45b91.mp4
ABC News Live,https://d4ybyqrhce41r.cloudfront.net/v1/master/3fec3e5cac39a52b2132f9c66c83dae043dc17d4/prod-xumo-linear-nbcu-hlsv3/master.m3u8?ads.channelId=99991626
AXS TV Now,https://dikcfc9915kp8.cloudfront.net/hls/1080p/playlist.m3u8
CBC News,https://dbrb49pjoymg4.cloudfront.net/v1/master/3fec3e5cac39a52b2132f9c66c83dae043dc17d4/prod_default_xumo-ams-aws/master.m3u8?ads.xumo_channelId=99991276
CGTN记录,https://english-livetx.cgtn.com/hls/yypdjlctzb_hd.m3u8
CH5,https://cdn6.163189.xyz/163189/ch5
CH8,https://cdn6.163189.xyz/163189/ch8
CHU,https://cdn6.163189.xyz/163189/chu
Good,https://live.streamingfast.net/osmflivech1.m3u8
Good 2,https://live.streamingfast.net/osmflivech2.m3u8
HOY78,http://cdn.163189.xyz/live/hoy/stream.m3u8
Newsmax,http://nmxlive.akamaized.net/hls/live/529965/Live_1/index.m3u8
NOW NEWS,http://cdn.163189.xyz/163189/now
Pet Club TV,https://cdn-apse1-prod.tsv2.amagi.tv/linear/amg01076-lightningintern-petclub-samsungnz/playlist.m3u8
RT Arabic（阿语）,https://rt-arb.rttv.com/dvr/rtarab/playlist_4500Kb.m3u8
RT Balkan （塞尔维亚语）,https://rt-srb.rttv.com/dvr/rtbalkan/playlist_4500Kb.m3u8
RT DE（德语）,https://rt-ger.rttv.com/dvr/rtdeutsch/playlist_4500Kb.m3u8
RT Doc-Русский（俄语纪录）,https://rt-doc.rttv.com/dvr/rtdru/rtdru1080.m3u8
RT Documentary（英语纪录）,https://rt-rtd.rttv.com/dvr/rtdoc/playlist_4500Kb.m3u8
RT Español（西语）,https://rt-esp.rttv.com/dvr/rtesp/playlist_4500Kb.m3u8
RT Français（法语）,https://rt-fra.rttv.com/dvr/rtfrance/playlist_4500Kb.m3u8
RT News（英语国际）,https://rt-glb.rttv.com/dvr/rtnews/playlist_4500Kb.m3u8
Trace Sports,https://lightning-tracesport-samsungau.amagi.tv/playlist1080p.m3u8
Wild Earth,https://wildearth-plex.amagi.tv/masterR1080p.m3u8
WionNews,https://d7x8z4yuq42qn.cloudfront.net/index_7.m3u8
中国村庄,http://newcntv.qcloudcdn.com/asp/hls/4000/0303000a/3/default/93fc12dbf14241c18c23da104fbade23/4000.m3u8
九台,http://stream10.jlntv.cn/jiutaitv/sd/live.m3u8?zjild
八度空间,https://cdn6.163189.xyz/163189/8tv
凤凰中文,http://cdn6.163189.xyz/163189/fhzw
凤凰香港,http://cdn6.163189.xyz/163189/fhhk
刘德华电影,http://cdn.jdshipin.com:8880/huya.php?id=11342424
地理中国,http://newcntv.qcloudcdn.com/asp/hls/1200/0303000a/3/default/c6baf6f74bb944aeacee1065ea72c798/1200.m3u8
宁夏文旅,https://hls.ningxiahuangheyun.com/live/nxwl1M.m3u8
建党105周年巡礼,http://hlsztemgsplive.miguvideo.com:8080/migu/virtuallive2/5900002413/50/20210706/index.m3u8?msisdn=2026080904011448ecd869fdda439c8dd386f073ab4b29&mdspid=&spid=800033&netType=0&sid=5910019527&pid=2028597139&timestamp=20260809040114&Channel_ID=0116_2600000900-99000-201600010010027&ProgramID=713600957&ParentNodeID=-99&assertID=5910019527&client_ip=218.28.233.106&SecurityKey=20260809040114&promotionId=&mvid=5900002443&mcid=500020&playurlVersion=ZQ-A1-9.8.0-SNAPSHOT&userid=&jmhm=&videocodec=h264&appCode=miguvideo_android&bean=mgspad&tid=android&conFee=0&encrypt=2112376d17bfb55c7a3fbaefae4f879d
新视觉,http://120.76.248.139/live/bfgd/4200000249.m3u8
春晚1983,https://alimov2.a.kwimgs.com/upic/2022/01/31/15/BMjAyMjAxMzExNTU5MTRfNDAzMDAxOTlfNjYyNzMxNjcwMjBfMF8z_b_Beb3bda599f76c60c463c433ca7460153.mp4
春晚1984,https://alimov2.a.kwimgs.com/upic/2022/01/31/15/BMjAyMjAxMzExNTU5NTRfNDAzMDAxOTlfNjYyNzMyMzg3MTRfMF8z_b_B192356dadbc90d207ba16964d4c2914c.mp4
春晚1985,https://alimov2.a.kwimgs.com/upic/2022/01/31/16/BMjAyMjAxMzExNjAwMDFfNDAzMDAxOTlfNjYyNzMyNTAwMzJfMF8z_b_Be73c5abcbc0eeb2ec9fce6842e1362a4.mp4
春晚1986,https://alimov2.a.kwimgs.com/upic/2022/01/31/16/BMjAyMjAxMzExNjAwMDRfNDAzMDAxOTlfNjYyNzMyNTU0OTRfMF8z_b_B24f7d19f1132fa5d7f502f8377ad5567.mp4
春晚1987,https://alimov2.a.kwimgs.com/upic/2022/01/31/16/BMjAyMjAxMzExNjAwMDhfNDAzMDAxOTlfNjYyNzMyNjMyMDNfMF8z_b_B570493ed8f7200d4013a66b2d21b2de9.mp4
春晚1988,https://alimov2.a.kwimgs.com/upic/2022/01/31/16/BMjAyMjAxMzExNjAwMTJfNDAzMDAxOTlfNjYyNzMyNjkxNjBfMF8z_b_B8c835b83a92d25bde81ba22c5cd9521e.mp4
春晚1989,https://alimov2.a.kwimgs.com/upic/2022/01/31/16/BMjAyMjAxMzExNjAwMTVfNDAzMDAxOTlfNjYyNzMyNzQ2OTlfMF8z_b_Be477b27b9ce655d2372df56a5a3d96ef.mp4
春晚1999,https://alimov2.a.kwimgs.com/upic/2023/01/13/20/BMjAyMzAxMTMyMDA5MjJfNDAzMDAxOTlfOTM0OTkwNDQxNTRfMF8z_b_B0b5e52bc003285ef66ec0cbb2be08556.mp4
春晚2008,https://alimov2.a.kwimgs.com/upic/2023/01/13/20/BMjAyMzAxMTMyMDA5MjJfNDAzMDAxOTlfOTM0OTkwNDQzNTNfMF8z_b_Bd7346962e61bd7b84e11a1fa6e4616f9.mp4
春晚2011,https://alimov2.a.kwimgs.com/upic/2023/01/16/11/BMjAyMzAxMTYxMTA3MjFfNDAzMDAxOTlfOTM3MjcyMjA3ODhfMF8z_b_B8214200efc869dc6fcf99dad619fa4c1.mp4
春晚2015,https://alimov2.a.kwimgs.com/upic/2023/01/13/20/BMjAyMzAxMTMyMDA5MjJfNDAzMDAxOTlfOTM0OTkwNDQ2MTZfMF8z_b_B4851f43f5a2bc2871a9b0ec87294a6e7.mp4
春晚2017,https://alimov2.a.kwimgs.com/upic/2023/01/13/20/BMjAyMzAxMTMyMDA5MjJfNDAzMDAxOTlfOTM0OTkwNDQ2NDhfMF8z_b_B6527b0c2ce3dda1d9b3f34edd4fdb9aa.mp4
春晚2020,https://alimov2.a.kwimgs.com/upic/2022/01/30/17/BMjAyMjAxMzAxNzA5NDdfNDAzMDAxOTlfNjYxNzQ2MDAyMTFfMF8z_b_B5d51d9564c5670dc66faeba20aa7af3f.mp4
春晚2021,https://alimov2.a.kwimgs.com/upic/2022/01/30/17/BMjAyMjAxMzAxNzE4NTJfNDAzMDAxOTlfNjYxNzUzOTg3NjlfMF8z_b_Be41d9503181d7b0608a839ed401e02c2.mp4
春晚2022,https://alimov2.a.kwimgs.com/upic/2022/02/01/11/BMjAyMjAyMDExMTEwMjNfNDAzMDAxOTlfNjYzNzA4MTk4NzNfMF8z_b_B898cc7ddd0025bf54ddb18ec1f723c84.mp4
未知,https://vip.ffzy-play.com/20221018/1953_2d6ba500/index.m3u8
未知,https://vip.ffzy-online.com/20221015/719_80ff87c2/index.m3u8
未知,https://vip.ffzy-play.com/20221018/1951_47e1adc8/index.m3u8
未知,https://vip.ffzy-play7.com/20230112/11082_fde1a94d/index.m3u8
未知,https://vip.ffzy-online.com/20221015/722_e32c42bc/index.m3u8
未知,https://vip.ffzy-play6.com/20221019/157_bf0740ee/index.m3u8
未知,https://vip.ffzy-play1.com/20221018/478_c3afed66/index.m3u8
未知,https://vip.ffzy-play7.com/20230116/11563_b9f44814/index.m3u8
未知,https://kbsworld-ott.akamaized.net/hls/live/2002341/kbsworld/master.m3u8
桦甸,http://stream10.jlntv.cn/huadian/sd/live.m3u8?zjild
欢腾购物,http://tvcdn.stream3.hndt.com/tv/65ba653b017e1000d4ee41c700000000_transios/playlist.m3u8?wsSecret=f7aed1b4cd05eced6e2598976dd2a3af&wsTime=1786237182
海南广播电视总台少儿,http://hlsztemgsplive.miguvideo.com:8080/migu/kailu/nxwl/50/20251225/index.m3u8?msisdn=2026080904011405be04bdcf3946e9935be9f16ee1510c&mdspid=&spid=600697&netType=0&sid=5910022328&pid=2028597139&timestamp=20260809040114&Channel_ID=0116_2600000900-99000-201600010010027&ProgramID=962067523&ParentNodeID=-99&assertID=5910022328&client_ip=218.28.233.106&SecurityKey=20260809040114&promotionId=&mvid=5900006788&mcid=500020&playurlVersion=ZQ-A1-9.8.0-SNAPSHOT&userid=&jmhm=&videocodec=h264&appCode=miguvideo_android&bean=mgspad&tid=android&conFee=0&encrypt=aabe003927191747d65e8f205d9b79dd
海南广播电视总台文旅,http://hlsztemgsplive.miguvideo.com:8080/migu/kailu/lntyxx/50/20251225/index.m3u8?msisdn=202608090401143c964cb5951b4960927054fc7670fe83&mdspid=&spid=600697&netType=0&sid=5910022329&pid=2028597139&timestamp=20260809040114&Channel_ID=0116_2600000900-99000-201600010010027&ProgramID=962067526&ParentNodeID=-99&assertID=5910022329&client_ip=218.28.233.106&SecurityKey=20260809040114&promotionId=&mvid=5900006790&mcid=500020&playurlVersion=ZQ-A1-9.8.0-SNAPSHOT&userid=&jmhm=&videocodec=h264&appCode=miguvideo_android&bean=mgspad&tid=android&conFee=0&encrypt=e163949b10681054982b9a225695b7f0
海南广播电视总台新闻,http://hlsztemgsplive.miguvideo.com:8080/migu/kailu/lnysj/50/20251225/index.m3u8?msisdn=202608090401145698ce2e06134c4c94dde667b62c3658&mdspid=&spid=600697&netType=0&sid=5910022326&pid=2028597139&timestamp=20260809040114&Channel_ID=0116_2600000900-99000-201600010010027&ProgramID=962067517&ParentNodeID=-99&assertID=5910022326&client_ip=218.28.233.106&SecurityKey=20260809040114&promotionId=&mvid=5900006789&mcid=500020&playurlVersion=ZQ-A1-9.8.0-SNAPSHOT&userid=&jmhm=&videocodec=h264&appCode=miguvideo_android&bean=mgspad&tid=android&conFee=0&encrypt=ae0aa232ffd8e4345225a23deef99a0d
海南广播电视总台社会与法,http://hlsztemgsplive.miguvideo.com:8080/migu/kailu/lngg/50/20251225/index.m3u8?msisdn=202608090401147db5457555f747e9a8f8db67664d8f32&mdspid=&spid=600697&netType=0&sid=5910022323&pid=2028597139&timestamp=20260809040114&Channel_ID=0116_2600000900-99000-201600010010027&ProgramID=962045223&ParentNodeID=-99&assertID=5910022323&client_ip=218.28.233.106&SecurityKey=20260809040114&promotionId=&mvid=5900006791&mcid=500020&playurlVersion=ZQ-A1-9.8.0-SNAPSHOT&userid=&jmhm=&videocodec=h264&appCode=miguvideo_android&bean=mgspad&tid=android&conFee=0&encrypt=9c201f5c921281456e30dbef547297cd
海南广播电视总台自贸,http://hlsztemgsplive.miguvideo.com:8080/migu/kailu/lnsh/50/20251225/index.m3u8?msisdn=2026080904011421f787c143e644fdb6f401fd7f6d7630&mdspid=&spid=600697&netType=0&sid=5910022324&pid=2028597139&timestamp=20260809040114&Channel_ID=0116_2600000900-99000-201600010010027&ProgramID=962045226&ParentNodeID=-99&assertID=5910022324&client_ip=218.28.233.106&SecurityKey=20260809040114&promotionId=&mvid=5900006792&mcid=500020&playurlVersion=ZQ-A1-9.8.0-SNAPSHOT&userid=&jmhm=&videocodec=h264&appCode=miguvideo_android&bean=mgspad&tid=android&conFee=0&encrypt=2bc29a12d65805f8c4e459b243539531
港台电视31,https://cdn5.163189.xyz/live/rthk31/stream.m3u8
港台电视32,https://cdn5.163189.xyz/live/rthk32/stream.m3u8
澳门体育,http://cdn6.163189.xyz/163189/amty
澳门综艺,http://cdn6.163189.xyz/163189/amzy
熊猫直播,https://gcwbndali.v.myalicdn.com/gcwbnd/ipanda1000_2/index.m3u8
熊猫01,http://hlsztemgsplive.miguvideo.com:8080/ws_x/2018/xiongmao/HD/1000/index.m3u8?msisdn=20260809040116fe30ab17a5b149c6b693e2b6e6587b75&mdspid=&spid=699004&netType=0&sid=2202634723&pid=2028597139&timestamp=20260809040116&Channel_ID=0116_2600000900-99000-201600010010027&ProgramID=609158151&ParentNodeID=-99&assertID=2202634723&client_ip=218.28.233.106&SecurityKey=20260809040116&promotionId=&mvid=2202634723&mcid=500020&playurlVersion=ZQ-A1-9.8.0-SNAPSHOT&userid=&jmhm=&videocodec=h264&appCode=miguvideo_android&bean=mgspad&tid=android&conFee=0&encrypt=438ebda1b61dac54892813f1e7553f92
熊猫1,http://hlsztemgsplive.miguvideo.com:8080/envivo_x/2018/SD/xiongmao01/1000/index.m3u8?msisdn=20260809040116bec9fd4043bf4245a25330584959ec35&mdspid=&spid=699004&netType=0&sid=2200200699&pid=2028597139&timestamp=20260809040116&Channel_ID=0116_2600000900-99000-201600010010027&ProgramID=608933610&ParentNodeID=-99&assertID=2200200699&client_ip=218.28.233.106&SecurityKey=20260809040116&promotionId=&mvid=2200200699&mcid=500020&playurlVersion=ZQ-A1-9.8.0-SNAPSHOT&userid=&jmhm=&videocodec=h264&appCode=miguvideo_android&bean=mgspad&tid=android&conFee=0&encrypt=089e63cf887e3d53d1c2e59f63c9a5aa
熊猫10,http://hlsztemgsplive.miguvideo.com:8080/envivo_x/2018/SD/xiongmao10/1000/index.m3u8?msisdn=2026080904011711e7eebfeeb34fd6bbfccfdc7900f849&mdspid=&spid=699004&netType=0&sid=2200192937&pid=2028597139&timestamp=20260809040117&Channel_ID=0116_2600000900-99000-201600010010027&ProgramID=609169285&ParentNodeID=-99&assertID=2200192937&client_ip=218.28.233.106&SecurityKey=20260809040117&promotionId=&mvid=2200192937&mcid=500020&playurlVersion=ZQ-A1-9.8.0-SNAPSHOT&userid=&jmhm=&videocodec=h264&appCode=miguvideo_android&bean=mgspad&tid=android&conFee=0&encrypt=89902bb1cc934d7a0e5339b2f5b93bab
熊猫2,http://hlsztemgsplive.miguvideo.com:8080/envivo_x/2018/SD/xiongmao02/1000/index.m3u8?msisdn=20260809040116de8bc6b2802b4633ae788388c58e6ad9&mdspid=&spid=699004&netType=0&sid=2200200717&pid=2028597139&timestamp=20260809040116&Channel_ID=0116_2600000900-99000-201600010010027&ProgramID=608933640&ParentNodeID=-99&assertID=2200200717&client_ip=218.28.233.106&SecurityKey=20260809040116&promotionId=&mvid=2200200717&mcid=500020&playurlVersion=ZQ-A1-9.8.0-SNAPSHOT&userid=&jmhm=&videocodec=h264&appCode=miguvideo_android&bean=mgspad&tid=android&conFee=0&encrypt=a6c0565427e968be3b710a7208dc3b3c
熊猫3,http://hlsztemgsplive.miguvideo.com:8080/envivo_x/2018/SD/xiongmao03/1000/index.m3u8?msisdn=20260809040116c6969bd61cbc4bb084cb6cb2aee74917&mdspid=&spid=699004&netType=0&sid=2200200738&pid=2028597139&timestamp=20260809040116&Channel_ID=0116_2600000900-99000-201600010010027&ProgramID=608934619&ParentNodeID=-99&assertID=2200200738&client_ip=218.28.233.106&SecurityKey=20260809040116&promotionId=&mvid=2200200738&mcid=500020&playurlVersion=ZQ-A1-9.8.0-SNAPSHOT&userid=&jmhm=&videocodec=h264&appCode=miguvideo_android&bean=mgspad&tid=android&conFee=0&encrypt=4e1970a9d21248548a0b3296b0ff3fa7
熊猫4,http://hlsztemgsplive.miguvideo.com:8080/envivo_x/2018/SD/xiongmao04/1000/index.m3u8?msisdn=202608090401164e6acb9b82064a008167ed2586c5e198&mdspid=&spid=699004&netType=0&sid=2200200771&pid=2028597139&timestamp=20260809040116&Channel_ID=0116_2600000900-99000-201600010010027&ProgramID=608934721&ParentNodeID=-99&assertID=2200200771&client_ip=218.28.233.106&SecurityKey=20260809040116&promotionId=&mvid=2200200771&mcid=500020&playurlVersion=ZQ-A1-9.8.0-SNAPSHOT&userid=&jmhm=&videocodec=h264&appCode=miguvideo_android&bean=mgspad&tid=android&conFee=0&encrypt=dded2fea927fd1ea41aa879053f25a47
熊猫5,http://hlsztemgsplive.miguvideo.com:8080/envivo_x/2018/SD/xiongmao05/1000/index.m3u8?msisdn=20260809040117e34f5ab44509432c97d8b48384e14045&mdspid=&spid=699004&netType=0&sid=2200200791&pid=2028597139&timestamp=20260809040117&Channel_ID=0116_2600000900-99000-201600010010027&ProgramID=608935104&ParentNodeID=-99&assertID=2200200791&client_ip=218.28.233.106&SecurityKey=20260809040117&promotionId=&mvid=2200200791&mcid=500020&playurlVersion=ZQ-A1-9.8.0-SNAPSHOT&userid=&jmhm=&videocodec=h264&appCode=miguvideo_android&bean=mgspad&tid=android&conFee=0&encrypt=305d26a5f20686fc6dc19ab734bfe589
熊猫6,http://hlsztemgsplive.miguvideo.com:8080/envivo_x/2018/SD/xiongmao06/1000/index.m3u8?msisdn=20260809040117ad29dc62713d424b8cef93955a92a917&mdspid=&spid=699004&netType=0&sid=2200200817&pid=2028597139&timestamp=20260809040117&Channel_ID=0116_2600000900-99000-201600010010027&ProgramID=608935797&ParentNodeID=-99&assertID=2200200817&client_ip=218.28.233.106&SecurityKey=20260809040117&promotionId=&mvid=2200200817&mcid=500020&playurlVersion=ZQ-A1-9.8.0-SNAPSHOT&userid=&jmhm=&videocodec=h264&appCode=miguvideo_android&bean=mgspad&tid=android&conFee=0&encrypt=c3d6b37c96138624dd1c80b5e91bac13
熊猫7,http://hlsztemgsplive.miguvideo.com:8080/envivo_x/2018/SD/xiongmao07/1000/index.m3u8?msisdn=202608090401178614cb1f5b09453aa229407ff0479158&mdspid=&spid=699004&netType=0&sid=2200192831&pid=2028597139&timestamp=20260809040117&Channel_ID=0116_2600000900-99000-201600010010027&ProgramID=609169286&ParentNodeID=-99&assertID=2200192831&client_ip=218.28.233.106&SecurityKey=20260809040117&promotionId=&mvid=2200192831&mcid=500020&playurlVersion=ZQ-A1-9.8.0-SNAPSHOT&userid=&jmhm=&videocodec=h264&appCode=miguvideo_android&bean=mgspad&tid=android&conFee=0&encrypt=831f3fd047f8aca4a9c8f1d51fb285dd
熊猫8,http://hlsztemgsplive.miguvideo.com:8080/envivo_x/2018/SD/xiongmao08/1000/index.m3u8?msisdn=20260809040117963b4ebf3f694dbaae9a7165c9abc524&mdspid=&spid=699004&netType=0&sid=2200192881&pid=2028597139&timestamp=20260809040117&Channel_ID=0116_2600000900-99000-201600010010027&ProgramID=609169287&ParentNodeID=-99&assertID=2200192881&client_ip=218.28.233.106&SecurityKey=20260809040117&promotionId=&mvid=2200192881&mcid=500020&playurlVersion=ZQ-A1-9.8.0-SNAPSHOT&userid=&jmhm=&videocodec=h264&appCode=miguvideo_android&bean=mgspad&tid=android&conFee=0&encrypt=21fe3266dbc60d096d4534cfe13bb07d
熊猫9,http://hlsztemgsplive.miguvideo.com:8080/envivo_x/2018/SD/xiongmao09/1000/index.m3u8?msisdn=20260809040117720edb316c434a18806a24154ab22361&mdspid=&spid=699004&netType=0&sid=2200192899&pid=2028597139&timestamp=20260809040117&Channel_ID=0116_2600000900-99000-201600010010027&ProgramID=609169226&ParentNodeID=-99&assertID=2200192899&client_ip=218.28.233.106&SecurityKey=20260809040117&promotionId=&mvid=2200192899&mcid=500020&playurlVersion=ZQ-A1-9.8.0-SNAPSHOT&userid=&jmhm=&videocodec=h264&appCode=miguvideo_android&bean=mgspad&tid=android&conFee=0&encrypt=e325095006c59ff96b6d6f9386919ee9
电影丧尸片,http://live.metshop.top/huya/21059578?cdn=alicdn
电影功夫片,http://live.metshop.top/huya/11352941?cdn=alicdn
电影犯罪片,http://live.metshop.top/huya/11352974?cdn=alicdn
电影谍战片,http://live.metshop.top/huya/21059587?cdn=alicdn
电影贺岁,http://live.metshop.top/huya/11601971?cdn=alicdn
电影高分动作,http://live.metshop.top/huya/11352884?cdn=alicdn
舒兰新闻,http://stream8.jlntv.cn/shulan/sd/live.m3u8?zjild
财富天下,http://hlsztemgsplive.miguvideo.com:8080/migu/kailu/cftx/50/20250804/index.m3u8?msisdn=2026080904011357054348be404fbf96ebd1dfeb4db81f&mdspid=&spid=600697&netType=0&sid=5910022193&pid=2028597139&timestamp=20260809040113&Channel_ID=0116_2600000900-99000-201600010010027&ProgramID=956923159&ParentNodeID=-99&assertID=5910022193&client_ip=218.28.233.106&SecurityKey=20260809040113&promotionId=&mvid=5900006715&mcid=500020&playurlVersion=ZQ-A1-9.8.0-SNAPSHOT&userid=&jmhm=&videocodec=h264&appCode=miguvideo_android&bean=mgspad&tid=android&conFee=0&encrypt=def4ac9d9a86bf62fc2d3848be946dd0
韩国电影1,https://stream.ads.ottera.tv/playlist.m3u8?network_id=595
飞碟之谜01,https://hls.cntv.lxdns.com/asp/hls/2000/0303000a/3/default/f0a47e155d32450daa1d36a04fd7d262/2000.m3u8
飞碟之谜02,https://newcntv.qcloudcdn.com/asp/hls/2000/0303000a/3/default/d2454bbb542d4613a9db478dab2addfd/2000.m3u8
龙井,http://stream8.jlntv.cn/ljtv/sd/live.m3u8?zjild
◆◆◆　https://cloud.7so.top/f/Bgw1H8/%E5%A4%A7%E6%94%B9.txt
忘川彼岸,https://txmov2.a.kwimgs.com/upic/2023/07/12/20/BMjAyMzA3MTIyMDEyNTlfMzM5Njk4MTMyNl8xMDc3OTI5ODAyMDVfMF8z_b_Ba7edcee8d69c709d5e6eccdb5333d13b.mp4
晚风心里吹,https://alimov2.a.kwimgs.com/upic/2023/07/10/14/BMjAyMzA3MTAxNDE5MTdfMzM5Njk4MTMyNl8xMDc2MDM1MDcwMjhfMF8z_b_B2c9fa52d46ef9499c4682907e8328111.mp4
好想抱着你,https://txmov2.a.kwimgs.com/upic/2023/07/31/15/BMjAyMzA3MzExNTE0NDBfMzM5Njk4MTMyNl8xMDkzMzMzMzIxNzZfMF8z_b_B1948380dbccf0f753597da137aca876b.mp4
wonder girls-Nobody,https://www.iesdouyin.com/aweme/v1/playwm/?video_id=v0d00fg10000c6loblbc77u7hd3mel20&ratio=720p&line=0
faded,https://www.iesdouyin.com/aweme/v1/playwm/?video_id=v0d00fg10000ctbhakfog65pugm8msu0&ratio=720p&line=0
Trouble Is a Friend,https://www.iesdouyin.com/aweme/v1/playwm/?video_id=v0300fg10000ce4sahbc77u86e1eone0&ratio=720p&line=0
Unstoppable,https://www.iesdouyin.com/aweme/v1/playwm/?video_id=v0200fg10000ce4av3bc77u7mqoje2kg&ratio=720p&line=0
Dragostea Din Tei,https://www.iesdouyin.com/aweme/v1/playwm/?video_id=v0200fg10000c98qrmbc77ucqknl90ag&ratio=720p&line=0
策划,https://vd3.bdstatic.com/mda-ki60ag5ub193axs9/hd/mda-ki60ag5ub193axs9.mp4?pd=19&vt=1&playlist=%5B%22sc%22%2C%22hd%22%5D
不差钱,https://vdse.bdstatic.com//769f31778a85f33825c44a9b0c70ac37.mp4?authorization=bce-auth-v1%2F40f207e648424f47b2e3dfbb1014b1a5%2F2022-06-15T10%3A24%3A57Z%2F-1%2Fhost%2F9d4a74ab09dc18c2f4d9b0b8f77c621471a15359ec3b77c186f51611f4712005
就差钱,https://vdse.bdstatic.com//812d49e751aa31530ec39debfe54a359.mp4?authorization=bce-auth-v1%2F40f207e648424f47b2e3dfbb1014b1a5%2F2022-06-14T08%3A49%3A09Z%2F-1%2Fhost%2Fa58bdb86d23b53b6909e8e19d85dad9fed3adeba4a664a22eef9a7d32ac2486a
昨天今天明天,https://vd3.bdstatic.com/mda-ia4xz7n2s4hxbhby/logo/hd/mda-ia4xz7n2s4hxbhby.mp4?pd=19&vt=1&playlist=%5B%22hd%22%2C%22sc%22%5D
捐助,https://vd3.bdstatic.com/mda-jaqz8g17b9cvryks/hd/mda-jaqz8g17b9cvryks.mp4?pd=19&vt=1
捐助后传,https://vd3.bdstatic.com/mda-kbsrpz9zmbbvznjw/hd/mda-kbsrpz9zmbbvznjw.mp4?pd=19&vt=1&playlist=%5B%22hd%22%2C%22sc%22%5D
小崔说事,https://vdse.bdstatic.com//2f54cd59170279f94c5b354179bda8c0.mp4?authorization=bce-auth-v1%2F40f207e648424f47b2e3dfbb1014b1a5%2F2022-06-12T04%3A47%3A48Z%2F-1%2Fhost%2Fc0d35c8c0a00af3226ac1bc3a1510c1474d8054a30290740da4a2d567924f779
小崔说事儿,https://vdse.bdstatic.com//0881642336164cb448c0d8addd2d22a6.mp4?authorization=bce-auth-v1/40f207e648424f47b2e3dfbb1014b1a5/2022-05-28T07:29:10Z/-1/host/4c290e67925bf7954af616c290b337b52a840355f1184f78619d696a5da5c0bb
中奖了,https://vd3.bdstatic.com/mda-kmkh9zy2b3gnx4bq/mda-kmkh9zy2b3gnx4bq.mp4?pd=19&vt=1
卖拐,https://vd3.bdstatic.com/mda-mdgia7vnkscvxh6d/v1-hknm/hd/mda-mdgia7vnkscvxh6d.mp4?pd=19&vt=1
卖车,https://vd3.bdstatic.com/mda-kg33nbdczsa9ktat/mda-kg33nbdczsa9ktat.mp4?playlist=%5B%22hd%22%5D&pd=19&vt=1
功夫,https://vd3.bdstatic.com/mda-mjn3rmcivntas8ez/hd/cae_h264_nowatermark/1635016788091110865/mda-mjn3rmcivntas8ez.mp4?pd=19&vt=1
相亲1,https://vd3.bdstatic.com/mda-ki5quadqsdi1tk9e/mda-ki5quadqsdi1tk9e.mp4?pd=-1&pt=0&cr=0&vt=0&cd=0&did=cfcd208495d565ef66e7dff9f98764da&logid=3024484252&vid=10808391094376007907&auth_key=1655295624-0-0-6fb10727b6c3c195f08ff9bebe036cd0&bcevod_channel=searchbox_feed
相亲2,https://vd3.bdstatic.com/mda-kipkytij74rnn9k3/hd/mda-kipkytij74rnn9k3.mp4?pd=19&vt=1&playlist=%5B%22sc%22%2C%22hd%22%5D
钟点工,https://aweme.snssdk.com/aweme/v1/playwm/?video_id=v0200fg10000c8e2e53c77ua6v88gk9g&ratio=720p&line=0
火炬手,https://vd3.bdstatic.com/mda-jar0302925j1nwep/hd/mda-jar0302925j1nwep.mp4?pd=19&vt=1&playlist=%5B%22hd%22%5D
我想有个家,https://vd3.bdstatic.com/mda-mkskgzkzsgvgcntm/540p/h264_cae/1638023743815756700/mda-mkskgzkzsgvgcntm.mp4?pd=19&vt=1
狭路相逢,https://vd3.bdstatic.com/mda-kd0mku18u3rui7gz/v1-cae/hd/mda-kd0mku18u3rui7gz.mp4?pd=19&vt=1&playlist=%5B%22hd%22%2C%22sc%22%5D
超级大明星,https://vd3.bdstatic.com/mda-ji3f9bxs1cxwmui7/hd/mda-ji3f9bxs1cxwmui7.mp4?pd=19&vt=1&playlist=%5B%22hd%22%5D
阳仔演笑会,https://vdse.bdstatic.com//cf06ee490cf69657ab9f333e067b348e.mp4?authorization=bce-auth-v1%2F40f207e648424f47b2e3dfbb1014b1a5%2F2022-06-15T10%3A30%3A16Z%2F-1%2Fhost%2Fe3b07458bdfa3f2b9dd841f97ab3b32a73e1f5c3c55fec0e851f21054900b4a3
阳仔演笑会2,https://vdse.bdstatic.com//b837548733e6bd32629f9134457ad811.mp4?authorization=bce-auth-v1%2F40f207e648424f47b2e3dfbb1014b1a5%2F2022-06-14T12%3A24%3A48Z%2F-1%2Fhost%2F21b407cd58e7d2f39864128a9160659f1f4845e2cf4c01c6e2a3f30be1dbc557
同桌的你,https://vd3.bdstatic.com/mda-kkfwqyn6sc4r5579/mda-kkfwqyn6sc4r5579.mp4?pd=19&vt=1
晶晶小品,https://live.metshop.top/huya/11352938
笑傲,https://live.metshop.top/huya/11352908
开心小品,http://tc-tct.douyucdn2.cn/dyliveflv3/10153463r0oBSmAG.flv?wsAuth=327f9acf257abce343423d9ca46ef9ae&token=cpn-androidmpro-0-10153463-ee6c60cb51b36154827caa4c2303ce140c03be821c37ac32&logo=0&expire=0&did=d010b07dcb997ada9934081c873542f0&origin=tct&vhost=play3
贾玲,https://live.metshop.top/douyu/10419541
许君聪,https://live.metshop.top/douyu/10419558
吉林娱乐,https://live.metshop.top/douyu/9273031
欢乐小贩,https://live.metshop.top/douyu/9403690
爱笑会议室,https://live.metshop.top/douyu/9375430
辽宁春晚,https://live.metshop.top/douyu/9403738
组团上春晚,https://live.metshop.top/douyu/9406416
本山快乐营,https://live.metshop.top/douyu/9374865
欢乐相伴,https://live.metshop.top/douyu/9403781
娱乐,https://live.metshop.top/douyu/9403712
小宝,https://live.metshop.top/douyu/9817729
家庭欢乐秀,https://live.metshop.top/huya/11352937
开心麻花,https://live.metshop.top/douyu/10153463
小陈,https://live.metshop.top/douyu/1486165
小品1,https://live.metshop.top/huya/11352961
小品2,http://epg.112114.xyz/douyu/9067836
小品3,https://live.metshop.top/huya/11352947
赵本山,http://epg.112114.xyz/douyu/9817716
yy小品,http://jxiptv.xn--9kqp7k2rd.com/svip/yy.php?t=1354931503
yy小品2,http://jxiptv.xn--9kqp7k2rd.com/svip/yy.php?t=1382741642
yy小品3,http://jxiptv.xn--9kqp7k2rd.com/svip/yy.php?t=1354936198
经典小品,http://59.47.74.33:35455/douyu/9067836
吃面,https://vd3.bdstatic.com/mda-kihjn2cq7103ivig/v1-cae/hd/mda-kihjn2cq7103ivig.mp4
非诚来扰,https://vd3.bdstatic.com/mda-jk4sx2ggq7u355d6/hd/mda-jk4sx2ggq7u355d6.mp4
幸福密码,https://vd3.bdstatic.com/mda-kj9ispnax8gpirkf/hd/mda-kj9ispnax8gpirkf.mp4
狭路相逢,https://vd3.bdstatic.com/mda-kanfj7h320ueqgkg/v1-cae/hd/mda-kanfj7h320ueqgkg.mp4
最佳酒友,https://vd3.bdstatic.com/mda-jheqyidz841gwxpy/hd/mda-jheqyidz841gwxpy.mp4
整容归来,https://vd3.bdstatic.com/mda-ji1xe9cmasuh0722/hd/mda-ji1xe9cmasuh0722.mp4
老王卖瓜,https://vd3.bdstatic.com/mda-jkrk9bk95f9utr9r/hd/mda-jkrk9bk95f9utr9r.mp4
卓依婷1,https://txmov2.a.kwimgs.com/bs3/video-hls/5213198081048286620_hlsb.m3u8
卓依婷2,https://txmov2.a.kwimgs.com/bs3/video-hls/5252041701152345508_hlsb.m3u8
颜人中,https://www.iesdouyin.com/aweme/v1/playwm/?video_id=v0200fg10000d07m1fnog65i93c1s7qg&ratio=720p&line=0
张惠妹1,https://www.iesdouyin.com/aweme/v1/playwm/?video_id=v0200fg10000cpfe9nfog65hhstjqpn0&ratio=720p&line=0
张惠妹2,https://k0ub7yffy10y9zw2409x875ex5088x330xx9z.djvod.ndcimgs.com/upic/2023/02/23/19/BMjAyMzAyMjMxOTU2MzRfMTg1NzcxNTYxOF85Njg2MDMwMDE1N18yXzM=_b_Bf54be4dff6265ad447bf289ec395ad97.mp4
刘若英1,https://txmov2.a.kwimgs.com/bs3/video-hls/5209538906195814920_hlsb.m3u8
刘若英2,https://txmov2.a.kwimgs.com/bs3/video-hls/5221923876251083359_hlsb.m3u8
刘若英3,https://www.iesdouyin.com/aweme/v1/playwm/?video_id=v0300fg10000csi2q17og65ogriq3jv0&ratio=720p&line=0
刘若英4,https://k0u78ye2y19y4dz.djvod.ndcimgs.com/upic/2020/10/29/17/BMjAyMDEwMjkxNzA5MjdfMTc4NDYxNDcyNl8zODQyMTMwNzU4N18yXzM=_b_B1cba0ec1b6353c03bf45462938b77ed8.mp4
Alin,https://www.iesdouyin.com/aweme/v1/playwm/?video_id=v0300fg10000cvt3q87og65l7fblbmog&ratio=720p&line=0
萧亚轩,https://www.iesdouyin.com/aweme/v1/playwm/?line=0&logo_name=aweme_diversion_search&ratio=720p&video_id=v0d00fg10000cvtpr1nog65jio7np2o0
By2,https://www.iesdouyin.com/aweme/v1/playwm/?video_id=v0d00fg10000d1j0n57og65pvurg65ag&ratio=720p&line=0
方大同,https://www.iesdouyin.com/aweme/v1/playwm/?line=0&logo_name=aweme_diversion_search&ratio=720p&video_id=v0300fg10000cv2nd2nog65v744ae6i0
南拳妈妈,https://www.iesdouyin.com/aweme/v1/playwm/?video_id=v0300fg10000cqfnlknog65p5u0cnn9g&ratio=720p&line=0
罗志祥,https://www.iesdouyin.com/aweme/v1/playwm/?video_id=v0200fg10000d0et0mfog65hj1cq0130&ratio=720p&line=0
孙露1,http://www.iesdouyin.com/aweme/v1/play/?video_id=v0300fg10000cd8ge8bc77u61rhg0ul0&ratio=1080p&line=0
孙露2,http://www.iesdouyin.com/aweme/v1/play/?video_id=v0200fg10000cm1tshfog65h8e0kfo40&ratio=1080p&line=0
粤语歌,https://txmov2.a.kwimgs.com/bs3/video-hls/5197154129058223649_hlsb.m3u8
徐良,https://alimov2.a.kwimgs.com/upic/2024/05/08/20/BMjAyNDA1MDgyMDAyMjFfMTg1NzcxNTYxOF8xMzE5MDIyNTY0NzNfMl8z_b_B62cb1e50d6a0dea4efc3e6da93662aa4.mp4
乔洋,https://txmov2.a.kwimgs.com/upic/2024/01/05/17/BMjAyNDAxMDUxNzEwMTJfNDQzMTI2Mjg0XzEyMTM5OTg3NTU2MV8yXzM=_b_Bf81e0b3d32a3fe727949531d0929868e.mp4
庄心妍,https://txmov2.a.kwimgs.com/upic/2023/09/29/09/BMjAyMzA5MjkwOTEzMDVfMjE0OTExOTI2N18xMTM3OTU3ODM3NzFfMF8z_b_B1909889bf55e6af6f994b05596fb589f.mp4
任然,https://txmov2.a.kwimgs.com/upic/2020/09/23/14/BMjAyMDA5MjMxNDA1MjFfMTc4NDYxNDcyNl8zNjQ5NDI4NzI1Nl8yXzM=_b_B0f6d5151ab2c346816996328a0b66b78.mp4
云朵,https://txmov2.a.kwimgs.com/bs3/video-hls/5246412201505505933_hlsb.m3u8
韩宝仪1,https://txmov2.a.kwimgs.com/bs3/video-hls/5250634324924434598_hlsb.m3u8
韩宝仪2,https://txmov2.a.kwimgs.com/bs3/video-hls/5199405878731760679_hlsb.m3u8
金海心,https://txmov2.a.kwimgs.com/bs3/video-hls/5202783577818793385_hlsb.m3u8
周传雄,https://k0ub7yffy10y9z.djvod.ndcimgs.com/bs3/video-hls/5210101864526740619_hlsb.m3u8
张学友1,https://k0ub7yffy10yezw2409x875ex5088x330xxez.djvod.ndcimgs.com/bs3/video-hls/5207287162232816373_hlsb.m3u8
张学友2,https://txmov2.a.kwimgs.com/upic/2020/10/20/18/BMjAyMDEwMjAxODEyMDFfMTc4NDYxNDcyNl8zNzk4NDE2MTk3MV8yXzM=_b_B468e68508fc9e08728ffea7dc0438511.mp4
刘德华1,https://k0ub7yffy10yfz.djvod.ndcimgs.com/upic/2023/07/25/08/BMjAyMzA3MjUwODU3MzRfMzYxMjUyNDA3MV8xMDg4MTUzNTczMzFfMF8z_b_Bf67605afd92859a39e607f504f43c9f7.mp4
刘德华2,https://txmov2.a.kwimgs.com/bs3/video-hls/5223894130924950539_hlsb.m3u8
刘德华3,https://txmov2.a.kwimgs.com/bs3/video-hls/5231775430381069161_hlsb.m3u8
黎明,https://k0ub7yffy10y8z.djvod.ndcimgs.com/bs3/video-hls/5257671152053263747_hlsb.m3u8
王菲,https://k0u6fy1dy17yc5zw2409x8c5ex5000x740xx5z.djvod.ndcimgs.com/bs3/video-hls/5230931130420749618_8530c04da878a1f8_4119_hlsb.m3u8
谭咏麟1,https://txmov2.a.kwimgs.com/bs3/video-hls/5235434604782528949_hlsb.m3u8
谭咏麟2,https://txmov2.a.kwimgs.com/bs3/video-hls/5224457136736166158_hlsb.m3u8
谭咏麟3,https://k0u6fy1dy17yc5zw2409x8c5ex5000x740xx5z.djvod.ndcimgs.com/bs3/video-hls/5216012959488968308_465ea08469b567d7_9137_hlsfsl200hd15.m3u8
林忆莲1,https://k0ub7yffy10yez.djvod.ndcimgs.com/upic/2024/01/16/07/BMjAyNDAxMTYwNzEzNTNfODI4NTk1NTQ0XzEyMjIyODI2OTMyM18yXzM=_b_B358e6b1dbf7db9a80ffc4f82cee98a4e.mp4
林忆莲,https://txmov2.a.kwimgs.com/bs3/video-hls/5250071375165662691_hlsb.m3u8
古巨基,https://k0u6fy1dy17yc6zw2409x8c5ex5000x740xx6z.djvod.ndcimgs.com/bs3/video-hls/5257671255731399908_936fe74351be1d48_9988_hlsfsl200hd15.m3u8
周杰伦1,https://txmov2.a.kwimgs.com/upic/2023/06/18/23/BMjAyMzA2MTgyMzE1MjBfMzQ4MzI0MjA1OF8xMDU4Nzc4MzAzNjZfMF8z_b_B386baa1bb2c0c48626a830ff69393771.mp4
周杰伦2,https://txmov2.a.kwimgs.com/upic/2020/10/23/09/BMjAyMDEwMjMwOTQ4MzVfMTc4NDYxNDcyNl8zODA5ODg1NTk2NV8yXzM=_b_B2646fac30e83026c7c7402b4e3b98c3b.mp4
周杰伦3,https://txmov2.a.kwimgs.com/bs3/video-hls/5227553413748283828_hlsb.m3u8
周杰伦4,https://txmov2.a.kwimgs.com/bs3/video-hls/5230368055161368210_hlsb.m3u8
周杰伦5,https://txmov2.a.kwimgs.com/bs3/video-hls/5231775534346885885_hlsb.m3u8
周杰伦6,https://txmov2.a.kwimgs.com/bs3/video-hls/5211790780346725756_hlsb.m3u8
周杰伦7,https://txmov2.a.kwimgs.com/bs3/video-hls/5224175732120154657_ae04903720c1fda3_5561_hlsb.m3u8
周杰伦8,https://txmov2.a.kwimgs.com/bs3/video-hls/5190680212403952141_c0d403c49df98886_3702_hlsb.m3u8
林俊杰1,https://txmov2.a.kwimgs.com/upic/2024/01/09/12/BMjAyNDAxMDkxMjA2MDdfMzQ4MzI0MjA1OF8xMjE2Nzg4Mjk4NTZfMF8z_b_Bc9f7d3b0c4b69136e61d8328a8538bd2.mp4?clientCacheKey=3xajh8b4u5j6uva_b.mp4
林俊杰2,https://txmov2.a.kwimgs.com/bs3/video-hls/5231212549905475206_hlsb.m3u8
林俊杰3,https://txmov2.a.kwimgs.com/bs3/video-hls/5217701680547515167_hlsb.m3u8
潘玮柏,https://txmov2.a.kwimgs.com/upic/2021/02/18/21/BMjAyMTAyMTgyMTI0MzNfODI4NTk1NTQ0XzQ0NTk2NzM2MDU3XzJfMw==_b_B92f3c6849966ee988590af29cfd9237b.mp4?tag=1-1750435163-std-1-6qxcke5wod-82a7afd374de76aa&clientCacheKey=3xabaxhvbd3me8s_b.mp4
杨丞琳,https://txmov2.a.kwimgs.com/upic/2020/09/20/20/BMjAyMDA5MjAyMDAyMDdfODI4NTk1NTQ0XzM2MzcyMzIwMzYzXzJfMw==_b_B8aa481540d89fe5ec2b3507f8209c663.mp4?tag=1-1750931214-std-1-wz3snqjkat-8298da1fe959ffc7&clientCacheKey=3x8t5k75nb5mzyc_b.mp4&tt=b&di=739f67b1&bp=12681&ali_redirect_ex_hot=66666800&ali_redirect_ex_beacon=1
张杰1,https://txmov2.a.kwimgs.com/upic/2023/08/06/13/BMjAyMzA4MDYxMzIxNDZfODM0NDUzMTQ2XzEwOTgxMDY1NjE0MF8wXzM=_b_Bd5fedc48db11e5ccd52e4c2de1d8213a.mp4
张杰2,https://txmov2.a.kwimgs.com/bs3/video-hls/5242190068803906082_hlsb.m3u8
张杰3,https://txmov2.a.kwimgs.com/bs3/video-hls/5252886123455427055_hlsb.m3u8
张杰4,https://txmov2.a.kwimgs.com/bs3/video-hls/5214042506877152890_hlsb.m3u8
Beyond1,https://txmov2.a.kwimgs.com/upic/2024/01/24/14/BMjAyNDAxMjQxNDQxMjZfODI4NTk1NTQ0XzEyMzAwNzQ1MTk1Ml8yXzM=_b_Bf4811084a61390aced44f1c86a2ebddf.mp4
BEYOND2,https://txmov2.a.kwimgs.com/bs3/video-hls/5259359978039302542_hlsb.m3u8
陶喆1,https://txmov2.a.kwimgs.com/upic/2023/08/06/13/BMjAyMzA4MDYxMzEzMzhfODM0NDUzMTQ2XzEwOTgxMDA2NzAyNF8wXzM=_b_B5e5a6bf1ef67081a9a226a2f6145ea2d.mp4
陶喆2,https://txmov2.a.kwimgs.com/bs3/video-hls/5239938277375381611_hlsb.m3u8
陈奕迅,https://txmov2.a.kwimgs.com/upic/2022/12/22/17/BMjAyMjEyMjIxNzM3NDNfMTg1NzcxNTYxOF85MTcyMjE1NDQzNV8yXzM=_b_B16479ab3769c6fcfed15a06b75c2656e.mp4
邓紫棋,https://txmov2.a.kwimgs.com/upic/2023/05/08/12/BMjAyMzA1MDgxMjIwNTNfMzQ4MzI0MjA1OF8xMDI1NjYyMjM5MDZfMF8z_b_B0675fa55fe8ce0583fb05fa02330e9f1.mp4
薛之谦1,https://txmov2.a.kwimgs.com/upic/2023/07/28/13/BMjAyMzA3MjgxMzUwMzRfODM0NDUzMTQ2XzEwOTA3NjA4NDU2Nl8wXzM=_b_B480250201ec7378867d92e4d29f7a644.mp4
薛之谦2,https://txmov2.a.kwimgs.com/bs3/video-hls/5217420205858849594_hlsb.m3u8
五月天,https://txmov2.a.kwimgs.com/upic/2021/12/07/23/BMjAyMTEyMDcyMzU2MzBfMjgwMTM4ODFfNjIzMTcwNTU3MTlfMl8z_b_Bd70a16353267a52b31d11f2cb77c6c5b.mp4
蔡依林,https://txmov2.a.kwimgs.com/upic/2025/06/12/20/BMjAyNTA2MTIyMDUzMjFfNDQzMTI2Mjg0XzE2NjY1MzM5MjYxMV8yXzM=_b_B3bed4c7c1a80388966791d398e318edd.mp4
张韶涵1,https://txmov2.a.kwimgs.com/bs3/video-hls/5214042570897417743_hlsb.m3u8
张韶涵2,https://txmov2.a.kwimgs.com/bs3/video-hls/5258515617083074516_hlsb.m3u8
张韶涵3,https://txmov2.a.kwimgs.com/upic/2023/04/24/02/BMjAyMzA0MjQwMjA4MDlfMjE0OTExOTI2N18xMDEzNTM2NjA5OTFfMF8z_b_Baa658d527c452cd09e6dc0e9684c1bed.mp4
王心凌1,https://txmov2.a.kwimgs.com/upic/2023/07/26/22/BMjAyMzA3MjYyMjExNTNfMzYxMjUyNDA3MV8xMDg5NTQ4NjE1ODlfMF8z_b_Bdded2693ce6f7de089cfd7030b45bef7.mp4
王心凌2,https://txmov2.a.kwimgs.com/bs3/video-hls/5210946351305777158_hlsb.m3u8
莫文蔚,https://txmov2.a.kwimgs.com/upic/2023/07/27/21/BMjAyMzA3MjcyMTQ2MjdfMzYxMjUyNDA3MV8xMDkwMzM1MjA2NTJfMF8z_b_B144de29e473911c6e9187c9d591b8943.mp4
陈慧琳,https://txmov2.a.kwimgs.com/upic/2025/02/09/20/BMjAyNTAyMDkyMDIzNTVfMTg1NzcxNTYxOF8xNTY0NDk2NjMzNTZfMl8z_b_Bd072695cb8d3a79a9d1ac8cdb5b3b3bc.mp4
蔡健雅,https://txmov2.a.kwimgs.com/upic/2023/08/18/21/BMjAyMzA4MTgyMTA4MzZfODM0NDUzMTQ2XzExMDgyNTA1MjcwM18wXzM=_b_B0d509c2419313652932c68153a65e4ed.mp4
王力宏1,https://txmov2.a.kwimgs.com/bs3/video-hls/5205035380900810284_hlsb.m3u8
王力宏2,https://txmov2.a.kwimgs.com/upic/2020/09/30/21/BMjAyMDA5MzAyMTU2NTNfODI4NTk1NTQ0XzM2ODY1NDA2MDM3XzJfMw==_b_Bf61393cb3ef5f8ab4b687ae367ed1211.mp4
孙燕姿,https://txmov2.a.kwimgs.com/upic/2020/07/15/19/BMjAyMDA3MTUxOTA1MzhfNTAyNzg4MTc0XzMyNDIzMzUwMjAyXzJfMw==_b_Bd09b171541ea966fd7a324624cfe6c16.mp4
周深1,https://txmov2.a.kwimgs.com/upic/2023/08/07/21/BMjAyMzA4MDcyMTAzMzZfMzYxMjUyNDA3MV8xMDk5Mjc3MDcwMTFfMF8z_b_B707fdf2100370008b57219d4a1dab568.mp4
周深2,https://txmov2.a.kwimgs.com/bs3/video-hls/5206161266513699288_hlsb.m3u8
姜育恒,https://txmov2.a.kwimgs.com/bs3/video-hls/5228116320942620413_hlsb.m3u8
童安格,https://txmov2.a.kwimgs.com/bs3/video-hls/5251760219003853218_hlsb.m3u8
任贤齐,https://txmov2.a.kwimgs.com/bs3/video-hls/5254012023525680703_hlsb.m3u8
陈瑞,https://txmov2.a.kwimgs.com/bs3/video-hls/5204472429788093934_hlsb.m3u8
林志炫,https://txmov2.a.kwimgs.com/bs3/video-hls/5253449075409106514_hlsb.m3u8
经典,https://txmov2.a.kwimgs.com/bs3/video-hls/5211790793651941963_hlsb.m3u8
陈淑桦,https://txmov2.a.kwimgs.com/bs3/video-hls/5207850128833175307_hlsb.m3u8
汪明荃,https://txmov2.a.kwimgs.com/bs3/video-hls/5202502102851767269_hlsb.m3u8
许蒿,https://txmov2.a.kwimgs.com/bs3/video-hls/5246693673328160378_hlsb.m3u8
张茜,https://txmov2.a.kwimgs.com/bs3/video-hls/5251478751616846395_hlsb.m3u8
甄妮,https://txmov2.a.kwimgs.com/bs3/video-hls/5199405879311116082_hlsb.m3u8
张靓颖,https://txmov2.a.kwimgs.com/bs3/video-hls/5226990353335003051_hlsb.m3u8
刀郎,https://txmov2.a.kwimgs.com/bs3/video-hls/5216857256107793702_hlsb.m3u8
郑源,https://txmov2.a.kwimgs.com/bs3/video-hls/5190680082130232958_hlsb.m3u8
李玉刚,https://txmov2.a.kwimgs.com/bs3/video-hls/5223612653165060930_hlsb.m3u8
魏新雨,https://txmov2.a.kwimgs.com/bs3/video-hls/5222486754983143980_hlsb.m3u8
董贞,https://txmov2.a.kwimgs.com/bs3/video-hls/5224738552345336501_hlsb.m3u8
杨钰莹,https://txmov2.a.kwimgs.com/bs3/video-hls/5203064980071425870_hlsb.m3u8
阿杜,https://txmov2.a.kwimgs.com/bs3/video-hls/5202502029789644760_hlsb.m3u8
陈慧娴,https://txmov2.a.kwimgs.com/bs3/video-hls/5239093902302535938_hlsb.m3u8
刀郎,https://vdse.bdstatic.com//5f006559d60e485ba725c1026772717f.mp4
SHE,https://txmov2.a.kwimgs.com/upic/2023/07/30/19/BMjAyMzA3MzAxOTEyNDhfODI4NTk1NTQ0XzEwOTI2ODgxNTQyOF8yXzM=_b_B1770e5ac950c20cda3df1678ded64cbc.mp4?tag=1-1754625871-std-1-9msmgkqnic-492b9eaf83438074&clientCacheKey=3xdck2arwksxhfw_b.mp4&tt=b&di=88ccff4&bp=12681&ali_redirect_ex_hot=66666800&ali_redirect_ex_beacon=1
SHE1,https://txmov2.a.kwimgs.com/upic/2023/07/30/19/BMjAyMzA3MzAxOTEyNDhfODI4NTk1NTQ0XzEwOTI2ODgxNTQyOF8yXzM=_b_B1770e5ac950c20cda3df1678ded64cbc.mp4
SHE2,https://txmov2.a.kwimgs.com/bs3/video-hls/5230086584188656301_hlsb.m3u8
SHE3,https://txmov2.a.kwimgs.com/bs3/video-hls/5226145931449194274_hlsb.m3u8
SHE4,https://txmov2.a.kwimgs.com/upic/2021/01/12/21/BMjAyMTAxMTIyMTE4NTJfODI4NTk1NTQ0XzQyMjc5ODUxNjAwXzJfMw==_b_B16677937ea23125807441f73d6ff71ba.mp4
许嵩,https://alimov2.a.kwimgs.com/upic/2020/09/14/21/BMjAyMDA5MTQyMTMzMDdfODI4NTk1NTQ0XzM2MDUzMTE1NjM5XzJfMw==_b_B789c6ea6a87d1b67019f19f16c9f71f7.mp4
梁静茹,https://txmov2.a.kwimgs.com/upic/2023/08/06/13/BMjAyMzA4MDYxMzA3MTVfODM0NDUzMTQ2XzEwOTgwOTYwMjQ1OV8wXzM=_b_Bd9c215cb7ac961de3d5db54cb7bffed6.mp4
陈粒,https://txmov2.a.kwimgs.com/upic/2020/10/04/21/BMjAyMDEwMDQyMTI1NDZfMTc4NDYxNDcyNl8zNzE2MjYzNjA2N18yXzM=_b_B916781f8115d7d5caf6554e522a17daa.mp4
丁当,https://www.iesdouyin.com/aweme/v1/playwm/?video_id=v0200fg10000ch5q3urc77u1uogf5aq0&ratio=720p&line=0
Tank,https://www.iesdouyin.com/aweme/v1/playwm/?video_id=v0300fg10000covn6jfog65t7htp4930&ratio=720p&line=0
贾斯汀比伯,https://www.iesdouyin.com/aweme/v1/playwm/?video_id=v0300fg10000c73r123c77u5kmhu1kh0&ratio=720p&line=0
郭静,https://www.iesdouyin.com/aweme/v1/playwm/?line=0&logo_name=aweme_diversion_search&ratio=720p&video_id=v0300fg10000d27kqc7og65u9r5sb1a0
腾格尔1,http://txmov2.a.kwimgs.com/bs3/video-hls/5242471550986018227_hlsb.m3u8
腾格尔2,https://txmov2.a.kwimgs.com/bs3/video-hls/5242471550986018227_hlsb.m3u8
国语老歌1,https://vd3.bdstatic.com/mda-peb3rhxk5uyvghpj/720p/h264/1683859549697235538/mda-peb3rhxk5uyvghpj.mp4
国语老歌2,https://vd2.bdstatic.com/mda-ped1sgxncbswrexk/720p/h264/1684027353141147241/mda-ped1sgxncbswrexk.mp4
国语老歌3,https://vd3.bdstatic.com/mda-peg3z4yjn9bkgz31/720p/h264/1684292099467092819/mda-peg3z4yjn9bkgz31.mp4
国语老歌4,https://vd3.bdstatic.com/mda-peg44n9z66qk9z38/1080p/cae_h264/1684481766710705634/mda-peg44n9z66qk9z38.mp4
国语老歌5,https://vd3.bdstatic.com/mda-peg4c13vtwdfmyhh/720p/h264/1684292959661351663/mda-peg4c13vtwdfmyhh.mp4
国语老歌6,https://vd3.bdstatic.com/mda-peg4gw5z4ijcmmb8/1080p/cae_h264/1684546102296835094/mda-peg4gw5z4ijcmmb8.mp4
邓丽君,https://txmov2.a.kwimgs.com/bs3/video-
毛阿敏,https://txmov2.a.kwimgs.com/bs3/video-hls/5196028179371386236_hlsb.m3u8
梅朵,https://txmov2.a.kwimgs.com/bs3/video-hls/5215449953961824145_hlsb.m3u8
李翊君,https://txmov2.a.kwimgs.com/bs3/video-hls/5189835729521538666_hlsb.m3u8
陈慧娴,https://txmov2.a.kwimgs.com/bs3/video-hls/5218827651929954317_hlsb.m3u8
汤潮,https://txmov2.a.kwimgs.com/bs3/video-hls/5204472429700768764_hlsb.m3u8
魏佳艺,https://txmov2.a.kwimgs.com/bs3/video-hls/5226427471582302532_hlsb.m3u8
林依轮,https://txmov2.a.kwimgs.com/bs3/video-hls/5209257503535513363_hlsb.m3u8
云菲菲,https://txmov2.a.kwimgs.com/bs3/video-hls/5207287179922382380_hlsb.m3u8
徐良精选30首(1小时),https://txmov2.a.kwimgs.com/upic/2024/05/08/20/BMjAyNDA1MDgyMDAyMjFfMTg1NzcxNTYxOF8xMzE5MDIyNTY0NzNfMl8z_b_B62cb1e50d6a0dea4efc3e6da93662aa4.mp4?tag=1-1754626109-std-1-9zwa2xbfok-40061606b10eb007&clientCacheKey=3xfdxxsd94byium_b.mp4&tt=b&di=739f67b1&bp=12681&ali_redirect_ex_hot=66666800&ali_redirect_ex_beacon=1
汪苏泷精选20首(1小时),https://txmov2.a.kwimgs.com/upic/2020/09/30/22/BMjAyMDA5MzAyMjA3NDNfODI4NTk1NTQ0XzM2ODY2MzQxNzg4XzJfMw==_b_Bb726df27e24fda5e4d31b724d84ab8d4.mp4
王杰精选30首(2小时),https://txmov2.a.kwimgs.com/upic/2020/09/06/17/BMjAyMDA5MDYxNzU1MjJfMTc4NDYxNDcyNl8zNTYyMjQ2ODIxNl8yXzM=_b_Bc35f6a28c8cf25ea947bc122c176b034.mp4
飞轮海精选30首(2小时),https://www.iesdouyin.com/aweme/v1/playwm/?video_id=v0200fg10000cra24sfog65t497nn1o0&ratio=720p&line=0
颜人中精选36首(1小时),https://www.iesdouyin.com/aweme/v1/playwm/?video_id=v0200fg10000d07m1fnog65i93c1s7qg&ratio=720p&line=0张惠妹精选10首(1小时)
权志龙精选19首(1小时),https://k0u6fy1dy17yc7z.djvod.ndcimgs.com/upic/2024/01/06/03/BMjAyNDAxMDYwMzM5NTZfNDQzMTI2Mjg0XzEyMTQzNzg5NTQzNl8yXzM=_b_Ba6909c68ab1c5217276621ad0a94c3ab.mp4
小贱精选9首(半小时),https://www.iesdouyin.com/aweme/v1/playwm/?video_id=v1e00fgi0000d2l30hfog65v5tq1s9fg&ratio=720p&line=0
星弟精选9首(半小时),https://www.iesdouyin.com/aweme/v1/playwm/?video_id=v0200fg10000c83jq9bc77ud2ru6t4n0&ratio=720p&line=0
车载DJ串烧点播❶,https://txmov2.a.kwimgs.com/bs3/video-hls/5195465247443616945_hlsb.m3u8
车载DJ串烧点播❷,https://txmov2.a.kwimgs.com/bs3/video-hls/5197154098359410997_hlsb.m3u8
夜店DJ混音点播,https://txmov2.a.kwimgs.com/bs3/video-hls/5238530913892317704_hlsb.m3u8
老歌DJ串烧点播,https://txmov2.a.kwimgs.com/bs3/video-hls/5234027313336778127_hlsb.m3u8
国潮DJ舞曲点播,https://txmov2.a.kwimgs.com/bs3/video-hls/5254856460919464679_hlsb.m3u8
快摇越南鼓点播,https://txmov2.a.kwimgs.com/bs3/video-hls/5246130739648463544_hlsb.m3u8
带劲越南鼓点播,https://txmov2.a.kwimgs.com/bs3/video-hls/5199968844019002757_hlsb.m3u8
蹦迪越南鼓点播,https://txmov2.a.kwimgs.com/bs3/video-hls/5253167611834026799_hlsb.m3u8
40首精选慢摇点播,https://txmov2.a.kwimgs.com/bs3/video-hls/5224175695511900493_hlsb.m3u8
中文DJ舞曲点播,https://txmov2.a.kwimgs.com/bs3/video-hls/5225020119572067546_hlsb.m3u8
DJ舞曲串烧点播,https://txmov2.a.kwimgs.com/bs3/video-hls/5259923016524978973_hlsb.m3u8
热门歌曲DJ点播,https://txmov2.a.kwimgs.com/bs3/video-hls/5232619944545910926_hlsb.m3u8
中文DJ串烧合集,https://txmov2.a.kwimgs.com/bs3/video-hls/5198561450301066675_hlsb.m3u8
冷漠40首经典歌曲,https://txmov2.a.kwimgs.com/bs3/video-hls/5212916677664919326_hlsb.m3u8
梦然40首经典歌曲,https://txmov2.a.kwimgs.com/bs3/video-hls/5228679277594646633_hlsb.m3u8
孟庭苇塘14首经典歌曲,https://txmov2.a.kwimgs.com/bs3/video-hls/5210664900039596920_hlsb.m3u8
乔玲儿42首经典歌曲,https://txmov2.a.kwimgs.com/bs3/video-hls/5231494028805004923_hlsb.m3u8
2025热播歌曲一,https://txmov2.a.kwimgs.com/bs3/video-hls/5228116376065039189_hlsb.m3u8
2025热播歌曲二,https://txmov2.a.kwimgs.com/bs3/video-hls/5238530946391419016_hlsb.m3u8
2025上半场热歌,https://txmov2.a.kwimgs.com/bs3/video-hls/5229805240166343911_03c586b7260932d0_9468_hlsb.m3u8
2015至2025一人一首,https://txmov2.a.kwimgs.com/bs3/video-hls/5255419461514071721_e4697df6a4d19097_9701_hlsb.m3u8
2025热歌dj串烧,https://txmov2.a.kwimgs.com/bs3/video-hls/5242753079976695099_14cb793c281b0970_6640_hlsb.m3u8
华语乐坛十年榜,https://txmov2.a.kwimgs.com/bs3/video-hls/5201939213137161280_8c4debbfdac88e21_4747_hlsb.m3u8
2024经典网红音乐,https://txmov2.a.kwimgs.com/bs3/video-hls/5232901419274724402_hlsb.m3u8
月亮月亮你别睡,https://txmov2.a.kwimgs.com/bs3/video-hls/5206442772507597415_hlsb.m3u8
听闻远方有你,https://txmov2.a.kwimgs.com/bs3/video-hls/5232901417670432564_hlsb.m3u8
华语140首10小时,https://txmov2.a.kwimgs.com/bs3/video-hls/5200813310519721666_79e5515b44c515f8_8335_hlsb.m3u8
龙飘飘经典歌曲,https://txmov2.a.kwimgs.com/bs3/video-hls/5208976024485136549_hlsb.m3u8
邓丽君经典歌曲,https://txmov2.a.kwimgs.com/bs3/video-hls/5248663998069777370_hlsb.m3u8
陈百强12首歌曲合,https://txmov2.a.kwimgs.com/bs3/video-hls/5244723332385098844_hlsb.m3u8
红歌经典16首集,https://txmov2.a.kwimgs.com/bs3/video-hls/5235434671803532074_hlsb.m3u8
陈慧娴好听十首,https://txmov2.a.kwimgs.com/bs3/video-hls/5204472424660634566_hlsb.m3u8
阿悠悠好听十首歌,https://txmov2.a.kwimgs.com/bs3/video-hls/5239093846557573983_hlsb.m3u8
阿杜最火十首歌,https://txmov2.a.kwimgs.com/bs3/video-hls/5238249422593655681_hlsb.m3u8
刀郎经典歌曲,https://txmov2.a.kwimgs.com/bs3/video-hls/5242471545841178542_hlsb.m3u8
程响经典歌曲,https://txmov2.a.kwimgs.com/bs3/video-hls/5209538972099260801_hlsb.m3u8
陈楚生歌曲8首,https://txmov2.a.kwimgs.com/bs3/video-hls/5225020094292629866_hlsb.m3u8
周华健90首歌曲集,https://txmov2.a.kwimgs.com/bs3/video-hls/5206724221726884048_hlsb.m3u8
经典伤感歌曲合集,https://txmov2.a.kwimgs.com/bs3/video-hls/5196028174398018410_hlsb.m3u8
网络伤心情歌42首,https://txmov2.a.kwimgs.com/bs3/video-hls/5206161262197754691_hlsb.m3u8
花心经典老歌16首,https://txmov2.a.kwimgs.com/bs3/video-hls/5199687351673762758_hlsb.m3u8
老歌精选40首,https://txmov2.a.kwimgs.com/bs3/video-hls/5251760225747503900_hlsb.m3u8
新鸳鸯蝴蝶梦,https://txmov2.a.kwimgs.com/bs3/video-hls/5241345644601675589_hlsb.m3u8
张信哲精选歌曲,https://txmov2.a.kwimgs.com/bs3/video-hls/5219672073739744157_hlsb.m3u8
屠洪刚精选歌曲,https://txmov2.a.kwimgs.com/bs3/video-hls/5243597445416923583_hlsb.m3u8
亮剑,http://8.155.43.98:35455/huya/30080238
民兵葛二蛋,http://8.155.43.98:35455/huya/11602072
新鹿鼎记,http://8.155.43.98:35455/huya/11342388
新三国演义,http://8.155.43.98:35455/huya/11352944
水浒传,http://8.155.43.98:35455/huya/26355860
西游记,http://8.155.43.98:35455/huya/20985836
大宋提刑官,http://8.155.43.98:35455/huya/26355856
家有儿女,http://8.155.43.98:35455/huya/11352872
问心,http://8.155.43.98:35455/huya/11352890
与凤行,http://8.155.43.98:35455/huya/26355866
我和僵尸有个约会,http://8.155.43.98:35455/huya/21059571
美人心计,http://8.155.43.98:35455/huya/26355837
延禧攻略,http://8.155.43.98:35455/huya/26355864
读心专家,http://8.155.43.98:35455/huya/30590779
如懿传,http://8.155.43.98:35455/huya/29465868
还珠格格,http://8.155.43.98:35455/huya/30080241
创世纪,http://8.155.43.98:35455/huya/29465852
雪山飞狐,http://8.155.43.98:35455/huya/23734176
沈腾电影,http://8.155.43.98:35455/huya/11601968
黄渤电影,http://8.155.43.98:35455/huya/11352876
徐峥电影,http://8.155.43.98:35455/huya/11602043
周星驰电影,http://8.155.43.98:35455/huya/11342412
亮剑,http://222.186.39.21:35466/huya/30080238
民兵葛二蛋,http://222.186.39.21:35466/huya/11602072
新鹿鼎记,http://222.186.39.21:35466/huya/11342388
新三国演义,http://222.186.39.21:35466/huya/11352944
水浒传,http://222.186.39.21:35466/huya/26355860
大宋提刑官,http://222.186.39.21:35466/huya/26355856
家有儿女,http://222.186.39.21:35466/huya/11352872
问心,http://222.186.39.21:35466/huya/11352890
与凤行,http://222.186.39.21:35466/huya/26355866
我和僵尸有个约会,http://222.186.39.21:35466/huya/21059571
美人心计,http://222.186.39.21:35466/huya/26355837
延禧攻略,http://222.186.39.21:35466/huya/26355864
读心专家,http://222.186.39.21:35466/huya/30590779
如懿传,http://222.186.39.21:35466/huya/29465868
还珠格格,http://222.186.39.21:35466/huya/30080241
创世纪,http://222.186.39.21:35466/huya/29465852
雪山飞狐,http://222.186.39.21:35466/huya/23734176
沈腾电影,http://222.186.39.21:35466/huya/11601968
黄渤电影,http://222.186.39.21:35466/huya/11352876
徐峥电影,http://222.186.39.21:35466/huya/11602043
周星驰电影,http://222.186.39.21:35466/huya/11342412
亮剑,http://39.153.130.167:35455/huya/30080238
民兵葛二蛋,http://39.153.130.167:35455/huya/11602072
新鹿鼎记,http://39.153.130.167:35455/huya/11342388
新三国演义,http://39.153.130.167:35455/huya/11352944
水浒传,http://39.153.130.167:35455/huya/26355860
西游记,http://39.153.130.167:35455/huya/20985836
大宋提刑官,http://39.153.130.167:35455/huya/26355856
家有儿女,http://39.153.130.167:35455/huya/11352872
问心,http://39.153.130.167:35455/huya/11352890
与凤行,http://39.153.130.167:35455/huya/26355866
我和僵尸有个约会,http://39.153.130.167:35455/huya/21059571
美人心计,http://39.153.130.167:35455/huya/26355837
延禧攻略,http://39.153.130.167:35455/huya/26355864
读心专家,http://39.153.130.167:35455/huya/30590779
如懿传,http://39.153.130.167:35455/huya/29465868
还珠格格,http://39.153.130.167:35455/huya/30080241
创世纪,http://39.153.130.167:35455/huya/29465852
雪山飞狐,http://39.153.130.167:35455/huya/23734176
沈腾电影,http://39.153.130.167:35455/huya/11601968
黄渤电影,http://39.153.130.167:35455/huya/11352876
徐峥电影,http://39.153.130.167:35455/huya/11602043
周星驰电影,http://39.153.130.167:35455/huya/11342412
亮剑,http://live.ottiptv.cc/huya/30080238
民兵葛二蛋,http://live.ottiptv.cc/huya/11602072
新鹿鼎记,http://live.ottiptv.cc/huya/11342388
新三国演义,http://live.ottiptv.cc/huya/11352944
水浒传,http://live.ottiptv.cc/huya/26355860
西游记,http://live.ottiptv.cc/huya/20985836
大宋提刑官,http://live.ottiptv.cc/huya/26355856
家有儿女,http://live.ottiptv.cc/huya/11352872
问心,http://live.ottiptv.cc/huya/11352890
与凤行,http://live.ottiptv.cc/huya/26355866
我和僵尸有个约会,http://live.ottiptv.cc/huya/21059571
美人心计,http://live.ottiptv.cc/huya/26355837
延禧攻略,http://live.ottiptv.cc/huya/26355864
读心专家,http://live.ottiptv.cc/huya/30590779
如懿传,http://live.ottiptv.cc/huya/29465868
还珠格格,http://live.ottiptv.cc/huya/30080241
创世纪,http://live.ottiptv.cc/huya/29465852
雪山飞狐,http://live.ottiptv.cc/huya/23734176
沈腾电影,http://live.ottiptv.cc/huya/11601968
黄渤电影,http://live.ottiptv.cc/huya/11352876
徐峥电影,http://live.ottiptv.cc/huya/11602043
周星驰电影,http://live.ottiptv.cc/huya/11342412
林正英电影,http://8.155.43.98:35455/yy/1351505899
插翅难逃,http://8.155.43.98:35455/yy/23402146
射雕英雄传83版,http://8.155.43.98:35455/yy/1354210357
林正英电影,http://222.186.39.21:35466/yy/1351505899
插翅难逃,http://222.186.39.21:35466/yy/23402146
射雕英雄传83版,http://222.186.39.21:35466/yy/1354210357
林正英电影,http://shorturl.jxpan.vip:880/r/baoshi_aio/yy/1351505899
插翅难逃,http://shorturl.jxpan.vip:880/r/baoshi_aio/yy/23402146
射雕英雄传83版,http://shorturl.jxpan.vip:880/r/baoshi_aio/yy/1354210357
林正英电影,http://live.ottiptv.cc/yy/1351505899
插翅难逃,http://live.ottiptv.cc/yy/23402146
射雕英雄传83版,http://live.ottiptv.cc/yy/1354210357
超精彩武打场景,https://live.ottiptv.cc/yy/1354936131
举起手来-惊险抗日,https://live.ottiptv.cc/yy/1382736877
地下交通站,https://live.ottiptv.cc/yy/1382736795
终结者2：审判日,https://live.ottiptv.cc/yy/1382851148
无双花木兰,https://live.ottiptv.cc/yy/1382749917
王牌保镖在此,https://live.ottiptv.cc/yy/1382749913
女医明妃传,https://live.ottiptv.cc/yy/1382736861
绝对让你笑翻天！,https://live.ottiptv.cc/yy/1354936159
震撼！国内功夫大片,https://live.ottiptv.cc/yy/1382736902
欢乐集结号-每天笑不停,https://live.ottiptv.cc/yy/1382741642
丸子,https://live.ottiptv.cc/yy/1382851588
少年包青天第三部,https://live.ottiptv.cc/yy/1382736814
三国演义94年经典版,https://live.ottiptv.cc/yy/1354936241
内在美-伊人有约,https://live.ottiptv.cc/yy/1382737892
暖暖1999,https://live.ottiptv.cc/yy/1382851591
这部剧你居然没看过？,https://live.ottiptv.cc/yy/1354932355
经典大片合集,https://live.ottiptv.cc/yy/1382749895
华子系列,https://live.ottiptv.cc/yy/1354888726
情满四合院-高分电视剧,https://live.ottiptv.cc/yy/1382735541
你最爱的宋小宝,https://live.ottiptv.cc/yy/1354936198
神探狄仁杰1,https://live.ottiptv.cc/yy/1354930934
�逋鞠盗�-国产喜剧,https://live.ottiptv.cc/yy/1382736856
YY用户,https://live.ottiptv.cc/yy/1382736808
恋歌,https://live.ottiptv.cc/yy/1382746276
新白娘子传奇-女神赵雅芝,https://live.ottiptv.cc/yy/1354930969
读心神探,https://live.ottiptv.cc/yy/1382736875
成龙系列,https://live.ottiptv.cc/yy/1354888751
YY用户,https://live.ottiptv.cc/yy/1382736818
国内玄幻电影-林正英,https://live.ottiptv.cc/yy/1354932444
杭小妞,https://live.ottiptv.cc/yy/1382851590
智取威虎山,https://live.ottiptv.cc/yy/1382736843
天道-9.2高分好剧,https://live.ottiptv.cc/yy/1382735574
开心小泡芙,https://live.ottiptv.cc/yy/1382851578
速度与激情系列！-精彩大片,https://live.ottiptv.cc/yy/1382736911
七色小彩虹,https://live.ottiptv.cc/yy/1382851601
少年包青天第三部,https://live.ottiptv.cc/yy/1382851540
YY用户,https://live.ottiptv.cc/yy/1382736838
恋歌,https://live.ottiptv.cc/yy/1382851594
YY用户,https://live.ottiptv.cc/yy/1382736890
YY用户,https://live.ottiptv.cc/yy/1382736910
流行古装剧—知否知否应是绿肥红瘦,https://live.ottiptv.cc/yy/1354936134
二号交通站,https://live.ottiptv.cc/yy/1354930965
香港院线大片-最新,https://live.ottiptv.cc/yy/1354936242
爆笑小品大合集,https://live.ottiptv.cc/yy/1382736821
你是最美的风景,https://live.ottiptv.cc/yy/1382851599
欢乐集结号,https://live.ottiptv.cc/yy/1354931582
颜值永远在线,https://live.ottiptv.cc/yy/1382851582
国内喜剧,https://live.ottiptv.cc/yy/1382736862
神探狄仁杰1,https://live.ottiptv.cc/yy/1382851575
张国荣与周润发的兄弟情,https://live.ottiptv.cc/yy/1354930961
郝蕾演绎-情满四合院,https://live.ottiptv.cc/yy/1382745089
大家都在看的电视剧,https://live.ottiptv.cc/yy/1354930964
大进军全集：红色系列电影,https://live.ottiptv.cc/yy/1382745083
速度与激情全集,https://live.ottiptv.cc/yy/1382749892
妖神记,https://live.ottiptv.cc/yy/1382745171
小惠_郭德纲相声迷,https://live.ottiptv.cc/yy/1382851593
我的体育老师,https://live.ottiptv.cc/yy/1382745169
炊事班的故事III,https://live.ottiptv.cc/yy/1382736716
精武英雄-李连杰主演经典动作片,https://live.ottiptv.cc/yy/1382736873
YY用户,https://live.ottiptv.cc/yy/1382736885
魔幻手机,https://live.ottiptv.cc/yy/1382735544
纯纯纯儿,https://live.ottiptv.cc/yy/1382851589
二号交通站,https://live.ottiptv.cc/yy/1382735582
宫锁珠帘,https://live.ottiptv.cc/yy/1354926666
老广的味道-美食之旅,https://live.ottiptv.cc/yy/1354932375
甜甜的恋爱 这狗粮我吃了,https://live.ottiptv.cc/yy/1354932438
YY用户,https://live.ottiptv.cc/yy/1382735572
妖神记-全集,https://live.ottiptv.cc/yy/1382735551
YY用户,https://live.ottiptv.cc/yy/1382745085
洪金宝福星系列,https://live.ottiptv.cc/yy/1354924839
风筝,https://live.ottiptv.cc/yy/1382828770
YY用户,https://live.ottiptv.cc/yy/1382736886
国内动作大片,https://live.ottiptv.cc/yy/1382745176
穿越时空的爱恋,https://live.ottiptv.cc/yy/1382735567
YY用户,https://live.ottiptv.cc/yy/1382745117
院线动作大片,https://live.ottiptv.cc/yy/1382736900
亲爱的热爱的,https://live.ottiptv.cc/yy/1354932433
无敌县令,https://live.ottiptv.cc/yy/1354932390
非常保镖-经典港剧,https://live.ottiptv.cc/yy/1382736903
欢乐集结号3,https://live.ottiptv.cc/yy/1382736822
漫威十年老粉福利来了,https://live.ottiptv.cc/yy/1354930233
时光的海,https://live.ottiptv.cc/yy/1382851579
炊事班的故事,https://live.ottiptv.cc/yy/1382749901
大汉贤后卫子夫,https://live.ottiptv.cc/yy/1382735569
超精彩！系列动作电影,https://live.ottiptv.cc/yy/1382745096
电影百团大战,https://live.ottiptv.cc/yy/1382736871
最美的青春,https://live.ottiptv.cc/yy/1382745116
仙剑奇侠传-神仙姐姐驾到,https://live.ottiptv.cc/yy/1382749903
以家人之名,https://live.ottiptv.cc/yy/1382736908
真心想让你幸福,https://live.ottiptv.cc/yy/1382736876
强悍“杀猪婆”的励志人生,https://live.ottiptv.cc/yy/1354658062
欢乐一起看,https://live.ottiptv.cc/yy/1354930926
活力满满,https://live.ottiptv.cc/yy/1382851585
史诗级科幻电影-阿凡达,https://live.ottiptv.cc/yy/1382735577
赌神-发哥,https://live.ottiptv.cc/yy/1354889044
YY用户,https://live.ottiptv.cc/yy/1382745084
YY用户,https://live.ottiptv.cc/yy/1382735578
笑傲帮,https://live.ottiptv.cc/yy/1382735555
鸭子天空-翱翔于篮球的梦想,https://live.ottiptv.cc/yy/1354930894
精彩动作电影享不停,https://live.ottiptv.cc/yy/1382736809
小朋友可爱到家了,https://live.ottiptv.cc/yy/1354930887
国产大片电影,https://live.ottiptv.cc/yy/1354926655
YY用户,https://live.ottiptv.cc/yy/1382735553
超燃警匪片,https://live.ottiptv.cc/yy/1382735576
小鬼当家-童年回忆,https://live.ottiptv.cc/yy/1382745104
野山鹰-影视剧,https://live.ottiptv.cc/yy/1354932395
叛逆者,https://live.ottiptv.cc/yy/1382736868
密子君,https://live.ottiptv.cc/yy/1382736717
0,https://live.ottiptv.cc/yy/1382851580
猩球崛起-怪兽片合集,https://live.ottiptv.cc/yy/1354930181
魔幻手机,https://live.ottiptv.cc/yy/1382851541
复仇者联盟全季,https://live.ottiptv.cc/yy/1354936167
YY用户,https://live.ottiptv.cc/yy/1382736888
你的回忆有我吗,https://live.ottiptv.cc/yy/1354889024
周星星系列,https://live.ottiptv.cc/yy/1354888671
粟裕大将-影视,https://live.ottiptv.cc/yy/1354926542
YY用户,https://live.ottiptv.cc/yy/1382736805
侏罗纪世界-国外科幻大片合集,https://live.ottiptv.cc/yy/1382736851
海洋幻梦-泰剧,https://live.ottiptv.cc/yy/1382749889
Blingbling,https://live.ottiptv.cc/yy/1382851598
本山快乐营,https://live.ottiptv.cc/yy/1354933529
保护我家蓉儿,https://live.ottiptv.cc/yy/1370293254
YY用户,https://live.ottiptv.cc/yy/1382736975
动作大片-热血开打,https://live.ottiptv.cc/yy/1354936168
俺娘田小草,https://live.ottiptv.cc/yy/1382741638
新世界,https://live.ottiptv.cc/yy/1382736850
欢乐集结号,https://live.ottiptv.cc/yy/1382735550
人生必看的科幻片,https://live.ottiptv.cc/yy/1382745114
YY用户,https://live.ottiptv.cc/yy/1382745093
啊咧,https://live.ottiptv.cc/yy/1459243913
功夫小子进城,https://live.ottiptv.cc/yy/1382749890
加勒比海盗系列,https://live.ottiptv.cc/yy/1382749914
YY用户,https://live.ottiptv.cc/yy/1382736842
无厘头的出处,https://live.ottiptv.cc/yy/1354930891
重生之超级赛亚人,https://live.ottiptv.cc/yy/1354936124
YY用户,https://live.ottiptv.cc/yy/1382736834
金玉满堂：精彩港剧,https://live.ottiptv.cc/yy/1382736881
国外院线动作大片,https://live.ottiptv.cc/yy/1382735570
辉煌或疯狂-韩剧,https://live.ottiptv.cc/yy/1382749902
科幻片：来看神奇的地球,https://live.ottiptv.cc/yy/1354930897
爆笑电影！王牌大贱谍2-3,https://live.ottiptv.cc/yy/1382735556
回家的诱惑,https://live.ottiptv.cc/yy/1354658043
黑衣人1、2—动作喜剧大片,https://live.ottiptv.cc/yy/1354930936
陪你一起看好剧,https://live.ottiptv.cc/yy/1354932359
本山快乐营-爆笑小品,https://live.ottiptv.cc/yy/1354930948
高分动作大片-热血出击,https://live.ottiptv.cc/yy/1382736909
法国版《家有儿女》治愈所有不开心,https://live.ottiptv.cc/yy/1382851137
国产喜剧,https://live.ottiptv.cc/yy/1382735584
国内高分悬疑剧-风筝,https://live.ottiptv.cc/yy/1354931585
金牌配角达叔系列,https://live.ottiptv.cc/yy/1354888728
田园生活,https://live.ottiptv.cc/yy/1382736898
第8号当铺,https://live.ottiptv.cc/yy/1382736905
国内经典动作电影,https://live.ottiptv.cc/yy/1382851522
末日系列-外国电影合集,https://live.ottiptv.cc/yy/1354889019
精彩动作电影,https://live.ottiptv.cc/yy/1382736823
港剧-警犬巴打,https://live.ottiptv.cc/yy/1354932397
国内科幻片来袭,https://live.ottiptv.cc/yy/1354930821
深海利剑,https://live.ottiptv.cc/yy/1382736906
国外黑色喜剧：冷幽默小剧场,https://live.ottiptv.cc/yy/1382745175
YY用户,https://live.ottiptv.cc/yy/1382745113
电影黑豹,https://live.ottiptv.cc/yy/1382736816
缺宅男女,https://live.ottiptv.cc/yy/1354930937
永远的经典系列,https://live.ottiptv.cc/yy/1354930204
明天和你-韩剧,https://live.ottiptv.cc/yy/1382749905
许多多,https://live.ottiptv.cc/yy/1382851583
飓风营救,https://live.ottiptv.cc/yy/1382735547
国外动作大片,https://live.ottiptv.cc/yy/1382735540
燃爆动作片,https://live.ottiptv.cc/yy/1382736801
躺平还是奋斗？搞笑中见真谛,https://live.ottiptv.cc/yy/1382851586
嘻嘻熙熙,https://live.ottiptv.cc/yy/1382735585
最美的青春,https://live.ottiptv.cc/yy/1382851530
国外经典—小鬼当家,https://live.ottiptv.cc/yy/1354658064
国内喜剧,https://live.ottiptv.cc/yy/1382735563
请回答1988,https://live.ottiptv.cc/yy/1354932362
少年四大名捕,https://live.ottiptv.cc/yy/1354936203
国外高分大片,https://live.ottiptv.cc/yy/1382736867
神厨小福贵,https://live.ottiptv.cc/yy/1382736860
缺宅男女-精彩港剧,https://live.ottiptv.cc/yy/1382745088
YY用户,https://live.ottiptv.cc/yy/1382736807
流金岁月-经典港剧,https://live.ottiptv.cc/yy/1382736891
战争与女性,https://live.ottiptv.cc/yy/1382745179
能耐大了第1季,https://live.ottiptv.cc/yy/1354930195
我的父亲我的兵,https://live.ottiptv.cc/yy/1353413714
国产电影-就是闹着玩的,https://live.ottiptv.cc/yy/1354931503
晨晨的影视小窝,https://live.ottiptv.cc/yy/1382851576
洪大哥系列,https://live.ottiptv.cc/yy/1354888743
热门喜剧,https://live.ottiptv.cc/yy/1354931495
YY用户,https://live.ottiptv.cc/yy/1382745103
珍珠港-电影,https://live.ottiptv.cc/yy/1354936234
福贵,https://live.ottiptv.cc/yy/1354926537
科幻惊悚片-异形,https://live.ottiptv.cc/yy/1382735543
欢乐集结号2,https://live.ottiptv.cc/yy/1354930919
欢乐集结号4,https://live.ottiptv.cc/yy/1382736889
动物世界-领略原始野性,https://live.ottiptv.cc/yy/1382743138
欢喜冤家的爱情-夏日乐悠悠,https://live.ottiptv.cc/yy/1354936191
本山选谁上-喜剧人选拔,https://live.ottiptv.cc/yy/1382749878
农家小菜,https://live.ottiptv.cc/yy/1382736894
欢乐集结号58-70,https://live.ottiptv.cc/yy/1382745119
妖神记之黑狱篇,https://live.ottiptv.cc/yy/1382745173
河山,https://live.ottiptv.cc/yy/1382749952
溏心风暴之家好月圆,https://live.ottiptv.cc/yy/1354888747
太空荒野求生记-火星救援,https://live.ottiptv.cc/yy/1354930957
来看修牛蹄,https://live.ottiptv.cc/yy/1382749887
哑巴竟然会说话,https://live.ottiptv.cc/yy/1354932427
一起来笑吧,https://live.ottiptv.cc/yy/1454859415
YY用户,https://live.ottiptv.cc/yy/1382735579
发哥系列,https://live.ottiptv.cc/yy/1354888733
YY用户,https://live.ottiptv.cc/yy/1382736918
抹茶少女,https://live.ottiptv.cc/yy/1382737888
机械战警1-3,https://live.ottiptv.cc/yy/1382736854
YY用户,https://live.ottiptv.cc/yy/1382736887
远去的飞鹰-影视剧,https://live.ottiptv.cc/yy/1354930912
电视剧-流金岁月,https://live.ottiptv.cc/yy/1382749906
致敬星爷致敬经典,https://live.ottiptv.cc/yy/1354889048
高分动作片——创可贴,https://live.ottiptv.cc/yy/1382735568
本山快乐营1,https://live.ottiptv.cc/yy/1354936209
少年包青天美黑之旅,https://live.ottiptv.cc/yy/1354936141
大台风,https://live.ottiptv.cc/yy/1382735583
搬山道人之落天荒,https://live.ottiptv.cc/yy/1382736916
洪金宝福星系列,https://live.ottiptv.cc/yy/1382851602
紧急营救,https://live.ottiptv.cc/yy/1354926676
辣警狂花2,https://live.ottiptv.cc/yy/1382745110
渴望,https://live.ottiptv.cc/yy/1354930963
超英集结,https://live.ottiptv.cc/yy/1382745091
银河护卫队-国外科幻巨作,https://live.ottiptv.cc/yy/1382736815
白领被迫当楼奴？,https://live.ottiptv.cc/yy/1382736832
国产家庭电视剧-如果岁月可回头,https://live.ottiptv.cc/yy/1382736883
带你领略四季的变化,https://live.ottiptv.cc/yy/1354930816
施公奇案2-欧阳震华,https://live.ottiptv.cc/yy/1382736824
名媛望族-精彩港剧,https://live.ottiptv.cc/yy/1354932431
辣警狂花,https://live.ottiptv.cc/yy/1382736892
高能博弈—大事件,https://live.ottiptv.cc/yy/1382749898
碟中谍系列电影,https://live.ottiptv.cc/yy/1382736836
另类猪妖爆笑逆袭,https://live.ottiptv.cc/yy/1354936155
霹雳火：速度与激情,https://live.ottiptv.cc/yy/1382736895
学生兵,https://live.ottiptv.cc/yy/1354658003
影视小艺,https://live.ottiptv.cc/yy/1382737886
名不虚传-韩剧,https://live.ottiptv.cc/yy/1382749904
本山快乐营2,https://live.ottiptv.cc/yy/1382736718
狄仁杰智破红瞳谜案,https://live.ottiptv.cc/yy/1354936116
喜剧闹翻天,https://live.ottiptv.cc/yy/1382735548
当旺爸爸-港剧,https://live.ottiptv.cc/yy/1354936208
致命武器3,https://live.ottiptv.cc/yy/1382749918
国产动作电影,https://live.ottiptv.cc/yy/1382736858
初恋脸,https://live.ottiptv.cc/yy/1382851597
PK地球神,https://live.ottiptv.cc/yy/1382736872
爱在璀璨时,https://live.ottiptv.cc/yy/1354926671
清官难当？看芝麻官如何破局,https://live.ottiptv.cc/yy/1382749909
每天都要快乐哦！,https://live.ottiptv.cc/yy/1354930909
一段关于救赎与坚守的西部传奇,https://live.ottiptv.cc/yy/1382741640
封神：祸商,https://live.ottiptv.cc/yy/1354932407
娘亲舅大,https://live.ottiptv.cc/yy/1354932360
Simon Amstell：躺平哲学,https://live.ottiptv.cc/yy/1382749951
热血战争巨作,https://live.ottiptv.cc/yy/1382745087
动作大片,https://live.ottiptv.cc/yy/1354888739
热血抗日电影,https://live.ottiptv.cc/yy/1382749907
艾迪格里芬：经典就是我,https://live.ottiptv.cc/yy/1354932409
巾帼枭雄之义海豪情,https://live.ottiptv.cc/yy/1382736859
老夫少妻搞笑忘年恋,https://live.ottiptv.cc/yy/1354932391
乔·科伊热辣开麦,https://live.ottiptv.cc/yy/1382735625
手机APP掌控人生,https://live.ottiptv.cc/yy/1382736874
铁血拍档：并肩破局的燃魂对决,https://live.ottiptv.cc/yy/1382736884
YY用户,https://live.ottiptv.cc/yy/1382745182
黄大妮-电视剧,https://live.ottiptv.cc/yy/1354930904
海王-院线大片,https://live.ottiptv.cc/yy/1354936142
高分经典动作片,https://live.ottiptv.cc/yy/1382749944
了不起的萝莉小玲,https://live.ottiptv.cc/yy/1382736799
牧野诡事之赤丹珠,https://live.ottiptv.cc/yy/1382736863
美好的意外治愈邂逅,https://live.ottiptv.cc/yy/1382828766
小人国——介子鬼城,https://live.ottiptv.cc/yy/1382749950
全村一起搞艺术,https://live.ottiptv.cc/yy/1354936210
不可能的任务-碟中谍4,https://live.ottiptv.cc/yy/1354930967
岳云鹏宋小宝也来演电影了？,https://live.ottiptv.cc/yy/1354926612
毒力觉醒的异能逆袭狂潮,https://live.ottiptv.cc/yy/1354926735
金牌喜剧班,https://live.ottiptv.cc/yy/1354889009
还原英雄最后的壮烈！,https://live.ottiptv.cc/yy/1354930984
新木乃伊：古埃及公主复活的灾难对决,https://live.ottiptv.cc/yy/1354936169
高分港剧合集,https://live.ottiptv.cc/yy/1382735542
匪帮传奇故事,https://live.ottiptv.cc/yy/1382749941
新时代农村青年的热血奋斗记,https://live.ottiptv.cc/yy/1382736715
丹尼尔·斯洛斯烧脑谜题,https://live.ottiptv.cc/yy/1354936199
你最爱的小龙女-神雕侠侣,https://live.ottiptv.cc/yy/1354926637
呆萌飞行员,https://live.ottiptv.cc/yy/1354930968
亚洲笑星征服美国,https://live.ottiptv.cc/yy/1382736920
YY用户,https://live.ottiptv.cc/yy/1382735545
悬疑武侠电影—九门,https://live.ottiptv.cc/yy/1382828768
萌妹特攻队爆笑出击,https://live.ottiptv.cc/yy/1354930971
神秘来客闯入,https://live.ottiptv.cc/yy/1382736820
时间的答卷第二季,https://live.ottiptv.cc/yy/1382745106
绝地生死营救,https://live.ottiptv.cc/yy/1354936214
坑你没商量,https://live.ottiptv.cc/yy/1354936160
Bill Burr暴躁经典重现,https://live.ottiptv.cc/yy/1382736917
经典传奇2018,https://live.ottiptv.cc/yy/1382745184
憨夫憨妇闯情关,https://live.ottiptv.cc/yy/1382735581
杰斯尼克暗黑我思我祷,https://live.ottiptv.cc/yy/1354658051
追踪神秘狐影,https://live.ottiptv.cc/yy/1382749953
快递小哥变身英雄,https://live.ottiptv.cc/yy/1354932405
心动信号甜蜜发酵,https://live.ottiptv.cc/yy/1382736819
Storm憋了一年大招,https://live.ottiptv.cc/yy/1382735559
熊出没之探险日记-森林探险记,https://live.ottiptv.cc/yy/1382745122
异类入侵高能反转,https://live.ottiptv.cc/yy/1354936217
杀机四伏,https://live.ottiptv.cc/yy/1354936195
旺达·塞克丝：怼遍全场,https://live.ottiptv.cc/yy/1354936221
为妈妈点赞,https://live.ottiptv.cc/yy/1382745098
狼爸硬核带娃,https://live.ottiptv.cc/yy/1382735627
龙师傅来接招,https://live.ottiptv.cc/yy/1354889015
苍狼特战突击,https://live.ottiptv.cc/yy/1382736849
开放麦现场惊现认亲,https://live.ottiptv.cc/yy/1354936181
战俘营大逃亡,https://live.ottiptv.cc/yy/1354930915
兵王绝境狙杀,https://live.ottiptv.cc/yy/1382736833
英伦特工智斗谍影,https://live.ottiptv.cc/yy/1382736841
颠覆秩序的声浪狂潮,https://live.ottiptv.cc/yy/1354932426
战火中的兄弟情义,https://live.ottiptv.cc/yy/1382736844
重启,https://live.ottiptv.cc/yy/1354888736
嗜血巨狼突袭人类,https://live.ottiptv.cc/yy/1382735560
唐门双雄战神犼,https://live.ottiptv.cc/yy/1382736897
体验另一种生活！,https://live.ottiptv.cc/yy/1354936229
打破第四面墙,https://live.ottiptv.cc/yy/1382745090
茅山天师降魔,https://live.ottiptv.cc/yy/1354889042
蜀山伏魔剑,https://live.ottiptv.cc/yy/1354932365
你好现任,https://live.ottiptv.cc/yy/1382735566
非典型恋爱,https://live.ottiptv.cc/yy/1354936157
侏罗纪复活战,https://live.ottiptv.cc/yy/1354930945
花木兰巾帼英雄,https://live.ottiptv.cc/yy/1354926622
乔·科伊席卷西雅图,https://live.ottiptv.cc/yy/1382749911
悬疑剧-河神,https://live.ottiptv.cc/yy/1353413683
天师驱魔令,https://live.ottiptv.cc/yy/1354926643
铁甲狂猴雷霆,https://live.ottiptv.cc/yy/1382735552
音乐才女与霸道总裁的治愈之恋,https://live.ottiptv.cc/yy/1382735573
大闹三界奇幻冒险,https://live.ottiptv.cc/yy/1382736804
闲暇观看综艺,https://live.ottiptv.cc/yy/1354932379
暗恋成真青春纯爱,https://live.ottiptv.cc/yy/1382736817
未来中国,https://live.ottiptv.cc/yy/1354932429
青龙偃月显威,https://live.ottiptv.cc/yy/1354932402
戴夫吐槽晕头转向的时代,https://live.ottiptv.cc/yy/1382736869
最佳时机：命运转角的最佳抉择与奔赴,https://live.ottiptv.cc/yy/1354936207
美女保镖出击！,https://live.ottiptv.cc/yy/1354936231
揭秘！经典传奇背后的未解之谜,https://live.ottiptv.cc/yy/1382736912
淮水情深深,https://live.ottiptv.cc/yy/1382749888
爆笑诡扯记,https://live.ottiptv.cc/yy/1354936249
巅峰救援行动,https://live.ottiptv.cc/yy/1382736857
就是要疯狂,https://live.ottiptv.cc/yy/1354936145
契约夫妻上线,https://live.ottiptv.cc/yy/1354936154
许光汉主演喜剧大片,https://live.ottiptv.cc/yy/1382736825
留学澳大利亚的蓝翔梗王,https://live.ottiptv.cc/yy/1354932441
拳战闸北！,https://live.ottiptv.cc/yy/1382749910
致命蜂群来袭,https://live.ottiptv.cc/yy/1382736896
硬核使命,https://live.ottiptv.cc/yy/1354936122
热烈的玫瑰,https://live.ottiptv.cc/yy/1382736798
外星人入侵,https://live.ottiptv.cc/yy/1382745181
爱情拯救计划,https://live.ottiptv.cc/yy/1354936238
巨蛛嗜血狂,https://live.ottiptv.cc/yy/1354930903
守护千年雄关,https://live.ottiptv.cc/yy/1354936228
太空异种惊魂,https://live.ottiptv.cc/yy/1382745094
踮脚拥抱爱情,https://live.ottiptv.cc/yy/1354930927
公主战俘记,https://live.ottiptv.cc/yy/1354931488
破解终极密码,https://live.ottiptv.cc/yy/1382735571
哮天犬闹龙宫,https://live.ottiptv.cc/yy/1382736913
赛道争锋！,https://live.ottiptv.cc/yy/1382736853
大铸剑师传奇,https://live.ottiptv.cc/yy/1354932371
暗战幽灵毒枭,https://live.ottiptv.cc/yy/1382745099
奇门异人出世,https://live.ottiptv.cc/yy/1382749912
仙剑风云再起,https://live.ottiptv.cc/yy/1354933556
冰峰惊魂夜,https://live.ottiptv.cc/yy/1354936136
绝对忠诚使命,https://live.ottiptv.cc/yy/1354936178
横行不霸道,https://live.ottiptv.cc/yy/1354930189
特派先锋出击,https://live.ottiptv.cc/yy/1382749940
经典传奇2018,https://live.ottiptv.cc/yy/1382745189
网剧《冬去春来》,https://live.ottiptv.cc/yy/1354808044
天龙 神雕金庸,https://live.ottiptv.cc/yy/1356043609
靓剑,https://live.ottiptv.cc/yy/1382788679
24H地下交通站全,https://live.ottiptv.cc/yy/37880083
赵本山宋小宝小品大全,https://live.ottiptv.cc/yy/1382745331
动漫,https://live.ottiptv.cc/yy/23993334
靓剑,https://live.ottiptv.cc/yy/1356043643
和你不见不散,https://live.ottiptv.cc/yy/1355635293
林正英-经典电影,https://live.ottiptv.cc/yy/34229877
【鹿鼎记】金庸经典,https://live.ottiptv.cc/yy/28265277
【狂飙】,https://live.ottiptv.cc/yy/1354806550
朵宝陪你看狄仁杰,https://live.ottiptv.cc/yy/1353753252
打狗棍~24h经典好剧,https://live.ottiptv.cc/yy/1354744544
纪晓岚,https://live.ottiptv.cc/yy/1354143978
梦涵 正在直播,https://live.ottiptv.cc/yy/1352475619
弹幕天团 下饭神剧,https://live.ottiptv.cc/yy/23512910
晾剑 电视剧,https://live.ottiptv.cc/yy/1451866697
真实案件系列,https://live.ottiptv.cc/yy/1382671124
豪哥带我们发财,https://live.ottiptv.cc/yy/23402146
狄仁杰,https://live.ottiptv.cc/yy/1351755386
甜心 正在直播,https://live.ottiptv.cc/yy/1454732419
赵本山《版》,https://live.ottiptv.cc/yy/1382683959
赵本山《蓝光版》,https://live.ottiptv.cc/yy/32160832
李连杰功夫 经典武侠,https://live.ottiptv.cc/yy/74613175
天龙神雕经典回忆,https://live.ottiptv.cc/yy/68260522
大家车言论,https://live.ottiptv.cc/yy/1382570702
老九门24h,https://live.ottiptv.cc/yy/1355171357
小蓉儿 正在直播,https://live.ottiptv.cc/yy/1351762426
经典港片动作搞笑,https://live.ottiptv.cc/yy/1459869766
鹿鼎记-全集,https://live.ottiptv.cc/yy/1382704650
水浒传,https://live.ottiptv.cc/yy/1353873252
燕双鹰,https://live.ottiptv.cc/yy/1354143942
小美美 正在直播,https://live.ottiptv.cc/yy/1354143966
周星驰搞笑在线,https://live.ottiptv.cc/yy/1351537467
新白娘子传奇,https://live.ottiptv.cc/yy/1354490667
小玲儿 正在直播,https://live.ottiptv.cc/yy/1351814644
燕双鹰,https://live.ottiptv.cc/yy/1352227153
昕儿 正在直播,https://live.ottiptv.cc/yy/1353852605
好先生,https://live.ottiptv.cc/yy/79382500
经典电影 港片枪战,https://live.ottiptv.cc/yy/1355076627
【靓剑】乐乐陪看,https://live.ottiptv.cc/yy/1352946111
铁齿铜牙纪晓岚,https://live.ottiptv.cc/yy/1382781415
超喜剧地下交通站男神贾贵,https://live.ottiptv.cc/yy/1353428972
苍狼,https://live.ottiptv.cc/yy/1507704566
鬼经典老片,https://live.ottiptv.cc/yy/1463783198
动漫,https://live.ottiptv.cc/yy/25055036
纪晓岚,https://live.ottiptv.cc/yy/1352227227
动漫,https://live.ottiptv.cc/yy/26664495
动漫,https://live.ottiptv.cc/yy/1354143938
薛仁贵传奇,https://live.ottiptv.cc/yy/1355260662
动漫,https://live.ottiptv.cc/yy/1382747970
【战狼3吴京】独播,https://live.ottiptv.cc/yy/37999586
古装剧,https://live.ottiptv.cc/yy/1356158015
动漫,https://live.ottiptv.cc/yy/1354768831
《石敢当》六耳猕猴,https://live.ottiptv.cc/yy/1394156613
大染坊,https://live.ottiptv.cc/yy/1353215589
五号特工组和平ff,https://live.ottiptv.cc/yy/1414967772
少年歌行1.2~,https://live.ottiptv.cc/yy/29067083
破案港剧,https://live.ottiptv.cc/yy/1350670730
国漫动漫,https://live.ottiptv.cc/yy/1354768828
经典雪豹24h,https://live.ottiptv.cc/yy/1459010966
w_400,https://live.ottiptv.cc/yy/1356212303
经典抗战剧,https://live.ottiptv.cc/yy/1354555195
西游记后传 蓝光,https://live.ottiptv.cc/yy/1353392400
苹果工会招募主播,https://live.ottiptv.cc/yy/1354889234
动漫《火影疾风传》,https://live.ottiptv.cc/yy/1459675153
精彩动漫,https://live.ottiptv.cc/yy/1420843376
安安电视剧,https://live.ottiptv.cc/yy/1414817779
【新三国】,https://live.ottiptv.cc/yy/1382851415
【经典港片】佟瑶,https://live.ottiptv.cc/yy/23531261
经典港片电影,https://live.ottiptv.cc/yy/1461889059
w_400,https://live.ottiptv.cc/yy/1394000563
24h唐朝诡实录1234,https://live.ottiptv.cc/yy/1353913646
【武林客栈】,https://live.ottiptv.cc/yy/1382773728
老妖私影院,https://live.ottiptv.cc/yy/1354952229
绝版僵尸鬼片,https://live.ottiptv.cc/yy/1460889796
鬼片恐怖私家影院,https://live.ottiptv.cc/yy/1354209316
军旅剧（回忆经典）,https://live.ottiptv.cc/yy/1356306672
惊恐盗暮鬼怪,https://live.ottiptv.cc/yy/1382749525
经典鬼片3000部,https://live.ottiptv.cc/yy/29460894
动漫,https://live.ottiptv.cc/yy/22777075
什么会让你快乐,https://live.ottiptv.cc/yy/54886912
w_400,https://live.ottiptv.cc/yy/1382773714
8090.电影一哥,https://live.ottiptv.cc/yy/29197808
【科幻电影】,https://live.ottiptv.cc/yy/1355065896
今天你喂狗了吗,https://live.ottiptv.cc/yy/1352300646
经典港片电影,https://live.ottiptv.cc/yy/1459801818
1930年代经典电影,https://live.ottiptv.cc/yy/1356363815
僵尸道长,https://live.ottiptv.cc/yy/1355171231
少年歌行,https://live.ottiptv.cc/yy/1450556636
新白娘子4K观看,https://live.ottiptv.cc/yy/1508961855
【战狼3吴京】首播,https://live.ottiptv.cc/yy/1456668939
YY果国际电影,https://live.ottiptv.cc/yy/1382627144
电影,https://live.ottiptv.cc/yy/37454459
《东北小品》,https://live.ottiptv.cc/yy/29600150
易中天品三国完整版,https://live.ottiptv.cc/yy/1461244449
欢迎光临,https://live.ottiptv.cc/yy/1355532933
w_400,https://live.ottiptv.cc/yy/1354693629
东北小品王,https://live.ottiptv.cc/yy/34313906
斗破苍穹~24h玄幻剧,https://live.ottiptv.cc/yy/1356051105
魅力女神别错过,https://live.ottiptv.cc/yy/1356076442
少寒回归啦-真,https://live.ottiptv.cc/yy/13739310
你的声音女友,https://live.ottiptv.cc/yy/1460008724
黄家驹,https://vd4.bdstatic.com/mda-pdmaxg5vf0bmrpxx/sc/cae_h264/1682179055724322707/mda-pdmaxg5vf0bmrpxx.mp4
黄家驹不再犹豫,https://vd3.bdstatic.com/mda-nm75269264v485fe/sc/cae_h264/1670475833350119754/mda-nm75269264v485fe.mp4
黄家驹永远的beyond,https://vd2.bdstatic.com/mda-nmbduj4y5qrhr14v/576p/h264/1670838831995101004/mda-nmbduj4y5qrhr14v.mp4
张国荣金曲,https://vd2.bdstatic.com/mda-na8hrvu9tk4svhrf/sc/cae_h264_delogo/1642260080397657076/mda-na8hrvu9tk4svhrf.mp4
周传雄,https://vd4.bdstatic.com/mda-paq1wctq73q8kv3k/sc/cae_h264/1674630332295698141/mda-paq1wctq73q8kv3k.mp4
罗文,https://vd4.bdstatic.com/mda-pas47g35beq7c8am/576p/h264/1674788386403294509/mda-pas47g35beq7c8am.mp4
罗大佑,https://vd3.bdstatic.com/mda-paj3bndqef0brg82/hd/cae_h264/1674182231284241416/mda-paj3bndqef0brg82.mp4
邰正宵,https://vd2.bdstatic.com/mda-pai1fgvqnzfshm79/hd/cae_h264/1674091705705323755/mda-pai1fgvqnzfshm79.mp4
张镐哲,https://vd3.bdstatic.com/mda-pai1autuhxiwv606/hd/cae_h264/1674091410698310238/mda-pai1autuhxiwv606.mp4
孟庭苇,https://vd4.bdstatic.com/mda-pah0g785da3bd8cg/hd/cae_h264/1674003403215729852/mda-pah0g785da3bd8cg.mp4
陈慧娴,https://vd2.bdstatic.com/mda-pag1mzva41p63jq5/hd/cae_h264/1673927648285556707/mda-pag1mzva41p63jq5.mp4
蔡依林,https://vd4.bdstatic.com/mda-pac79inw7bdc065u/hd/cae_h264/1673588623519298769/mda-pac79inw7bdc065u.mp4
周传雄2,https://vd4.bdstatic.com/mda-nmb8cpkzdnk0m1in/hd/cae_h264/1670826466410104045/mda-nmb8cpkzdnk0m1in.mp4
刀郎,https://vd3.bdstatic.com/mda-pat2dzrxjp4fkzdb/576p/h264/1674870199072291490/mda-pat2dzrxjp4fkzdb.mp4
后街男孩,https://vd2.bdstatic.com/mda-par8z6y3utptip75/hd/cae_h264/1674717583528229786/mda-par8z6y3utptip75.mp4
动力火车,https://vd3.bdstatic.com/mda-paf2igxsejppa5pp/hd/cae_h264/1673837006365021404/mda-paf2igxsejppa5pp.mp4
草蜢乐队,https://vd3.bdstatic.com/mda-pab6g9c7wiiqtrga/hd/cae_h264/1673505526767573188/mda-pab6g9c7wiiqtrga.mp4
小虎队,https://vd2.bdstatic.com/mda-paa30i5xz1kit41f/hd/cae_h264/1673418932656982871/mda-paa30i5xz1kit41f.mp4
张宇,https://vd4.bdstatic.com/mda-paq1swz9kfiww0nf/720p/h264/1674609379540322499/mda-paq1swz9kfiww0nf.mp4
王杰,https://vd3.bdstatic.com/mda-paj24w3pip97yamz/sc/cae_h264/1674185355776462627/mda-paj24w3pip97yamz.mp4
黄安,https://vd4.bdstatic.com/mda-paj1yviih627m7br/sc/cae_h264/1674182480562260368/mda-paj1yviih627m7br.mp4
郭富城,https://vd3.bdstatic.com/mda-paj1y1ffn07b81zr/sc/cae_h264/1674180953809875143/mda-paj1y1ffn07b81zr.mp4
陈淑桦,https://vd2.bdstatic.com/mda-paib4m1zb47fz3j0/sc/cae_h264/1674117441894799856/mda-paib4m1zb47fz3j0.mp4
任贤齐,https://vd2.bdstatic.com/mda-nksbd58xaz4z1t64/sc/cae_h264/1669538442443360196/mda-nksbd58xaz4z1t64.mp4
莫文蔚,https://vd3.bdstatic.com/mda-nksbbcfasp641205/sc/cae_h264/1669538238470976198/mda-nksbbcfasp641205.mp4
梁咏琪,https://vd3.bdstatic.com/mda-nkm0vwwxem7nnicp/sc/cae_h264/1669097506610820128/mda-nkm0vwwxem7nnicp.mp4
梁静茹,https://vd2.bdstatic.com/mda-nkm0tccmp4h9mbzx/sc/cae_h264/1669099609536177298/mda-nkm0tccmp4h9mbzx.mp4
李克勤,https://vd3.bdstatic.com/mda-nkm0rfx2h01mecpb/sc/cae_h264/1669097663537218616/mda-nkm0rfx2h01mecpb.mp4
邓丽君,https://vd4.bdstatic.com/mda-nkg71nvnuzanh072/sc/cae_h264/1668667802847572861/mda-nkg71nvnuzanh072.mp4
草蜢,https://vd2.bdstatic.com/mda-nkg6xtz6ph8a421a/sc/cae_h264/1668671364539601937/mda-nkg6xtz6ph8a421a.mp4
S.H.E,https://vd2.bdstatic.com/mda-nkg6vju7i34is8z3/sc/cae_h264/1668668139955974515/mda-nkg6vju7i34is8z3.mp4
张雨生,https://vd4.bdstatic.com/mda-nis0atuv091ryxg0/sc/cae_h264/1664442884366030417/mda-nis0atuv091ryxg0.mp4
小虎队,https://vd2.bdstatic.com/mda-nib4himpp1kr57zh/sc/cae_h264/1662971986169623460/mda-nib4himpp1kr57zh.mp4
黄品源,https://vd2.bdstatic.com/mda-ni506bsvmmdm4bdv/sc/cae_h264/1662424001611264977/mda-ni506bsvmmdm4bdv.mp4
周华健,https://vd4.bdstatic.com/mda-nhw80v1ith9wa8e8/sc/cae_h264/1662013758665982272/mda-nhw80v1ith9wa8e8.mp4
伍佰,http://vd3.bdstatic.com/mda-pe07i71fkd531zj1/sc/bd265_cae_roi_v5/1682947766065803786/mda-pe07i71fkd531zj1.mp4
月亮,https://vd4.bdstatic.com/mda-jgwewhc9bepbuwn0/hd/mda-jgwewhc9bepbuwn0.mp4
爱人跟人走闽南歌曲老歌配泳装,https://vd4.bdstatic.com/mda-nihfpd5eadd9v5aj/576p/h264/1663499128104260927/mda-nihfpd5eadd9v5aj.mp4
英文歌曲麻烦是朋友-Trouble Is A Friend,https://vd4.bdstatic.com/mda-ke8tez6x72w0qyyt/v1-cae/hd/mda-ke8tez6x72w0qyyt.mp4
做你的爱人,http://vd4.bdstatic.com/mda-kmqgyhj16m8qgziu/mda-kmqgyhj16m8qgziu.mp4
Day by Day,http://vd4.bdstatic.com/mda-ma39e363u5ebd33e/v1-cae/mda-ma39e363u5ebd33e.mp4
大家一起来,http://vd4.bdstatic.com/mda-madrvwbtks7xk4t4/v1-cae/mda-madrvwbtks7xk4t4.mp4
水手粤语版,http://vd4.bdstatic.com/mda-maennfh5abgkzfa3/v1-cae/mda-maennfh5abgkzfa3.mp4
曾风靡一时的经典英文歌曲Lonely,https://vd4.bdstatic.com/mda-nfs82gjza0n84t4b/hd/cae_h264/1656310281519459378/mda-nfs82gjza0n84t4b.mp4
忘了你忘了我,https://vd4.bdstatic.com/mda-idamvm3n0ezn1ekt/hd/mda-idamvm3n0ezn1ekt.mp4
邰正宵－一千零一夜,https://vd4.bdstatic.com/mda-kiv5cm47bi8intqk/mda-kiv5cm47bi8intqk.mp4
邰正宵－心要让你听见,https://vd4.bdstatic.com/mda-kehnty05jtrz94t3/v1-cae/hd/mda-kehnty05jtrz94t3.mp4
邰正宵－找一个字代替,https://vd4.bdstatic.com/mda-kfswfucvvzmsjeku/v1-cae/hd/mda-kfswfucvvzmsjeku.mp4
邰正宵－千纸鹤,https://vd4.bdstatic.com/mda-kiv5v4cxyx5hene5/mda-kiv5v4cxyx5hene5.mp4
邰正宵－好人好梦,https://vd4.bdstatic.com/mda-kfk09vjr74indmmk/mda-kfk09vjr74indmmk.mp4
邰正宵－几番风雨,https://vd4.bdstatic.com/mda-kkabstvmaumeweig/hd/mda-kkabstvmaumeweig.mp4
刘德华－暗里着迷,https://vd4.bdstatic.com/mda-kkncdafkwzfehvsz/hd/mda-kkncdafkwzfehvsz.mp4
刘德华－一起走过的日子,https://vd4.bdstatic.com/mda-kjqv1j8ttzqf43jf/mda-kjqv1j8ttzqf43jf.mp4
刘德华－天若有情,https://vd4.bdstatic.com/mda-khqvv9kidsuxd8rk/hd/mda-khqvv9kidsuxd8rk.mp4
独自去偷欢,https://vd4.bdstatic.com/mda-kj0rn82wm2vb6i15/hd/mda-kj0rn82wm2vb6i15.mp4
合集涛声依旧,https://vdse.bdstatic.com//db8ba0fda2aad9cb15aa32887a160f06.mp4
合集天路,https://vdse.bdstatic.com//e4b7325ebf3010673a51a24f948a8a97.mp4
合集驼铃草原歌曲,https://vdse.bdstatic.com//f8f4740a4ca7ff31c3a2d8386fc14598.mp4
合集粤语上海滩,https://vdse.bdstatic.com//f9cda7e70273c267b61a3d0c969d2033.mp4
合集刀郎敖包相会,https://vdse.bdstatic.com//36ea0ffcf8156a44b9d524d999eb088a.mp4
拍电影,https://txmov2.a.kwimgs.com/bs3/video-hls/5214042559557439441_hlsb.m3u8
警察与督察,https://txmov2.a.kwimgs.com/bs3/video-hls/5233464357625245633_hlsb.m3u8
警察与小偷,https://txmov2.a.kwimgs.com/bs3/video-hls/5192368981698476185_hlsb.m3u8
主角与配角,https://txmov2.a.kwimgs.com/bs3/video-hls/5220516480426863393_hlsb.m3u8
狗娃与黑妮,https://txmov2.a.kwimgs.com/bs3/video-hls/5204472409144867699_hlsb.m3u8
姐夫与小舅子,https://txmov2.a.kwimgs.com/bs3/video-hls/5225583031570305791_hlsb.m3u8
胡椒面,https://txmov2.a.kwimgs.com/bs3/video-hls/5226708928800176589_hlsb.m3u8
吃面条,https://txmov2.a.kwimgs.com/bs3/video-hls/5191524559107583246_hlsb.m3u8
赵四借媳妇儿,http://gcw.bdcdn.shoujiduoduo.com/201805/0236-58.mp4
赵四 宋小宝看病,http://gcw.bdcdn.shoujiduoduo.com/v/201126/9eea53d9a1aee763c853560dc35b2c1f.mp4
赵丽蓉人民战争,http://gcw.bdcdn.shoujiduoduo.com/v/191212/705b3904da37837b6eecd5168063e654.mp4
赵本山小品,http://1.94.31.214:35455/douyu/9817716
赵本山小品,http://hulun.top:35455/douyu/9817716
赵本山小品,http://allinone.netsite.cc/douyu/9817716
赵本山小品,http://cdn.jdshipin.com:8880/douyu.php?id=9817716
赵本山小品,http://120.78.6.151:8968/dy.php?id=9817716
赵本山小品,http://maomao.kandiantv.cn/douyu1.php?id=9817716
开心麻花小品,http://maomao.kandiantv.cn/douyu1.php?id=10153463
宋小宝小品,http://maomao.kandiantv.cn/douyu1.php?id=9817729
许君聪小品,http://maomao.kandiantv.cn/douyu1.php?id=10419558
巩汉林小品,http://maomao.kandiantv.cn/yy.php?id=1354889035
贾玲小品,http://maomao.kandiantv.cn/douyu1.php?id=10419541
辽宁台相声小品,http://maomao.kandiantv.cn/douyu1.php?id=9403712
蔡明小品,http://maomao.kandiantv.cn/yy.php?id=1354936177
今夜欢乐颂,http://maomao.kandiantv.cn/yy.php?id=1382735572
笑声传奇,http://maomao.kandiantv.cn/yy.php?id=1382736880
笑傲江湖第一季,http://maomao.kandiantv.cn/yy.php?id=1382749896
开心麻花小品,http://1.94.31.214:35455/douyu/10153463
开心麻花小品,http://hulun.top:35455/douyu/10153463
开心麻花小品,http://allinone.netsite.cc/douyu/10153463
开心麻花小品,http://cdn.jdshipin.com:8880/douyu.php?id=10153463
开心麻花小品,http://120.78.6.151:8968/dy.php?id=10153463
宋小宝小品,http://1.94.31.214:35455/douyu/9817729
宋小宝小品,http://hulun.top:35455/douyu/9817729
宋小宝小品,http://allinone.netsite.cc/douyu/9817729
宋小宝小品,http://cdn.jdshipin.com:8880/douyu.php?id=9817729
宋小宝小品,http://120.78.6.151:8968/dy.php?id=9817729
许君聪小品,http://1.94.31.214:35455/douyu/10419558
许君聪小品,http://hulun.top:35455/douyu/10419558
许君聪小品,http://allinone.netsite.cc/douyu/10419558
许君聪小品,http://cdn.jdshipin.com:8880/douyu.php?id=10419558
许君聪小品,http://120.78.6.151:8968/dy.php?id=10419558
巩汉林小品,http://1.94.31.214:35455/yy/1354889035
巩汉林小品,http://hulun.top:35455/douyu/1354889035
巩汉林小品,http://allinone.netsite.cc/yy/1354889035
巩汉林小品,http://cdn.jdshipin.com:8880/yy.php?id=1354889035
巩汉林小品,http://120.78.6.151:8968/yy.php?id=1354889035
贾玲小品,http://1.94.31.214:35455/douyu/10419541
贾玲小品,http://hulun.top:35455/douyu/10419541
贾玲小品,http://allinone.netsite.cc/douyu/10419541
贾玲小品,http://cdn.jdshipin.com:8880/douyu.php?id=10419541
贾玲小品,http://120.78.6.151:8968/dy.php?id=10419541
春晚经典,http://1.94.31.214:35455/huya/11602068
春晚经典,http://hulun.top:35455/douyu/11602068
春晚经典,http://allinone.netsite.cc/huya/11602068
春晚经典,http://cdn.jdshipin.com:8880/huya.php?id=11602068
春晚经典,http://120.78.6.151:8968/hy.php?id=11602068
经典小品,http://1.94.31.214:35455/huya/11352938
经典小品,http://hulun.top:35455/douyu/11352938
经典小品,http://allinone.netsite.cc/huya/11352938
经典小品,http://cdn.jdshipin.com:8880/huya.php?id=11352938
经典小品,http://120.78.6.151:8968/hy.php?id=11352938
辽宁台相声小品,http://1.94.31.214:35455/douyu/9403712
辽宁台相声小品,http://hulun.top:35455/douyu/9403712
辽宁台相声小品,http://allinone.netsite.cc/douyu/9403712
辽宁台相声小品,http://cdn.jdshipin.com:8880/douyu.php?id=9403712
辽宁台相声小品,http://120.78.6.151:8968/dy.php?id=9403712
蔡明小品,http://120.78.6.151:8968/yy.php?id=1354936177
蔡明小品,http://hulun.top:35455/douyu/1354936177
蔡明小品,http://allinone.netsite.cc/yy/1354936177
蔡明小品,http://cdn.jdshipin.com:8880/yy.php?id=1354936177
相亲2,https://vd3.bdstatic.com/mda-kipkytij74rnn9k3/hd/mda-kipkytij74rnn9k3.mp4
火炬手,https://aweme.snssdk.com/aweme/v1/playwm/?video_id=v0200fg10000c54t79jc77u7est4rcn0&ratio=720p&line=0
中奖了,https://aweme.snssdk.com/aweme/v1/playwm/?video_id=v0200fg10000c416nhbc77ueljqcfms0&ratio=720p&line=0
有钱了,https://aweme.snssdk.com/aweme/v1/playwm/?video_id=v0300fg10000c4mruerc77ua2hethfig&ratio=720p&line=0
小九老乐,https://vd3.bdstatic.com/mda-maqs355itqp221rx/v2-hknm/hd/mda-maqs355itqp221rx.mp4?pd=19&vt=1
办班,https://aweme.snssdk.com/aweme/v1/playwm/?video_id=v0300f830000bqvq3vcssiod1f1acv10&ratio=720p&line=0
年前年后,https://aweme.snssdk.com/aweme/v1/playwm/?video_id=v0300f250000br00c6t03hnekstiv2rg&ratio=720p&line=0
卖梨,https://aweme.snssdk.com/aweme/v1/playwm/?video_id=v0200f850000bqvq43ueankk4sopbea0&ratio=720p&line=0
城市打工妹,https://aweme.snssdk.com/aweme/v1/playwm/?video_id=v0200fb00000br0007k2v0nbugkvpqc0&ratio=720p&line=0
如此竞争,https://aweme.snssdk.com/aweme/v1/playwm/?video_id=v0200fe60000br000frls1kbc9rjapeg&ratio=720p&line=0
儿子大了,https://aweme.snssdk.com/aweme/v1/playwm/?video_id=v0200f020000bqvq3u89lgt8of4fk0tg&ratio=720p&line=0
同学会,https://aweme.snssdk.com/aweme/v1/playwm/?video_id=v0200f9c0000brabn8v70gfhplsfi78g&ratio=720p&line=0
拜年,https://aweme.snssdk.com/aweme/v1/playwm/?video_id=v0d00fg10000c83hhi3c77u01a8d7hp0&ratio=720p&line=0
新虎口遐想,https://vd4.bdstatic.com/mda-jarfmdf8su7sckk3/hd/mda-jarfmdf8su7sckk3.mp4?auth_key=1655295819-0-0-df94f7531d93ff90ad12888c89a672ca&bcevod_channel=searchbox_feed&cd=0&pd=1&pt=3&logid=3219421685&vid=8705230262897615568&abtest=all
冯巩郭冬临狗不理包子,https://vd2.bdstatic.com/mda-jdqwqnk1xxszhw8c/mda-jdqwqnk1xxszhw8c.mp4?pd=-1&pt=0&cr=0&vt=0&cd=0&did=cfcd208495d565ef66e7dff9f98764da&logid=2275698282&vid=17330773072848394300&auth_key=1655291275-0-0-73fe6c276ababcdb43b87a4fda6002df&bcevod_channel=searchbox_feed
牛群冯巩领导冒号,https://vdse.bdstatic.com//123b1e01f5128d0e71b4f392ec1a971c.mp4?authorization=bce-auth-v1%2F40f207e648424f47b2e3dfbb1014b1a5%2F2022-06-12T06%3A54%3A23Z%2F-1%2Fhost%2F6274ff464fd635b6108aacc556df42224f265e9b3f4bd3a37a74cbdbf985d0b8
冯巩相声,https://vdse.bdstatic.com//65873c285f222c4cfeecf527f3e84259.mp4?authorization=bce-auth-v1%2F40f207e648424f47b2e3dfbb1014b1a5%2F2022-06-15T09%3A55%3A46Z%2F-1%2Fhost%2F9119b3500a8e21fb21665d9576bbf410e5a0fa8904ccc1ce0d3aabde21c99c8a
牛群冯巩我的儿子,https://vdse.bdstatic.com//f27179e048a85dd2f00d16f6a13ac370.mp4?authorization=bce-auth-v1%2F40f207e648424f47b2e3dfbb1014b1a5%2F2022-06-15T08%3A43%3A23Z%2F-1%2Fhost%2F026eb7ddc17de37a053903ceb90523b0265d8e5c7ed8eb5b20f5cc0de186f27c
牛群冯巩两个弄潮儿,https://vd3.bdstatic.com/mda-mkqdhm17rs7198m6/hd/cae_h264/1637859905115117938/mda-mkqdhm17rs7198m6.mp4?pd=19&vt=1
要条件,https://vd2.bdstatic.com/mda-kgah4byryi8gsqk8/v1-cae/mda-kgah4byryi8gsqk8.mp4?pd=-1&pt=0&cr=0&vt=0&cd=0&did=cfcd208495d565ef66e7dff9f98764da&logid=1347013120&vid=11361264719745011699&auth_key=1655290347-0-0-5dfca4bc79fbe4b6685de35fd1e0a622&bcevod_channel=searchbox_feed
孔云龙扒马褂,https://aweme.snssdk.com/aweme/v1/playwm/?video_id=v0300fg10000c7la4l3c77u5vs0abgs0&ratio=720p&line=0
吃面,https://txmov2.a.kwimgs.com/bs3/video-hls/5188709833950189842_hlsb.m3u8
小草,https://aweme.snssdk.com/aweme/v1/playwm/?video_id=v0200f580000bqvq5p2kgg1hr4fgtkng&ratio=720p&line=0
小品《送水工》赵本山,http://gcw.bdcdn.shoujiduoduo.com/v/181110/fff6f7161025c1ae11713e683d2b9c30.mp4小品《功夫》赵本山
快乐老爸,https://txmov2.a.kwimgs.com/bs3/video-hls/5246693673803342239_hlsb.m3u8
赵四、赵本山、刘能、宋小宝小品集锦,https://txmov2.a.kwimgs.com/bs3/video-hls/5224457156030679277_hlsb.m3u8
赵本山、宋丹丹、宋小宝、宋晓峰喜剧小品合集,https://txmov2.a.kwimgs.com/bs3/video-hls/5240219756539886653_hlsb.m3u8
刘谦纸牌魔术惊艳全场,https://txmov2.a.kwimgs.com/bs3/video-hls/5241627141607604437_hlsb.m3u8
那能一样吗,https://txmov2.a.kwimgs.com/bs3/video-hls/5250634342169917066_hlsb.m3u8
导演的“心事”,https://txmov2.a.kwimgs.com/bs3/video-hls/5203346545439268917_hlsb.m3u8
寒舍不寒,https://txmov2.a.kwimgs.com/bs3/video-hls/5206161297180795573_hlsb.m3u8
开不了口,https://txmov2.a.kwimgs.com/bs3/video-hls/5252604667049179541_hlsb.m3u8
坑,https://vd3.bdstatic.com/mda-ph4fhjeba5u11w7x/720p/h264/1691233166920479250/mda-ph4fhjeba5u11w7x.mp4
上热搜了,https://txmov2.a.kwimgs.com/bs3/video-hls/5218546160712087184_hlshd15.m3u8
对视50秒,https://txmov2.a.kwimgs.com/bs3/video-hls/5235716135733341492_hlshd15.m3u8
马上到,https://txmov2.a.kwimgs.com/bs3/video-hls/5256545284169620183_hlshd15.m3u8
初见照相馆,https://txmov2.a.kwimgs.com/bs3/video-hls/5234590236352772529_hlshd15.m3u8
恋爱保险,https://txmov2.a.kwimgs.com/bs3/video-hls/5196591116322611782_hlsb.m3u8
同学会,https://vd3.bdstatic.com/mda-ph4fwpc174w60zvg/360p/h264/1691234295970938202/mda-ph4fwpc174w60zvg.mp4
同学会,https://txmov2.a.kwimgs.com/bs3/video-hls/5227553308164378988_hlshd15.m3u8
街头卫士,https://txmov2.a.kwimgs.com/bs3/video-hls/5226708889618362322_hlshd15.m3u8
开往春天的幸福,https://txmov2.a.kwimgs.com/bs3/video-hls/5241064162376216322_hlsb.m3u8
开往春天的幸福,https://vd4.bdstatic.com/mda-ph4ed0f1mg21dbra/720p/h264/1691230284848984877/mda-ph4ed0f1mg21dbra.mp4
你摊上事了,https://vd2.bdstatic.com/mda-ph7encbycui2jsz1/360p/h264/1691490426342582737/mda-ph7encbycui2jsz1.mp4
演戏给你看,https://txmov2.a.kwimgs.com/bs3/video-hls/5201376192625816947_hlsb.m3u8
父与子,https://txmov2.a.kwimgs.com/bs3/video-hls/5209257492751370032_hlsb.m3u8
还不还,https://txmov2.a.kwimgs.com/bs3/video-hls/5203065042375807425_hlsb.m3u8
暖冬,https://txmov2.a.kwimgs.com/bs3/video-hls/5245849238305767635_hlsb.m3u8
演戏给你看,https://txmov2.a.kwimgs.com/bs3/video-hls/5201376192625816947_hlshd15.m3u8
演戏给你看,https://vd2.bdstatic.com/mda-ph4ef5pq5eb7q700/360p/h264/1691230544278970198/mda-ph4ef5pq5eb7q700.mp4
爱情不外卖-宋小宝,https://vd3.bdstatic.com/mda-qdi22ybfwyy1q4hg/576p/h264/1713490457499046386/mda-qdi22ybfwyy1q4hg.mp4
爱在路上-贾冰,https://vd3.bdstatic.com/mda-qa28zq0kgb5ue4sf/hd/cae_h264/1704267082982713296/mda-qa28zq0kgb5ue4sf.mp4
爱之初体验-乔杉,https://vdse.bdstatic.com//b793bb2a10d6bd46c5164a2f3a0d0d22.mp4
八十一难-刘旸王建华等,https://vd3.bdstatic.com/mda-qg4acfi7iy1skx9w/sc/cae_h264/1720172160849718699/mda-qg4acfi7iy1skx9w.mp4
八两银子之送匾-许君聪,https://vd3.bdstatic.com/mda-qdm1ctu36qxqemms/hd/cae_h264/1713751341246024196/mda-qdm1ctu36qxqemms.mp4
八两银子之送缸-许君聪,https://vdse.bdstatic.com//750ad65e8d89eee5e6394447883560fe.mp4
八两银子之送画-许君聪,https://vd3.bdstatic.com/mda-mkq3znpa6v59xqd2/hd/cae_h264_nowatermark/1637809763510687007/mda-mkq3znpa6v59xqd2.mp4
八两银子之送书-许君聪,https://vd3.bdstatic.com/mda-qb885h2y0488pfbr/hd/cae_h264/1707562817579740475/mda-qb885h2y0488pfbr.mp4
八两银子之送宝剑-许君聪,https://vd3.bdstatic.com/mda-nmrgdjg2tk02jgcq/sc/cae_h264/1672055221049190724/mda-nmrgdjg2tk02jgcq.mp4
八两银子之送衣服-许君聪,https://vd3.bdstatic.com/mda-qeaa4x8e4pxhx641/hd/cae_h264/1715412463575001970/mda-qeaa4x8e4pxhx641.mp4
爸爸父亲爹-魏三,https://vd3.bdstatic.com/mda-pikbkbf06jr3sq4b/720p/h264/1695284041264505260/mda-pikbkbf06jr3sq4b.mp4
耙耳朵-张德高,https://vdse.bdstatic.com//73e623d869f5d89a61c98411e1595351.mp4
耙耳朵新篇-张德高,https://vd3.bdstatic.com/mda-ja4hcrdqyi829ygq/hd/mda-ja4hcrdqyi829ygq.mp4
拜年-赵本山,https://vdse.bdstatic.com//7bc2eaa6e9842f637f3aa731dca95e47.mp4
拜师-文松,https://vd3.bdstatic.com/mda-pj72tk9fnps3nzvx/sc/cae_h264/1696847030627499160/mda-pj72tk9fnps3nzvx.mp4
逼供-乔杉修睿,https://vd3.bdstatic.com/mda-qdkguams0k4f3tr7/hd/cae_h264/1713700936346014018/mda-qdkguams0k4f3tr7.mp4
表白-宋小宝,https://vd3.bdstatic.com/mda-pjrcbnb5dqxwi590/sc/cae_h264/1698439209184452611/mda-pjrcbnb5dqxwi590.mp4
不差钱-赵本山小沈阳,https://vd3.bdstatic.com/mda-pavi8pxnu49n4gr5/720p/h264/1675083373740839471/mda-pavi8pxnu49n4gr5.mp4
策划-赵本山宋丹丹,https://vd3.bdstatic.com/mda-pk3j6mty1qzq91rt/hd/cae_h264/1699114496281264990/mda-pk3j6mty1qzq91rt.mp4
插翅难逃之探监-崔志佳,https://vdse.bdstatic.com//3340f96c8af7b2beb7b15d3930aed806.mp4
插翅难逃之西洋暗器-崔志佳,https://vd3.bdstatic.com/mda-nch94wg9q1na4pkv/sc/cae_h264_delogo/1647586610890710670/mda-nch94wg9q1na4pkv.mp4
超级大明星-小沈阳,https://vdse.bdstatic.com//e9db1ac3c614e0f2b05c30656c20a16b.mp4
超级神探-潘斌龙崔志佳,https://vd3.bdstatic.com/mda-phwhkedmdhwciy9y/sc/cae_h264/1693523709906399063/mda-phwhkedmdhwciy9y.mp4
车站奇遇-蔡明潘长江,https://vd3.bdstatic.com/mda-qawkdqae4p8cf3ch/sc/cae_h264/1706796688379722525/mda-qawkdqae4p8cf3ch.mp4
吃面-宋小宝,https://vd3.bdstatic.com/mda-pjjb2sz1k5mt9mdt/sc/cae_h264/1697847388902763799/mda-pjjb2sz1k5mt9mdt.mp4
吃面条-陈佩斯朱时茂,https://vdse.bdstatic.com//19622bd68fc384bfbc19ce18cc1690b5.mp4
吃面条-乔杉修睿,https://vd3.bdstatic.com/mda-qe61ugedwph6s2a3/hd/cae_h264/1715064353019743134/mda-qe61ugedwph6s2a3.mp4
赤壁-艾伦魏翔柳岩,https://vd3.bdstatic.com/mda-pjcjn21d0hmzifu7/sc/cae_h264/1697247683328112619/mda-pjcjn21d0hmzifu7.mp4
聪明的小明-贾旭明张康,https://vd3.bdstatic.com/mda-pjq9i7q9jtk1xihv/sc/cae_h264/1698297243158263907/mda-pjq9i7q9jtk1xihv.mp4
聪明丈夫-黄宏,https://vd3.bdstatic.com/mda-ka8fdjhs6iihkz16/v1-cae/hd/mda-ka8fdjhs6iihkz16.mp4
打工奇遇-赵丽蓉巩汉林,https://vdse.bdstatic.com//867790e13a90309cd1b88b05a08fd6a7.mp4
打劫-宋小宝程野,https://vdse.bdstatic.com//a9d07519513c0cccde393073cf76b15f.mp4
大城小事-王宁艾伦常远,https://vd3.bdstatic.com/mda-pmr9xw0cpsj4kaap/cae_h264/1703596182082567530/mda-pmr9xw0cpsj4kaap.mp4
屌丝-大鹏柳岩,https://vdse.bdstatic.com//8ee4f3b8b9057008303509a8c3ac0ac8.mp4
屌丝2-大鹏柳岩,https://vdse.bdstatic.com//e7fb049418639f517127f3ade38e3036.mp4
堵车你开心吗,https://vd3.bdstatic.com/mda-qamequnh4yu617yq/576p/h264/1705920913159175563/mda-qamequnh4yu617yq.mp4
对象相对象-田娃,https://vd3.bdstatic.com/mda-pihku1q5nv859fdw/sc/cae_h264/1695117159935295857/mda-pihku1q5nv859fdw.mp4
发红包-贾冰沙溢,https://vd3.bdstatic.com/mda-pjjb2szh0n4neqkn/sc/cae_h264/1697844560163307160/mda-pjjb2szh0n4neqkn.mp4
返乡-冯巩,https://vd3.bdstatic.com/mda-qe61hc8r07903h0y/hd/cae_h264/1715062959363359020/mda-qe61hc8r07903h0y.mp4
饭局-崔大笨,https://vd3.bdstatic.com/mda-qath2i3w9zir4y0c/hd/cae_h264/1706449702568209513/mda-qath2i3w9zir4y0c.mp4
方清平倪萍,http://uptt.gcwduoduo.com/v/191017/e72c99b584c26337138c62db14ca22f8.mp4
飞天梦-潘长江,https://vd3.bdstatic.com/mda-phi48ipauh8fu3hz/hd/cae_h264/1692428453329925015/mda-phi48ipauh8fu3hz.mp4
非诚不找-宋晓峰文松,https://vd3.bdstatic.com/mda-phwcjzu6h6850kxz/sc/cae_h264/1694050660601397503/mda-phwcjzu6h6850kxz.mp4
非诚来扰-宋小宝,https://vd3.bdstatic.com/mda-qa5d3y5262ya53bx/sc/cae_h264/1704694121730939759/mda-qa5d3y5262ya53bx.mp4
非诚勿扰-许君聪,https://vdse.bdstatic.com//779eec16c16e056ff59a696f4672196f.mp4
翡翠西瓜-文松杨树林,https://vd3.bdstatic.com/mda-pmwbd6i27e5tkgr2/sc/cae_h264/1704018772026715780/mda-pmwbd6i27e5tkgr2.mp4
疯狂炒作团-程野,https://vd3.bdstatic.com/mda-miubn40zps8xuutu/hd/cae_h264_nowatermark/1632904102877646564/mda-miubn40zps8xuutu.mp4
疯狂的年糕-张小伟,https://vd3.bdstatic.com/mda-mbhjajaqpzjw82iz/cae_h264_nowatermark/1613630447/mda-mbhjajaqpzjw82iz.mp4
疯狂粉丝团-程野,https://vd3.bdstatic.com/mda-qec1huz7j89mqz7g/hd/cae_h264/1715587003695323458/mda-qec1huz7j89mqz7g.mp4
疯狂假币-张小伟,https://vd3.bdstatic.com/mda-qb84g637ckii75tk/hd/cae_h264/1707448703626078040/mda-qb84g637ckii75tk.mp4
疯狂鉴宝团-程野,https://vd3.bdstatic.com/mda-pdhbv35rc093pm4i/576p/h264/1681807215871903151/mda-pdhbv35rc093pm4i.mp4
疯狂旅游团-程野,https://vd3.bdstatic.com/mda-phsaehkrypkt521d/720p/h264/1693121808515714564/mda-phsaehkrypkt521d.mp4
疯狂造假团-程野,https://vd3.bdstatic.com/mda-mk4ar2n455y80d42/hd/cae_h264_nowatermark/1636099218435406502/mda-mk4ar2n455y80d42.mp4
扶不扶-沈腾,https://vd3.bdstatic.com/mda-jaqyuyv3cx5wag5t/sc/mda-jaqyuyv3cx5wag5t.mp4
父与子-贾冰,https://vd3.bdstatic.com/mda-qavd8ukdy38gh0ti/hd/cae_h264/1706607484539937796/mda-qavd8ukdy38gh0ti.mp4
干杯吧爸爸-潘斌龙韩雪,https://vdse.bdstatic.com//4c9888933a9b3a0b92764a363be81356.mp4
哥俩好-常远宋阳,https://vdse.bdstatic.com//c71d262097bdcaf64ba452eb14cfbb9b.mp4
跟着媳妇当保姆-冯巩朱军,http://uptt.gcwduoduo.com/v/181110/0650ed5311b8750b7aa48e8c2a441b7c.mp4
公交车上-刘小光田娃,https://vd3.bdstatic.com/mda-nbqaqte613k0rr46/576p/cae_h264/1652569874030248714/mda-nbqaqte613k0rr46.mp4
公主的幸福生活之好日子到头了-贾玲,https://vd3.bdstatic.com/mda-qbuecu8x7994qhjp/sc/cae_h264/1709202301738782376/mda-qbuecu8x7994qhjp.mp4
功夫-赵本山范伟,http://uptt.gcwduoduo.com/v/181110/3542142ad92cdadc07142bd64b106500.mp4
广告双子星-肖旭肥龙,https://vd3.bdstatic.com/mda-pj6ey3qx92zkntjf/sc/cae_h264/1696887137626504136/mda-pj6ey3qx92zkntjf.mp4
过河-潘长江,http://uptt.gcwduoduo.com/v/190528/21f13ec36f07ebbf366659673712e667.mp4
好尴尬-潘斌龙,https://vd3.bdstatic.com/mda-phwck019wwbsk503/sc/cae_h264/1694638884819029968/mda-phwck019wwbsk503.mp4
好尴尬之吸血鬼日记-潘斌龙,https://vd3.bdstatic.com/mda-pjacxaqabidmyaup/sc/cae_h264/1697039342385285184/mda-pjacxaqabidmyaup.mp4
好久不见-刘亮白鸽,https://vd3.bdstatic.com/mda-mb1qmedu5zw48skr/v1-cae/hd/mda-mb1qmedu5zw48skr.mp4
虎口遐想1-姜昆,https://vd3.bdstatic.com/mda-ngk9ceyz1dxj2e0q/hd/cae_h264/1658399933939920696/mda-ngk9ceyz1dxj2e0q.mp4
虎口遐想2-姜昆,https://vd4.bdstatic.com/mda-jarfmdf8su7sckk3/hd/mda-jarfmdf8su7sckk3.mp4
花盆-黄宏,http://uptt.gcwduoduo.com/v/181110/4e1175ce7f85e0eb9edb836c67a580f1.mp4
华府招亲-宋晓峰程野,https://vd3.bdstatic.com/mda-qaq8rpne4zdj1y6i/hd/cae_h264/1706241051829414854/mda-qaq8rpne4zdj1y6i.mp4
怀孕-乔杉修睿,https://vdse.bdstatic.com//86cf78ae4cfadc9dac585a70b2587808.mp4
黄师傅-沙溢,https://vd3.bdstatic.com/mda-pj8c6tjud36zznfh/sc/cae_h264/1696898736769689180/mda-pj8c6tjud36zznfh.mp4
回家-宋小宝,https://vd3.bdstatic.com//mda-pjpave8ceiq2b12x/360p/h264/1698133283249504866/mda-pjpave8ceiq2b12x.mp4
魂斗罗-陈赫,https://vd3.bdstatic.com/mda-pf0d584226si28rt/sc/cae_h264/1685645342091071520/mda-pf0d584226si28rt.mp4
火炬手-赵本山,https://vd3.bdstatic.com/mda-qbtjetv9z1v342v5/hd/cae_h264/1709260078003965471/mda-qbtjetv9z1v342v5.mp4
互联网体检-蒋诗萌,https://vd3.bdstatic.com/mda-pg08vb4i5g7bj11t/576p/h264/1688192203187937174/mda-pg08vb4i5g7bj11t.mp4
家的谎言-崔志佳潘斌龙,https://vdse.bdstatic.com//b3cf553fb10967aaccf34e03df7d08d1.mp4
甲方乙方-贾冰,https://vd3.bdstatic.com/mda-jkadz777npsidgpe/sc/mda-jkadz777npsidgpe.mp4
贾总的烦恼-贾冰,https://vd3.bdstatic.com/mda-ni1kf5278dbs4g3i/sc/cae_h264/1662130042055370233/mda-ni1kf5278dbs4g3i.mp4
贾总的演讲-贾冰,https://vdse.bdstatic.com//6496fc20b5d70fe3f06a0c5e634d7376.mp4
假如爱有来生-蒋欣常远,https://vdse.bdstatic.com//603b7d39a7d39a7eb05f782ff247b3b7.mp4
假如爱有天意-蒋欣常远,https://vd3.bdstatic.com/mda-qdu2cgty91xbrm1q/hd/cae_h264/1714356460218983288/mda-qdu2cgty91xbrm1q.mp4
假戏真做-宋小宝沈梦辰,https://vd3.bdstatic.com/mda-phsaehp5ixg3t3g0/sc/cae_h264/1693256420047775107/mda-phsaehp5ixg3t3g0.mp4
江湖恩仇录-潘斌龙,https://vd3.bdstatic.com/mda-pjcjn1tx2fd528s2/sc/cae_h264/1697247774035506230/mda-pjcjn1tx2fd528s2.mp4
焦点2+2-贾旭明张康,https://vd3.bdstatic.com/mda-qa2d887gefqx0wr4/sc/cae_h264/1704314618496370638/mda-qa2d887gefqx0wr4.mp4
街头卫士-句号,https://vd3.bdstatic.com/mda-qe926b08ye1vajud/576p/h264/1715305055403871645/mda-qe926b08ye1vajud.mp4
劫法场-沙溢,https://vd3.bdstatic.com/mda-pj6e4gx0gax10thx/sc/cae_h264/1696692719991587344/mda-pj6e4gx0gax10thx.mp4
姐夫与小舅子-陈佩斯朱时茂,https://vdse.bdstatic.com//ea09456ca8ef9b179565ea954773e7e0.mp4
今儿倍儿爽-冯巩贾旭明,https://vd3.bdstatic.com/mda-qaqdzhd46jsyine1/cae_h264/1706256490190003880/mda-qaqdzhd46jsyine1.mp4
今天的幸福-沈腾艾伦,https://vd3.bdstatic.com/mda-qee220pnyaexhgt0/576p/h264/1715736891213000692/mda-qee220pnyaexhgt0.mp4
今天的幸福2-沈腾马丽,https://vd3.bdstatic.com/mda-qdebdxy375jmhrkf/hd/cae_h264/1713261940916608150/mda-qdebdxy375jmhrkf.mp4
荆轲刺秦-黄宏沙溢邵峰,https://vd3.bdstatic.com/mda-jarfjv4vx5rkzn1u/mda-jarfjv4vx5rkzn1u.mp4
惊喜年夜饭-宋小宝薛佳凝,https://vdse.bdstatic.com//e82903f9c69907e436b727321e82b5c8.mp4
警察与小偷-陈佩斯,https://vd3.bdstatic.com/mda-pd32a124bcz2nukd/576p/h264/1680572316372297141/mda-pd32a124bcz2nukd.mp4
囧途航班-宋小宝贾冰,http://uptt.gcwduoduo.com/v/220621/104253a1c26665b46e7b976e2dacf708.mp4
九儿-贾玲陈赫许君聪,https://vd3.bdstatic.com/mda-paf9fc57gug7151b/576p/h264/1673851484451337705/mda-paf9fc57gug7151b.mp4
旧曲新歌-冯巩郭冬临,https://vd3.bdstatic.com/mda-qe91ueh7g3xf4iwj/hd/cae_h264/1715334206233421824/mda-qe91ueh7g3xf4iwj.mp4
就差钱-赵本山,https://vd3.bdstatic.com/mda-pe88dd94mqtwvswc/hd/cae_h264/1683660151332694377/mda-pe88dd94mqtwvswc.mp4
捐助-赵本山,https://vd3.bdstatic.com/mda-jaqz8g17b9cvryks/hd/mda-jaqz8g17b9cvryks.mp4
决战元宵夜-宋晓峰,https://vd3.bdstatic.com/mda-pijei4tdebp7ddd2/sc/cae_h264/1696417703069907523/mda-pijei4tdebp7ddd2.mp4
看病-宋小宝,https://vdse.bdstatic.com//e15d4c14eb11f1e7dd8bf55fdae721be.mp4
烤串-宋小宝,https://vd3.bdstatic.com/mda-pj7e225zuig2w5jm/sc/cae_h264/1696809230955715635/mda-pj7e225zuig2w5jm.mp4
快乐其实很简单-孙涛闫妮,https://vd3.bdstatic.com/mda-pigkr72v8crpjxxj/sc/cae_h264/1695246535846469304/mda-pigkr72v8crpjxxj.mp4
来了老妹儿-宋晓峰,https://vd3.bdstatic.com/mda-pg93vg7y24ux3mgg/sc/cae_h264/1688975729604298346/mda-pg93vg7y24ux3mgg.mp4
老舅和外甥-崔志佳潘斌龙,https://vdse.bdstatic.com//859df70a693f9dd2fc948bbfaaab96fa.mp4
老舅与外甥2-崔志佳潘斌龙,https://vd3.bdstatic.com/mda-qcs8hpbxa81xuy95/576p/h264/1711520200897304135/mda-qcs8hpbxa81xuy95.mp4
老王卖瓜-王小利,https://vd3.bdstatic.com/mda-qdc34feegp0uqrq1/hd/cae_h264/1713173143393888032/mda-qdc34feegp0uqrq1.mp4
老友记-寇振海,https://vd3.bdstatic.com/mda-phwhkemd0krpmeu6/sc/cae_h264/1693523618619638193/mda-phwhkemd0krpmeu6.mp4
老有所痒-许君聪,https://vd3.bdstatic.com/mda-jc4fgcq4fdic5266/sc/mda-jc4fgcq4fdic5266.mp4
冷风吹心头-马苏潘斌龙,https://vdse.bdstatic.com//acf4842a38dc1cb3f57d6c1bfba3cced.mp4
力工之王-张之栋,https://vd3.bdstatic.com/mda-pjacxb8qjiak4dnq/sc/cae_h264/1697040719582165663/mda-pjacxb8qjiak4dnq.mp4
连环计-何洁,https://vd3.bdstatic.com/mda-mkadvg2me151975f/hd/cae_h264_nowatermark/1636625042640145241/mda-mkadvg2me151975f.mp4
恋爱倒叙-高晓攀,https://vdse.bdstatic.com//2ef6eb7a47399e7117ba636634aa80fc.mp4
恋爱倒叙2-高晓攀,https://vd3.bdstatic.com/mda-jcritrv9k7pd238s/sc/mda-jcritrv9k7pd238s.mp4
两个弄潮儿-牛群冯巩,https://vd3.bdstatic.com/mda-mkqdhm17rs7198m6/hd/cae_h264/1637859905115117938/mda-mkqdhm17rs7198m6.mp4
两肋插刀-张春丰王博李欢欢,https://vd3.bdstatic.com/mda-qaf3w9218zc1ynev/sc/cae_h264/1705376008633159479/mda-qaf3w9218zc1ynev.mp4
柳岩大鹏,https://vd3.bdstatic.com/mda-pime044cshg2mn8c/sc/cae_h264/1695844876307157168/mda-pime044cshg2mn8c.mp4
路通了-孙涛,https://vd3.bdstatic.com/mda-qb140bi0ub0nrbui/hd/cae_h264/1707098740081698793/mda-qb140bi0ub0nrbui.mp4
吕先生与驴-艾伦,https://vd3.bdstatic.com/mda-pi69113kgiap2n2q/sc/cae_h264/1694134550656732742/mda-pi69113kgiap2n2q.mp4
落跑姐妹之官服-贾玲,https://vdse.bdstatic.com//31481705b0074721aaead60cbcdca2c3.mp4
落跑姐妹之还债-贾玲,https://vd3.bdstatic.com/mda-qbkahwmpm9juxgvg/hd/cae_h264/1708597419840798082/mda-qbkahwmpm9juxgvg.mp4
落跑姐妹之逃婚-贾玲,https://vd3.bdstatic.com/mda-pja4nnebagmv8m9p/sc/cae_h264/1697035287694901118/mda-pja4nnebagmv8m9p.mp4
落跑兄弟-崔志佳潘斌龙,https://vd3.bdstatic.com/mda-pis9338ajuy93b0x/sc/cae_h264/1695824341554935883/mda-pis9338ajuy93b0x.mp4
落叶归根-王宁艾伦常远,https://vdse.bdstatic.com//35c0454d00303caa66ebb177273670cf.mp4
马路情歌-冯巩周涛,http://uptt.gcwduoduo.com/v/181110/bffe379ba1daf33e0e55dbc54b3046f6.mp4
买年货-赵本山,http://uptt.gcwduoduo.com/v/220517/42619f0a30cbc99e8a1d9fff5e3984f6.mp4
卖车-赵本山,https://vd3.bdstatic.com/mda-mie4xbgngu3xip2p/sc/cae_h264_nowatermark/1631681549654876236/mda-mie4xbgngu3xip2p.mp4
卖拐-赵本山,https://vd3.bdstatic.com/mda-qb3jm4pher55689k/hd/cae_h264/1707830721963057885/mda-qb3jm4pher55689k.mp4
毛驴县令-潘长江朱时茂,https://vd3.bdstatic.com/mda-pjcjn1vfiv09n7yr/sc/cae_h264/1697247892355492668/mda-pjcjn1vfiv09n7yr.mp4
毛县令办案-潘长江,http://uptt.gcwduoduo.com/v/190528/c0e9a77c5162d1143e596943f25bf04a.mp4
每逢佳节必催婚-张凯丽,https://vdse.bdstatic.com//995f6bb4386df7d3b6e27308a49eed72.mp4
美好时代-黄海波,https://vdse.bdstatic.com//aab365b1201de6adc3f106d7736e6714.mp4
美声无罪-崔志佳乔杉等,https://vdse.bdstatic.com//cfd2e38cdaaa84676712254f29a50642.mp4
免费电话-李金斗大兵,http://uptt.gcwduoduo.com/v/181110/5b6cc63c06e7e78104d62e8b391ceb0f.mp4
面试-郭冬临,https://vd3.bdstatic.com/mda-qcfj72dx3v2gxa26/sc/cae_h264/1710711145620473372/mda-qcfj72dx3v2gxa26.mp4
面试-贾冰,https://vd3.bdstatic.com/mda-pjaiwxt5fbivqfq6/hd/cae_h264/1697055308927977240/mda-pjaiwxt5fbivqfq6.mp4
面子-贾玲张小斐,https://vd3.bdstatic.com/mda-qb2jr6urxvs1xd3b/hd/cae_h264/1706970861899039106/mda-qb2jr6urxvs1xd3b.mp4
民间艺术团-宋小宝,https://vd3.bdstatic.com/mda-pj8b1q98djq278ur/sc/cae_h264/1696894243389056776/mda-pj8b1q98djq278ur.mp4
那一夜-文松,https://vd3.bdstatic.com/mda-pjcjn1whu5eukr38/sc/cae_h264/1697247935615749110/mda-pjcjn1whu5eukr38.mp4
你爹就是俺爹-孙涛孙梅,https://vdse.bdstatic.com//1a302fc08665fae80a8a63b3ab4e7688.mp4
你摊上事了-孙涛,https://vd3.bdstatic.com/mda-qb59kbahna34t3t6/sc/cae_h264/1707305290566366937/mda-qb59kbahna34t3t6.mp4
年终奖奇妙夜1-贾冰,https://vdse.bdstatic.com//93d2afc75e1dc591e7d429918e7448d4.mp4
年终奖奇妙夜2-贾冰,https://vd3.bdstatic.com/mda-kaqvwe5dpr0dy4ir/v1-cae/sc/mda-kaqvwe5dpr0dy4ir.mp4
欧突欧奇遇-高晓攀,https://vd3.bdstatic.com/mda-qec9e69b6e5rmghv/576p/h264/1715582620736924965/mda-qec9e69b6e5rmghv.mp4
碰瓷-宋小宝,https://vd3.bdstatic.com/mda-qbn96748cg0hk8i7/hd/cae_h264/1708765796844317358/mda-qbn96748cg0hk8i7.mp4
偏方-程野,https://vd3.bdstatic.com/mda-qc8846b0j6quw1j4/hd/cae_h264/1710082500113348522/mda-qc8846b0j6quw1j4.mp4
拼助理-乔杉修睿,https://vd3.bdstatic.com/mda-piq301jzbac9xan9/sc/cae_h264/1695970836837375677/mda-piq301jzbac9xan9.mp4
平民英雄-乔杉修睿,https://vd3.bdstatic.com/mda-pcufqqzpc68nbxwk/576p/h264/1680088455269361121/mda-pcufqqzpc68nbxwk.mp4
钱因后果-宋晓峰文松,https://vd3.bdstatic.com/mda-phwegde927k5egme/sc/cae_h264/1693521997540301278/mda-phwegde927k5egme.mp4
强迫症-开心麻花,https://vd3.bdstatic.com/mda-pigkr74bppx2kt5j/sc/cae_h264/1695920310384755203/mda-pigkr74bppx2kt5j.mp4
巧立名目-牛群冯巩,https://vdse.bdstatic.com//123b1e01f5128d0e71b4f392ec1a971c.mp4
巧审驸马爷-宋小宝,https://vd3.bdstatic.com/mda-pjckm4x4piakw250/sc/cae_h264/1697251590447128410/mda-pjckm4x4piakw250.mp4
取钱-郭冬临,https://vdse.bdstatic.com//68b2ac3e7a50177c924737f02f82ae9d.mp4
确认过眼神-张小斐,https://vd3.bdstatic.com/mda-pfubseq77a6d4gze/sc/cae_h264/1688314591491534932/mda-pfubseq77a6d4gze.mp4
扰民了你-蔡明潘长江,https://vd3.bdstatic.com/mda-phhd46zjea5p28uw/sc/cae_h264/1692368496586831604/mda-phhd46zjea5p28uw.mp4
如此包装-赵丽蓉巩汉林,https://vd3.bdstatic.com/mda-qef3dtijynr7y4dy/576p/h264/1715826599757922125/mda-qef3dtijynr7y4dy.mp4
歃血为盟-张春丰王博李欢欢,https://vdse.bdstatic.com//1703e7d0aa1667d85611857e7ec6b4b2.mp4
山匪拜寿-程野,http://uptt.gcwduoduo.com/v/220720/9848882b72698aeaa85b48eb9cf0aaaa.mp4
上海滩-小沈阳文松,https://vd3.bdstatic.com/mda-qa4hx55bq5sse2eu/sc/cae_h264/1704523210910555327/mda-qa4hx55bq5sse2eu.mp4
审舅舅-张春丰王博李欢欢,https://vd3.bdstatic.com/mda-qdi50kfkc0vbcuvc/576p/h264/1713497999327065382/mda-qdi50kfkc0vbcuvc.mp4
谁是杨贵妃-贾玲,https://vd3.bdstatic.com/mda-pihktv2y24m797f7/720p/h264/1695048688136473822/mda-pihktv2y24m797f7.mp4
谁替我证明-潘长江巩汉林,https://vd3.bdstatic.com/mda-qcfjtvxfg3kbj6av/sc/cae_h264/1710714577913757355/mda-qcfjtvxfg3kbj6av.mp4
史上第一大劫案,https://vd3.bdstatic.com/mda-qg49mdcyv7unh4ar/sc/cae_h264/1720163177793508116/mda-qg49mdcyv7unh4ar.mp4
诗和远方-宋晓峰,https://vd3.bdstatic.com/mda-pime043vs9ggt0bz/sc/cae_h264/1695754038833020347/mda-pime043vs9ggt0bz.mp4
摔杯为号-刘晓光田娃,https://vdse.bdstatic.com//d918ce33db1b74d3ed1d7f7da55a16bb.mp4
双簧-大兵赵卫国,https://vdse.bdstatic.com//f6f2c0e50d5f220d159cc5c830536784.mp4
私房钱-宋小宝,https://vd3.bdstatic.com/mda-pjacxaz444td6p7a/sc/cae_h264/1697040832130380980/mda-pjacxaz444td6p7a.mp4
撕吧吧兄弟-乔杉修睿,https://vd3.bdstatic.com/mda-pjckm0z8ud5zcyih/sc/cae_h264/1697250611928956100/mda-pjckm0z8ud5zcyih.mp4
四大才子-小沈阳宋晓峰,https://vd3.bdstatic.com/mda-qaaj18btgwg9kqze/hd/cae_h264/1705037229289415769/mda-qaaj18btgwg9kqze.mp4
四十而已-贾冰,https://vd3.bdstatic.com/mda-pita2jxkda6sxbgv/sc/cae_h264/1696247063217037785/mda-pita2jxkda6sxbgv.mp4
送礼-蔡明郭达,http://uptt.gcwduoduo.com/v/181110/3e7da391047f125d77470feea8b2e265.mp4
送水工-赵本山,http://uptt.gcwduoduo.com/v/181110/fff6f7161025c1ae11713e683d2b9c30.mp4
送项链-郭冬临,https://vd3.bdstatic.com/mda-pmuax992ii5g9s9g/hd/cae_h264/1703838003789552403/mda-pmuax992ii5g9s9g.mp4
速度与激情-乔杉修睿,https://vd3.bdstatic.com/mda-pmkem86nnamb9esq/sc/cae_h264/1703202502607083623/mda-pmkem86nnamb9esq.mp4
酸辣婚礼-冯巩,https://vd3.bdstatic.com/mda-mjv8c1tidph0ur06/720p/h264/1635573317974451825/mda-mjv8c1tidph0ur06.mp4
谈啥别谈钱-潘长江,https://vd3.bdstatic.com/mda-piseaw6z5m8ed92t/576p/h264/1695809366194990991/mda-piseaw6z5m8ed92t.mp4
逃跑吧兄弟-卜钰,https://vd3.bdstatic.com/mda-phtcz9k54vzx9z5g/720p/h264/1693213950038002801/mda-phtcz9k54vzx9z5g.mp4
体验美味-宋晓峰,https://vd3.bdstatic.com/mda-pjacxay48r74x9sz/720p/h264/1697015815340117951/mda-pjacxay48r74x9sz.mp4
天网恢恢-王宁常远蔡明,https://vd3.bdstatic.com/mda-qe91uenvr74haejd/hd/cae_h264/1715326448531859675/mda-qe91uenvr74haejd.mp4
天下第一剑-潘斌龙马苏,https://vd3.bdstatic.com/mda-pd67p5k6bme117n7/sc/cae_h264/1680848349956826702/mda-pd67p5k6bme117n7.mp4
天下无贼-潘斌龙崔志佳,https://vd3.bdstatic.com/mda-pii8dfujyetsxrva/sc/cae_h264/1695245151093599525/mda-pii8dfujyetsxrva.mp4
听风-宋小宝蒋欣,https://vd3.bdstatic.com/mda-pj8b1qj9yt0qi5fa/sc/cae_h264/1696894302801347756/mda-pj8b1qj9yt0qi5fa.mp4
同学会-赵本山,https://vd3.bdstatic.com/mda-pkg32eh0r4inmi0m/sc/cae_h264/1700191114601131540/mda-pkg32eh0r4inmi0m.mp4
同桌的你-赵本山小沈阳,https://vd3.bdstatic.com/mda-ka7eamyh1z3i1zgy/v1-cae/hd/mda-ka7eamyh1z3i1zgy.mp4
偷金子-张春丰王博李欢欢,https://vdse.bdstatic.com//ac83f44b44ae77b15c240c1582f49706.mp4
投其所好-沈腾马丽,https://vd3.bdstatic.com/mda-qec1hv8txf16kq78/hd/cae_h264/1715587209800818707/mda-qec1hv8txf16kq78.mp4
外卖奇遇记-王宁常远艾伦,https://vd3.bdstatic.com/mda-qas246yx4ge9vct0/cae_h264/1706405224463929589/mda-qas246yx4ge9vct0.mp4
外面的世界-乔杉修睿,https://vd3.bdstatic.com/mda-pmnbtcvi9vsrbne7/576p/h264/1703320381521026941/mda-pmnbtcvi9vsrbne7.mp4
王牌特工-蒋欣常远,https://vd3.bdstatic.com/mda-pf39zt66cvgatj8f/sc/cae_h264/1685965749003144950/mda-pf39zt66cvgatj8f.mp4
我的儿子-牛群冯巩,https://vdse.bdstatic.com//f27179e048a85dd2f00d16f6a13ac370.mp4
我的路-沈腾,https://vd3.bdstatic.com/mda-qcd2munv4gnkttf2/hd/cae_h264/1710383916308017387/mda-qcd2munv4gnkttf2.mp4
我是演员之偶像团-宋小宝,https://vd3.bdstatic.com/mda-pj72gudybfpxzh53/sc/cae_h264/1696941679720246192/mda-pj72gudybfpxzh53.mp4
我想有个家-赵本山,https://vd3.bdstatic.com/mda-na28qhjka4cxayyy/hd/cae_h264_nowatermark/1641191378640616361/mda-na28qhjka4cxayyy.mp4
我要报警-石头毛帅帅,https://vd3.bdstatic.com/mda-pitdrx46ajt7pnne/sc/cae_h264/1696328918309678997/mda-pitdrx46ajt7pnne.mp4
我要飞-宋晓峰,https://vd3.bdstatic.com/mda-pja4nhghwkw24wa4/sc/cae_h264/1697010029379049442/mda-pja4nhghwkw24wa4.mp4
我要回农村-张子栋,https://vd3.bdstatic.com/mda-qbha2pe15cvx6s4x/hd/cae_h264/1708345234798974185/mda-qbha2pe15cvx6s4x.mp4
五两银子-许君聪,https://vdse.bdstatic.com//3f8c43e1446b5829a11ad1bfdf366762.mp4
武侠大闯关-贾旭明,https://vd3.bdstatic.com/mda-pi9g5w6n33sghn70/sc/cae_h264/1694394741031262841/mda-pi9g5w6n33sghn70.mp4
喜乐街-贾玲沙溢,https://vdse.bdstatic.com//601b1450150fbe7d1f6f14043e56b1fe.mp4
狭路相逢-宋晓峰,https://vd3.bdstatic.com/mda-pjjb2ssx5ax0utis/sc/cae_h264/1697845692626832196/mda-pjjb2ssx5ax0utis.mp4
相亲1-赵本山,https://vdse.bdstatic.com//52b1b520200b5f28dc398512edded189.mp4
相亲2-赵本山,https://vd3.bdstatic.com/mda-qafaim7cpnpczzww/hd/cae_h264/1705395286132840200/mda-qafaim7cpnpczzww.mp4
相亲5-宋小宝,http://uptt.gcwduoduo.com/v/220420/f4b21b54f98cc7e4a48023442eecb9a9.mp4
相亲之非诚勿扰-张小斐,https://vdse.bdstatic.com//52c603def74771dc95fd0c724e2bddbb.mp4
相亲之非诚勿扰2-张小斐,https://vdse.bdstatic.com//5d88219fb2e3bc6df468f5f85df2b78b.mp4
相亲之我想谈恋爱-张小斐,https://vd3.bdstatic.com/mda-pj6e4gxv26ym91fr/sc/cae_h264/1696691978578447895/mda-pj6e4gxv26ym91fr.mp4
想说爱你不容易-宋小宝,https://vd3.bdstatic.com/mda-pitdrwvfx3kpcid5/sc/cae_h264/1696329135460791265/mda-pitdrwvfx3kpcid5.mp4
想跳就跳-蔡明潘长江,https://vdse.bdstatic.com//fe4a8b27ee7059e7d76bf284767b56ee.mp4
向领导汇报-大兵,https://vdse.bdstatic.com//c7de51e4a859a6aecc15a919b2ad175b.mp4
小崔说事-赵本山宋丹丹,http://uptt.gcwduoduo.com/v/181110/dc11345e9bf164b2e1cfdf09f6922524.mp4
小九老乐-赵本山,https://vd3.bdstatic.com/mda-maqs355itqp221rx/v2-hknm/hd/mda-maqs355itqp221rx.mp4
小棉袄-冯巩张小斐,https://vd3.bdstatic.com/mda-qek23c1m3iazzr5s/720p/h264/1716255340389023490/mda-qek23c1m3iazzr5s.mp4
笑傲江湖-开心麻花,https://vd3.bdstatic.com/mda-piq301rs4uknj41j/sc/cae_h264/1695970140872236040/mda-piq301rs4uknj41j.mp4
心病-赵本山,http://uptt.gcwduoduo.com/v/190528/ad11d8507454d002d52cf31e5515bde2.mp4
心病-赵本山,https://vdse.bdstatic.com//bfe074b881566418706a1602b2f253a4.mp4
心理学初探-郭冬临黄杨,https://vd3.bdstatic.com/mda-nd29frt5x3uda8k4/hd/cae_h264_delogo/1649022474817109527/mda-nd29frt5x3uda8k4.mp4
新白蛇传-小沈阳沈春阳,https://vd3.bdstatic.com/mda-qfjimpbeu9ueciux/hd/cae_h264/1718890904826260647/mda-qfjimpbeu9ueciux.mp4
新邻居-牛群曹然然,https://vd3.bdstatic.com/mda-pa1gqcwkx77c9ia0/sc/cae_h264/1672779796571890058/mda-pa1gqcwkx77c9ia0.mp4
新鹊桥会-宋小宝,https://vd3.bdstatic.com/mda-pj7e2253ummvirvt/sc/cae_h264/1696809441450717394/mda-pj7e2253ummvirvt.mp4
新上海滩-王宁柳岩,https://vd3.bdstatic.com/mda-pdujx3f8tm1n9i5p/hd/cae_h264/1682788585237475646/mda-pdujx3f8tm1n9i5p.mp4
幸福密码-郭冬临,https://vd3.bdstatic.com/mda-qes3xan5vwb2anq3/hd/cae_h264/1716819564102132297/mda-qes3xan5vwb2anq3.mp4
阳仔演笑会3-小沈阳,https://vd3.bdstatic.com/mda-pitdrx02duzycvtb/sc/cae_h264/1696329311954368586/mda-pitdrx02duzycvtb.mp4
养生足浴盆-宋小宝,https://vd3.bdstatic.com/mda-pjpave8wfkfjw3dw/sc/cae_h264/1698189638780452072/mda-pjpave8wfkfjw3dw.mp4
要条件-魏文亮,https://vd2.bdstatic.com/mda-kgah4byryi8gsqk8/v1-cae/mda-kgah4byryi8gsqk8.mp4
叶祖新被套路-叶祖新,https://vd3.bdstatic.com/mda-pj7e225ztn108zbk/sc/cae_h264/1696808624784048225/mda-pj7e225ztn108zbk.mp4
一定找到你-郭冬临刘涛,https://vd3.bdstatic.com//mda-qb548t5x5d58tszc/cae_h264/1707190142029623165/mda-qb548t5x5d58tszc.mp4
一会老公回来了-高晓攀,https://vd3.bdstatic.com/mda-phwegd5q71a957nb/sc/cae_h264/1693522451623884957/mda-phwegd5q71a957nb.mp4
一年又一年-贾玲张小斐,https://vd3.bdstatic.com/mda-qe926b60mpqw636g/hd/cae_h264/1715326388121092299/mda-qe926b60mpqw636g.mp4
一念天堂-沈腾,https://vd3.bdstatic.com/mda-qe9ah9r1226d9izg/hd/cae_h264/1715333285173833900/mda-qe9ah9r1226d9izg.mp4
一夜心跳-曹云金,https://vd3.bdstatic.com/mda-pjckm11tj36nwtej/sc/cae_h264/1697248964625465071/mda-pjckm11tj36nwtej.mp4
一张火车票-周卫星何晶晶,https://vd3.bdstatic.com/mda-ng0dn66ydfqwbwg5/hd/cae_h264/1656668968823252017/mda-ng0dn66ydfqwbwg5.mp4
一醉十年-郭冬临,https://vd3.bdstatic.com/mda-pitdrx572bq0yw95/sc/cae_h264/1696330551584589656/mda-pitdrx572bq0yw95.mp4
银行大厅趣事-王雪冬,https://vd3.bdstatic.com/mda-qap3etstixv6tet3/hd/cae_h264/1706066606060577418/mda-qap3etstixv6tet3.mp4
有病没病-赵本山,https://vd3.bdstatic.com/mda-qa790h76byvmbvfu/hd/cae_h264/1704696228429624311/mda-qa790h76byvmbvfu.mp4
有话好好说-孙涛邵峰,https://vd3.bdstatic.com/mda-pi62akbpxvdb99fg/cae_h264/1694118097484111926/mda-pi62akbpxvdb99fg.mp4
有面儿-宋晓峰许君聪,https://vd3.bdstatic.com/mda-pi3eph2usqbdieyg/sc/cae_h264/1693877204388317509/mda-pi3eph2usqbdieyg.mp4
有钱了-赵本山宋小宝,https://vd3.bdstatic.com/mda-parxxqgratgtt2z6/sc/cae_h264/1674773558560654047/mda-parxxqgratgtt2z6.mp4
有喜了-宋小宝赵海燕,https://vdse.bdstatic.com//e62cf2a92310106143c5e79e5509b18e.mp4
咱们村的事儿-冯巩,https://vd3.bdstatic.com/mda-phsd7n4u4893zqr7/sc/cae_h264/1693276501520453553/mda-phsd7n4u4893zqr7.mp4
铡美案-宋小宝文松,https://vd3.bdstatic.com/mda-qf083vvv0mbps4w6/hd/cae_h264/1717290210537223985/mda-qf083vvv0mbps4w6.mp4
占位子-沈腾,https://vd3.bdstatic.com/mda-pjacxamwnxqpemg0/sc/cae_h264/1697039779679362609/mda-pjacxamwnxqpemg0.mp4
这事你笨想-乔杉修睿,https://vd3.bdstatic.com/mda-nbkcjfstv36sfxz5/hd/cae_h264_nowatermark_delogo/1645434523665950104/mda-nbkcjfstv36sfxz5.mp4
甄嬛歪传-宋小宝,http://uptt.gcwduoduo.com/v/220702/6fd44b94ee6a4c6ca9bb3cf9e9a4e933.mp4
中奖了-赵本山,https://vd3.bdstatic.com/mda-qctngbb0nzrn59fd/cae_h264/1711642057209247856/mda-qctngbb0nzrn59fd.mp4
钟点工-赵本山,https://vd3.bdstatic.com/mda-qb73kfn5i81rmsyv/hd/cae_h264/1707360710961048284/mda-qb73kfn5i81rmsyv.mp4
主角与配角-陈佩斯,https://vd3.bdstatic.com/mda-phv72us9edgy5xqa/sc/cae_h264/1693375372827969583/mda-phv72us9edgy5xqa.mp4
助阵郭麒麟-郭麒麟,https://vd3.bdstatic.com/mda-phw8cbk7w2ygm0kb/sc/cae_h264/1693500651932289658/mda-phw8cbk7w2ygm0kb.mp4
自助餐-于洋赵博,https://vd3.bdstatic.com/mda-qav1ywqqeu87s066/cae_h264/1706578509117549533/mda-qav1ywqqeu87s066.mp4
自作自受-宋小宝,https://vd3.bdstatic.com/mda-pi0hj5k7rtth6qbk/576p/h264/1693571407222385133/mda-pi0hj5k7rtth6qbk.mp4
总监驾到-张小斐张泰维,https://vd3.bdstatic.com/mda-qcv1n9gpmc66ta7x/hd/cae_h264/1711762863753032132/mda-qcv1n9gpmc66ta7x.mp4
总监驾到红高粱-贾玲,https://vd3.bdstatic.com/mda-nfmdf6n69b50k2wi/hd/cae_h264/1655896516383392384/mda-nfmdf6n69b50k2wi.mp4
总监驾到皇上-贾玲,https://vdse.bdstatic.com//5067b5f7911ae79cc85f6af4f535d9bf.mp4
总监驾到上海滩-贾玲,https://vdse.bdstatic.com//c30d731d45eff3f6e1c23961377b3b0e.mp4
总监驾到神雕侠侣-张小斐,https://vd3.bdstatic.com/mda-qb9p1h7v3hqihb08/576p/h264/1707582405024629042/mda-qb9p1h7v3hqihb08.mp4
总监驾到婉君-贾玲,https://vdse.bdstatic.com//12ce4294cc8b3013c800c7a33e111fe4.mp4
总监驾到西游记-张小斐,https://vdse.bdstatic.com//b0a56d1c5da3ed86e74a7ecf059c6c4c.mp4
走过场-沈腾马丽,https://vd3.bdstatic.com/mda-mbsksgcgcvnsdr0b/v1-hknm/sc/mda-mbsksgcgcvnsdr0b.mp4
足疗-黄宏,https://vd3.bdstatic.com/mda-pjegwx5uz79k1p8e/sc/cae_h264/1697385878883800210/mda-pjegwx5uz79k1p8e.mp4
最好的礼物-乔杉修睿,https://vd3.bdstatic.com/mda-qfcmqe312u8kucps/hd/cae_h264/1718373612522698790/mda-qfcmqe312u8kucps.mp4
最强天团之检查团-张泰维,https://vd3.bdstatic.com/mda-pcn1hchnizjmsqv2/720p/h264/1679533496987596648/mda-pcn1hchnizjmsqv2.mp4
最强天团之四大才子-张泰维,https://vd3.bdstatic.com/mda-pmj2v013qrqwsksv/360p/h264/1703037679146679886/mda-pmj2v013qrqwsksv.mp4
坐月子那点儿事-熊乃瑾付辛博,https://vdse.bdstatic.com//be5cb6ace9182fad443a16148c3a9cdb.mp4
oh买尬-宋小宝柳岩,https://vd3.bdstatic.com/mda-pjacxatgd4fu4svh/sc/cae_h264/1697040275219723394/mda-pjacxatgd4fu4svh.mp4
TFgirls-贾玲张小斐,https://vd3.bdstatic.com/mda-qc64dz3a7dai9wmn/576p/h264/1709780957602048364/mda-qc64dz3a7dai9wmn.mp4
↓邵氏电影专辑↓,http://live.dxms.top:80/dwy/news.php
马永贞,https://vip.ffzy-play7.com/20221206/8109_3c4ca01d/2000k/hls/mixed.m3u8
神打,https://vip.ffzy-play6.com/20221207/10783_85f390a9/2000k/hls/mixed.m3u8
流星蝴蝶剑,https://s3.bfzycdn.com/video/liuxinghudiejian/HD%E5%9B%BD%E8%AF%AD/index.m3u8
五郎八卦棍,https://vip.ffzy-play6.com/20221206/10482_15252bf2/2000k/hls/mixed.m3u8
多情剑客无情剑,https://vip.ffzy-play6.com/20221206/10288_62ea15ab/2000k/hls/mixed.m3u8
江湖三女侠,https://vip.ffzy-play7.com/20221128/7573_ff6822fe/2000k/hls/mixed.m3u8
春满乾坤,https://txmov2.a.kwimgs.com/upic/2023/02/24/12/BMjAyMzAyMjQxMjQ3MTlfNzM5MzQzNzIyXzk2ODk4NDM2NTM5XzBfMw==_b_B705c05974775757af5e519aecf31a47b.mp4
燕娘,https://txmov2.a.kwimgs.com/upic/2023/02/24/13/BMjAyMzAyMjQxMzAzNDhfNzM5MzQzNzIyXzk2ODk5NDA1MDIwXzBfMw==_b_B94dcf8e3323a1c8f112ee23c522a2008.mp4
太极拳,https://txmov2.a.kwimgs.com/upic/2023/02/24/12/BMjAyMzAyMjQxMjU3NDVfNzM5MzQzNzIyXzk2ODk5MDUyNDkyXzBfMw==_b_Be6d4606d4158a6521dea25ea1582f3e2.mp4
新独臂刀,https://vip.ffzy-play6.com/20221128/9217_8c238aaf/2000k/hls/mixed.m3u8
杀绝,https://txmov2.a.kwimgs.com/bs3/video-hls/5236842032270991245_hlsb.m3u8
楚留香,https://vip.ffzy-play7.com/20230215/14808_0ccf3503/2000k/hls/mixed.m3u8
至尊一剑,https://vip.lz-cdn1.com/20220404/971_1e60b636/1200k/hls/mixed.m3u8
红粉动江湖,https://vip.lz-cdn1.com/20220404/921_fa90aa31/1200k/hls/mixed.m3u8
龙虎斗,https://vip.lz-cdn7.com/20221225/12879_23530ab9/2000k/hls/mixed.m3u8
赌城大亨之新哥传奇,https://vip1.lz-cdn1.com/20220522/6319_3a3c45a8/1200k/hls/mixed.m3u8
南北少林,https://vip.ffzy-play7.com/20221208/8888_0506d313/2000k/hls/mixed.m3u8
审死官,https://vip.kuaikan-play1.com/20230308/ICEhFBxg/index.m3u8
爱的世界,https://vip.ffzy-play7.com/20230409/21720_88b19912/2000k/hls/mixed.m3u8
师兄撞鬼,https://vip.ffzy-play6.com/20221207/10610_200b5bd4/2000k/hls/mixed.m3u8
回魂夜,https://vip.ffzy-online2.com/20230403/30714_a34010ca/2000k/hls/mixed.m3u8
锦衣卫,https://vip.ffzy-play6.com/20221206/10351_793f7267/2000k/hls/mixed.m3u8
多情剑客无情剑,https://vip1.lz-cdn7.com/20230129/13868_df0c16d3/2000k/hls/mixed.m3u8
梁山伯与祝英,https://vip.ffzy-play7.com/20221209/9092_7a2e8346/2000k/hls/mixed.m3u8
洪拳与咏春,https://vip.ffzy-play7.com/20221207/8378_6ec961f5/2000k/hls/mixed.m3u8
大决斗,https://vip.ffzy-play6.com/20221206/10275_772add75/2000k/hls/mixed.m3u8
童子功,https://vip.ffzy-play7.com/20221207/8487_f61f2b73/2000k/hls/mixed.m3u8
神刀,https://vip.ffzy-play6.com/20221207/10784_c3be01db/2000k/hls/mixed.m3u8
王昭君,https://vip.ffzy-play7.com/20230512/24676_8a8a1859/2000k/hls/mixed.m3u8
千门八将,https://vip.ffzy-play6.com/20221207/10758_557b8a7a/2000k/hls/mixed.m3u8
神剑震江湖,https://vip.ffzy-play6.com/20221128/9123_205917d1/2000k/hls/mixed.m3u8
椰林春恋,https://vip.ffzy-play6.com/20221128/9232_ca357977/2000k/hls/mixed.m3u8
报仇,https://vip.ffzy-play6.com/20221206/10248_14ad320f/2000k/hls/mixed.m3u8
神打,https://txmov2.a.kwimgs.com/upic/2023/02/24/12/BMjAyMzAyMjQxMjUyNTJfNzM5MzQzNzIyXzk2ODk4NzY0NDg2XzBfMw==_b_B395b52a73a5dccbe43ff3f6a0fd8761d.mp4
阴阳刀,https://txmov2.a.kwimgs.com/upic/2023/02/24/13/BMjAyMzAyMjQxMzEyNDBfNzM5MzQzNzIyXzk2ODk5OTE4MjkyXzBfMw==_b_B3f6c60a9c77cdb7fa0485d4e4f9df23b.mp4
红辣椒,https://txmov2.a.kwimgs.com/bs3/video-hls/5237405003330718204_hlsb.m3u8
倾城之恋,https://vip.ffzy-play7.com/20221206/8132_bdf58781/2000k/hls/mixed.m3u8
女人心,https://vip.ffzy-play7.com/20221206/8125_311c0b3c/2000k/hls/mixed.m3u8
天蚕变,https://vip.ffzy-play6.com/20221128/9001_f6e00070/2000k/hls/mixed.m3u8
三笑,https://vip.ffzy-play6.com/20221128/9102_a4a99108/2000k/hls/mixed.m3u8
赤脚小子,https://vip.ffzy-play7.com/20221228/10082_0a921549/2000k/hls/mixed.m3u8
金衣大侠,https://vip.ffzy-play7.com/20221128/7587_339701b6/2000k/hls/mixed.m3u8
飞燕金刀,https://vip.ffzy-play7.com/20221208/8580_cc26d2cb/2000k/hls/mixed.m3u8
武林风云,https://s6.bfzycdn.com/video/wulinfengyun/HD/index.m3u8
五虎屠龙,https://vip.ffzy-play6.com/20221207/10657_ed26a233/2000k/hls/mixed.m3u8
冰天侠女,https://yzzy.play-cdn4.com/20220611/19046_621aa95a/1000k/hls/index.m3u8
南北妈打,https://yzzy.play-cdn2.com/20220428/16622_606ede4b/1000k/hls/index.m3u8
求爱敢死队,https://vip.ffzy-play7.com/20221207/8446_3d4d8a88/2000k/hls/mixed.m3u8
陆小凤传奇之绣花大盗,https://vip.ffzy-play6.com/20221207/10733_ade89de4/2000k/hls/mixed.m3u8
天官赐福,https://vip.ffzy-play7.com/20221207/8480_955369d9/2000k/hls/mixed.m3u8
再见七日情,https://vip.ffzy-play7.com/20230516/24778_3fb008be/2000k/hls/mixed.m3u8
法中情,https://vip.ffzy-play7.com/20230424/22980_aa8090f1/2000k/hls/mixed.m3u8
摩登仙履奇缘,https://vip.ffzy-play7.com/20221207/8422_12fd5f29/2000k/hls/mixed.m3u8
缘份,https://vip.ffzy-play6.com/20221207/10705_600ee311/2000k/hls/mixed.m3u8
青蛙王子,https://vip.ffzy-play6.com/20221206/10350_90de7d14/2000k/hls/mixed.m3u8
男与女,https://vip.lzcdn2.com/20220530/7920_eb959a31/1200k/hls/mixed.m3u8
雪儿,https://vip.ffzy-play6.com/20221207/10674_e03b92e9/2000k/hls/mixed.m3u8
窥情,https://vip.ffzy-play7.com/20221209/9087_552914d1/2000k/hls/mixed.m3u8
我爱神仙遮,https://vip.ffzy-play7.com/20221209/9180_41ee6231/2000k/hls/mixed.m3u8
花心大少,https://vip.ffzy-play7.com/20230507/24202_693554a6/2000k/hls/mixed.m3u8
星际钝胎,https://vip.ffzy-play7.com/20230202/13049_4266dd5a/2000k/hls/mixed.m3u8
金玉良缘红楼梦,https://vip.ffzy-play7.com/20230205/13338_f240f890/2000k/hls/mixed.m3u8
今夜星光灿烂,https://vip.ffzy-play7.com/20230209/14006_fa53cdf0/2000k/hls/mixed.m3u8
环球信息,http://sk.cri.cn/905.m3u8
华语环球,http://sk.cri.cn/hyhq.m3u8
环球资讯,https://satellitepull.cnr.cn/live/wxhqzx01/playlist.m3u8
外语教学,http://sk.cri.cn/am1008.m3u8
英语环球,http://sk.cri.cn/am846.m3u8
粤语国际,http://sk.cri.cn/hxfh.m3u8
500首华语经典,http://ls.qingting.fm/live/3412131.m3u8?bitrate=64
楚天音乐广播,http://ls.qingting.fm/live/1289.m3u8
楚天交通广播,http://ls.qingting.fm/live/1291.m3u8
荆门交通音乐,http://ls.qingting.fm/live/60808.m3u8
襄阳交通广播,http://ls.qingting.fm/live/1307.m3u8
襄阳交通广播,http://ls.qingting.fm/live/1308.m3u8
襄阳音乐广播,http://ls.qingting.fm/live/5057.m3u8
重庆新闻广播,http://live.xmcdn.com/live/128/64.m3u8
重庆经济广播,http://ls.qingting.fm/live/1499.m3u8
重庆交通广播,http://live.xmcdn.com/live/130/64.m3u8
重庆音乐广播,http://live.xmcdn.com/live/131/64.m3u8
重庆都市广播,http://live.xmcdn.com/live/132/64.m3u8
巴渝之声,http://ls.qingting.fm/live/3545693.m3u8
厦门音乐广播,http://ls.qingting.fm/live/1739.m3u8
厦门新闻广播,http://ls.qingting.fm/live/1737.m3u8
广州新闻电,http://live.xmcdn.com/live/256/64.m3u8
广州汽车音乐电,http://live.xmcdn.com/live/257/64.m3u8
广州交通电,http://ls.qingting.fm/live/4955.m3u8
广州 MYFM,http://ls.qingting.fm/live/52712.m3u8
东广新闻,http://ls.qingting.fm/live/275.m3u8
东莞音乐广播,http://ls.qingting.fm/live/93619.m3u8
东莞畅享交通广播,http://ls.qingting.fm/live/1288.m3u8
九江交通广播,http://ls.qingting.fm/live/2785094.m3u8
云南交通广播,http://ls.qingting.fm/live/1928.m3u8
云南教育广播,http://ls.qingting.fm/live/1930.m3u8
云南新闻广播,http://ls.qingting.fm/live/1926.m3u8
云南民族广播,http://ls.qingting.fm/live/1933.m3u8
云南经济广播,http://ls.qingting.fm/live/1927.m3u8
云南音乐广播,http://ls.qingting.fm/live/1929.m3u8
保定交通广播,http://ls.qingting.fm/live/28140.m3u8
保定城市服务广播,http://ls.qingting.fm/live/62628.m3u8
保定新闻广播,http://ls.qingting.fm/live/3701149.m3u8
保定经典汽车音乐广播,http://ls.qingting.fm/live/2227017.m3u8
南宁交通音乐广播,http://ls.qingting.fm/live/80793.m3u8?aac
南通交通广播,http://ls.qingting.fm/live/2216385.m3u8
呼和浩特城市生活广播,http://ls.qingting.fm/live/2218717.m3u8
呼和浩特文艺广播,http://ls.qingting.fm/live/3099076.m3u8
呼和浩特新闻综合广播,http://ls.qingting.fm/live/2218711.m3u8
咸阳城市之声,http://ls.qingting.fm/live/3559664.m3u8
四川文艺广播,http://ls.qingting.fm/live/4887.m3u8
四川新闻综合广播,http://ls.qingting.fm/live/4906.m3u8
四川民族广播 AM954,http://ls.qingting.fm/live/1115.m3u8
四川私家车广播 FM92.5,http://ls.qingting.fm/live/4939.m3u8
四川财富广播 FM94.0,http://ls.qingting.fm/live/4927.m3u8
太原交通广播 FM107,http://ls.qingting.fm/live/4900.m3u8
太原新闻广播 FM91.2,http://ls.qingting.fm/live/23873.m3u8
太原私家车,http://ls.qingting.fm/live/4018.m3u8
太原音乐广播 FM102.6,http://ls.qingting.fm/live/1185.m3u8
宁夏交通广播 FM98.4,http://ls.qingting.fm/live/1840.m3u8
宁夏都市广播 FM103.7,http://ls.qingting.fm/live/1842.m3u8
山东体育广播 FM102.1,http://ls.qingting.fm/live/60266.m3u8
山东女主播电台 FM97.5,http://ls.qingting.fm/live/60258.m3u8
山东新闻广播 FM95,http://ls.qingting.fm/live/60180.m3u8
山东音乐广播 FM99.1,http://ls.qingting.fm/live/1665.m3u8
岳阳交通广播 FM106.1,http://ls.qingting.fm/live/88931.m3u8
岳阳新闻综合广播,http://ls.qingting.fm/live/88933.m3u8
常州交通广播 FM90,http://ls.qingting.fm/live/2796.m3u8
广西女主播电台 FM97.0,http://ls.qingting.fm/live/1754.m3u8
广西新闻910 FM91.0,http://ls.qingting.fm/live/1753.m3u8
广西私家车930 FM93.0,http://ls.qingting.fm/live/1756.m3u8
广西音乐台 FM95.0,http://ls.qingting.fm/live/4875.m3u8
惠州新闻综合广播 FM100,http://ls.qingting.fm/live/5016.m3u8
惠州环保交通广播 FM98.8,http://ls.qingting.fm/live/5017.m3u8
惠州音乐广播,http://ls.qingting.fm/live/2212959.m3u8
新疆交通广播,http://ls.qingting.fm/live/1910.m3u8
新疆新闻广播,http://ls.qingting.fm/live/1902.m3u8
新疆民生广播,http://ls.qingting.fm/live/76186.m3u8
新疆维吾尔语交通文艺广播,http://ls.qingting.fm/live/78923.m3u8
新疆蒙古语广播,http://ls.qingting.fm/live/1903.m3u8
无锡新闻广播 FM93.7,http://ls.qingting.fm/live/2777.m3u8
昆明汽车广播 FM95.4,http://ls.qingting.fm/live/1936.m3u8
昆明资讯频率,http://ls.qingting.fm/live/1937.m3u8
昆明都市调频 FM102.8,http://ls.qingting.fm/live/1935.m3u8
昆明阳光广播,http://ls.qingting.fm/live/1934.m3u8
梅州交通广播 FM105.8,http://ls.qingting.fm/live/24195.m3u8
梅州新闻广播 FM94.8,http://ls.qingting.fm/live/24173.m3u8
江苏新闻广播 FM93.7,http://ls.qingting.fm/live/4944.m3u8
沈阳新闻广播 FM104.5,http://ls.qingting.fm/live/23891.m3u8
河北 My FM 102.9,http://ls.qingting.fm/live/2508757.m3u8
河北交通广播 FM99.2,http://ls.qingting.fm/live/1646.m3u8
河北农民广播 AM558,http://ls.qingting.fm/live/1650.m3u8
河北故事广播 FM107.9,http://ls.qingting.fm/live/1645.m3u8
河北新闻广播 FM104.3,http://ls.qingting.fm/live/1644.m3u8
河北旅游广播 AM603,http://ls.qingting.fm/live/1651.m3u8
河北生活广播 FM88.8,http://ls.qingting.fm/live/4867.m3u8
河北私家车广播 FM90.7,http://ls.qingting.fm/live/4868.m3u8
河北音乐广播 FM102.4,http://ls.qingting.fm/live/1649.m3u8
河南乐龄(信息广播) FM105.6,http://ls.qingting.fm/live/59896.m3u8
河南交通广播 FM104.1,http://ls.qingting.fm/live/1209.m3u8
河南娱乐广播 FM97.6,http://ls.qingting.fm/live/1719795.m3u8
河南影院广播,http://ls.qingting.fm/live/1206.m3u8
河南音乐广播 魅力881 FM88.1,http://ls.qingting.fm/live/1208.m3u8
河南驾车1066 FM106.6,http://ls.qingting.fm/live/1207.m3u8
济南故事广播 FM104.3,http://ls.qingting.fm/live/1672.m3u8
济南私家车广播 FM93.6,http://ls.qingting.fm/live/1670.m3u8
济南经济广播 FM90.9,http://ls.qingting.fm/live/1668.m3u8
济南音乐广播,http://ls.qingting.fm/live/1671.m3u8
浙江之声,http://ls.qingting.fm/live/4518.m3u8
浙江交通之声,http://ls.qingting.fm/live/4522.m3u8
浙江动听(音乐调频),http://ls.qingting.fm/live/4866.m3u8
浙江女主播电,http://ls.qingting.fm/live/4524.m3u8
浙江财富广播,http://ls.qingting.fm/live/4519.m3u8
海南交通广播,http://ls.qingting.fm/live/4911.m3u8
海南国际旅游之声,http://ls.qingting.fm/live/1862.m3u8
海南民生广播 FM101,http://ls.qingting.fm/live/1511803.m3u8
深圳快乐(交通广播),http://ls.qingting.fm/live/1272.m3u8
深圳私家车广播 FM94.2,http://ls.qingting.fm/live/1273.m3u8
深圳飞扬音乐971,http://ls.qingting.fm/live/1271.m3u8
温州交通广播 FM103.9,http://ls.qingting.fm/live/23863.m3u8
温州新闻广播 FM94.9,http://ls.qingting.fm/live/23861.m3u8
温州私家车音乐广播 FM100.3,http://ls.qingting.fm/live/23865.m3u8
温州经济生活广播 FM88.8,http://ls.qingting.fm/live/23867.m3u8
温州绿色之声 FM93.8,http://ls.qingting.fm/live/1158.m3u8
珠海电台交通音乐875,http://ls.qingting.fm/live/1275.m3u8
西宁交通频率,http://ls.qingting.fm/live/3400408.m3u8
西宁新闻频率,http://ls.qingting.fm/live/3400403.m3u8
西安交通广播,http://ls.qingting.fm/live/1611.m3u8
西安新闻广播,http://ls.qingting.fm/live/1610.m3u8
西安音乐广播,http://ls.qingting.fm/live/1612.m3u8
☆泡沫,https://alimov2.a.kwimgs.com/upic/2023/08/19/20/BMjAyMzA4MTkyMDE2MzZfMzM5Njk4MTMyNl8xMTA5MDEwNzA2NDJfMF8z_b_Bdc4b6f3b05140acd82a8c7c5cfbad250.mp4
☆或者累,https://alimov2.a.kwimgs.com/upic/2023/08/07/10/BMjAyMzA4MDcxMDQxMjFfMzM5Njk4MTMyNl8xMDk4ODA1NjIyMDJfMF8z_b_Bac7f15b8e8955af7e55d787a8bfb9ee3.mp4
☆我会等,https://txmov2.a.kwimgs.com/upic/2023/07/17/14/BMjAyMzA3MTcxNDQ1NDFfMzM5Njk4MTMyNl8xMDgxODA4NDc3MzNfMF8z_b_B7f4075f5eff6f93be66b51bc90ad5dbd.mp4
☆吻得太逼真,https://alimov2.a.kwimgs.com/upic/2023/07/15/08/BMjAyMzA3MTUwODEyMzZfMzM5Njk4MTMyNl8xMDc5ODY1ODQxNzRfMF8z_b_B286fe2d65fc56fdba2a862490d343100.mp4
☆忘川彼岸,https://alimov2.a.kwimgs.com/upic/2023/07/12/20/BMjAyMzA3MTIyMDEyNTlfMzM5Njk4MTMyNl8xMDc3OTI5ODAyMDVfMF8z_b_Ba7edcee8d69c709d5e6eccdb5333d13b.mp4
☆天若有情,https://alimov2.a.kwimgs.com/upic/2023/07/08/21/BMjAyMzA3MDgyMTAyNTJfMzM5Njk4MTMyNl8xMDc0NjkwMDY4OThfMF8z_b_B0ea89c9392bf09bfff4afd532dc8cca9.mp4
☆她会魔法吧,https://txmov2.a.kwimgs.com/upic/2023/07/05/14/BMjAyMzA3MDUxNDI4MDNfMzM5Njk4MTMyNl8xMDcxOTQ0MDAzMTZfMF8z_b_Ba25f91cfecba0a4a29040d64165ff029.mp4
☆如愿,https://alimov2.a.kwimgs.com/upic/2023/06/29/10/BMjAyMzA2MjkxMDAxNDNfMzM5Njk4MTMyNl8xMDY2ODcwODY0NzRfMF8z_b_Bb3a3c0fc1723f611bbb6a13b1af7b7ce.mp4
☆木偶戏,https://alimov2.a.kwimgs.com/upic/2023/06/17/08/BMjAyMzA2MTcwODMxMDBfMzM5Njk4MTMyNl8xMDU3MDgyMTY4MjJfMF8z_b_Bf4b1d406c2bee6427993f91507e04c34.mp4
☆剑魂,https://alimov2.a.kwimgs.com/upic/2023/06/07/09/BMjAyMzA2MDcwOTU2NTVfMzM5Njk4MTMyNl8xMDQ5NDE1MDMyMThfMF8z_b_Bd10d62f3146f28f2a2fe7876fac0b996.mp4
☆桃花诺,https://alimov2.a.kwimgs.com/upic/2023/05/30/11/BMjAyMzA1MzAxMTE4MjFfMzM5Njk4MTMyNl8xMDQzMTcwNjA3NTZfMF8z_b_B18f7259c70b0cca9b64e2085b98cdfae.mp4
☆作酒,https://txmov2.a.kwimgs.com/upic/2023/05/12/14/BMjAyMzA1MTIxNDI0MDZfMzM5Njk4MTMyNl8xMDI4NTExODIzMjRfMF8z_b_Bb991494a13c1280bda5a8d70459f3f52.mp4
☆下个路口见,https://alimov2.a.kwimgs.com/upic/2023/08/26/15/BMjAyMzA4MjYxNTA2MDlfMzUwMDUzNzE1MV8xMTE0MzY4MTczMjBfMl8z_b_Badf90ff56c226b46d0427e6024b748bc.mp4
☆我在广州等你,https://alimov2.a.kwimgs.com/upic/2023/10/14/15/BMjAyMzEwMTQxNTMzMzNfMzUwMDUzNzE1MV8xMTQ5Njc2NTY1NDhfMl8z_b_Bb09edbc5c475de303114646ba69364b6.mp4
☆不再联系,https://alimov2.a.kwimgs.com/upic/2023/09/21/01/BMjAyMzA5MjEwMTE0MDdfMzUwMDUzNzE1MV8xMTMyMjAzNjY1ODFfMl8z_b_Ba4613de9652b2d3e146dec96ffce2186.mp4
☆斑马斑马,https://alimov2.a.kwimgs.com/upic/2023/09/19/17/BMjAyMzA5MTkxNzM5MzBfMzUwMDUzNzE1MV8xMTMxMzEwOTM4ODdfMl8z_bF_B9698132f742dabc0a3206bb7268e6965.mp4
☆卜卦,https://txmov2.a.kwimgs.com/upic/2023/08/09/14/BMjAyMzA4MDkxNDUzMjRfMzUwMDUzNzE1MV8xMTAwNjE1NTk3ODhfMl8z_b_Bc2b167ee144cd617ded961fccf210da8.mp4
☆一笑江湖,https://txmov2.a.kwimgs.com/upic/2023/08/09/05/BMjAyMzA4MDkwNTI0MzNfMzUwMDUzNzE1MV8xMTAwMzA3NTg1MzdfMl8z_b_Badd45f992854ef4d55cd8f5cebfd884f.mp4
☆爱不得忘不得,https://txmov2.a.kwimgs.com/upic/2023/08/08/21/BMjAyMzA4MDgyMTM0MDlfMzUwMDUzNzE1MV8xMTAwMTMxMDk1MzVfMl8z_b_B70f84eb4b2877fb6d0720502f6d4083c.mp4
☆难忘,https://alimov2.a.kwimgs.com/upic/2023/08/08/14/BMjAyMzA4MDgxNDQwMTlfMzUwMDUzNzE1MV8xMDk5Nzg4MDkxNjFfMl8z_b_Bc948bd6dca1d18ddd0e8296fb62ce505.mp4
☆虞美人,https://alimov2.a.kwimgs.com/upic/2023/08/08/03/BMjAyMzA4MDgwMzQxMTNfMzUwMDUzNzE1MV8xMDk5NDY0MTcyNTRfMl8z_b_B99546b5762d9a666d4aa4023cb3de0a9.mp4
☆人生何处不相逢,https://alimov2.a.kwimgs.com/upic/2023/08/07/13/BMjAyMzA4MDcxMzQ2MzhfMzUwMDUzNzE1MV8xMDk4OTMzMTQyMTVfMl8z_b_B261a6bd298f6cebe0b183c617648f862.mp4
☆我曾用心爱着你,https://alimov2.a.kwimgs.com/upic/2023/08/06/22/BMjAyMzA4MDYyMjU0MjZfMzUwMDUzNzE1MV8xMDk4NTcwMDA2MDRfMl8z_b_Bd636c0f3be6c541734ed6ddc3f671389.mp4
☆忘了,https://txmov2.a.kwimgs.com/upic/2023/08/06/14/BMjAyMzA4MDYxNDI3MDZfMzUwMDUzNzE1MV8xMDk4MTUxNzQ1NDdfMl8z_b_B60a3cb08802def668224fadda9b53048.mp4
☆西域美女,https://txmov2.a.kwimgs.com/upic/2023/08/06/00/BMjAyMzA4MDYwMDEzNDNfMzUwMDUzNzE1MV8xMDk3Nzk2MTc3MjdfMF8z_b_B43fd4402082771c1019e61b948ae5d60.mp4
☆越南神曲,https://alimov2.a.kwimgs.com/upic/2023/08/05/05/BMjAyMzA4MDUwNTQ5MjJfMzUwMDUzNzE1MV8xMDk3MDM5ODM3ODdfMF8z_b_B7172bf63ab1ba23cd273233ae6307339.mp4
☆错位时空,https://alimov2.a.kwimgs.com/upic/2023/08/04/23/BMjAyMzA4MDQyMzI5NTZfMzUwMDUzNzE1MV8xMDk2OTU4NTgwMThfMF8z_b_Bb1a434a56d3e9f0f807f49b17c890b15.mp4
☆可不可以,https://txmov2.a.kwimgs.com/upic/2023/08/04/13/BMjAyMzA4MDQxMzI1MjBfMzUwMDUzNzE1MV8xMDk2NDg5MzgzOTFfMl8z_b_B88b843adc19fefc005190462c73b8a48.mp4
☆女孩,https://alimov2.a.kwimgs.com/upic/2023/08/04/04/BMjAyMzA4MDQwNDE4MjdfMzUwMDUzNzE1MV8xMDk2MjMzNDYwNTdfMl8z_b_B8e6ab320b1d831bbc8a3bff3a38b848d.mp4
☆真的爱你,https://alimov2.a.kwimgs.com/upic/2023/08/03/17/BMjAyMzA4MDMxNzU3NTRfMzUwMDUzNzE1MV8xMDk1ODg0OTM5ODRfMl8z_b_B9cd96b94554cd360f2edf7e6afa70d89.mp4
☆嘉宾,https://alimov2.a.kwimgs.com/upic/2023/08/03/01/BMjAyMzA4MDMwMTA4NTJfMzUwMDUzNzE1MV8xMDk1NDExMDQ4NzdfMl8z_b_B88c7e9dfecd64f9bc7d28c3386a93455.mp4
☆若把你,https://alimov2.a.kwimgs.com/upic/2023/08/02/18/BMjAyMzA4MDIxODE0MjVfMzUwMDUzNzE1MV8xMDk1MTAyNDQ5OTZfMl8z_b_Be41cdadf201349e1beb56be90e7e438c.mp4
☆你的样子,https://txmov2.a.kwimgs.com/upic/2023/08/02/02/BMjAyMzA4MDIwMjM1MDVfMzUwMDUzNzE1MV8xMDk0NjI4NTI5NDhfMl8z_b_B180ec84c183f378933a11512d162f1c4.mp4
☆合适,https://txmov2.a.kwimgs.com/upic/2023/08/01/19/BMjAyMzA4MDExOTE5MjZfMzUwMDUzNzE1MV8xMDk0MzQ5MTk4MjNfMl8z_b_B79a9ae8885ed7396e105166ff2a7a4d2.mp4
☆很好听dj,https://alimov2.a.kwimgs.com/upic/2023/07/31/22/BMjAyMzA3MzEyMjAzMjBfMzUwMDUzNzE1MV8xMDkzNjc5NDI5MzJfMl8z_b_B002c8d94db2c0e0ca7d81d84678b4ed9.mp4
☆护花使者,https://alimov2.a.kwimgs.com/upic/2023/07/27/14/BMjAyMzA3MjcxNDA3MDhfMzUwMDUzNzE1MV8xMDg5OTYxMTA0NDBfMl8z_b_Bc80cec26e6c8cbeae064bea41ab58d3a.mp4
☆月亮不曾奔我来,https://alimov2.a.kwimgs.com/upic/2023/07/27/00/BMjAyMzA3MjcwMDEzNDBfMzUwMDUzNzE1MV8xMDg5NjI3MDUyMzBfMl8z_b_Bbe40fd5c0503d204b062a77c8a2c834c.mp4
☆特别的爱给特别的你,https://alimov2.a.kwimgs.com/upic/2023/07/26/14/BMjAyMzA3MjYxNDAwNDhfMzUwMDUzNzE1MV8xMDg5MTUxNTkyMzdfMl8z_b_Bd1197da32eb1b75b6854664cefc52e97.mp4
☆笼子,https://alimov2.a.kwimgs.com/upic/2023/07/25/23/BMjAyMzA3MjUyMzU1NTVfMzUwMDUzNzE1MV8xMDg4ODE3Njk1NDBfMl8z_b_B57bcec6217a4d88f8e65a3fb215a24c7.mp4
☆念平生,https://alimov2.a.kwimgs.com/upic/2023/07/25/14/BMjAyMzA3MjUxNDMwMzJfMzUwMDUzNzE1MV8xMDg4MzczMzk5MjhfMl8z_b_B7c764955cbc3e81f8d3b1e17781b2475.mp4
☆听,https://alimov2.a.kwimgs.com/upic/2023/07/24/17/BMjAyMzA3MjQxNzAzMTdfMzUwMDUzNzE1MV8xMDg3NjUxNjQwMjVfMl8z_b_Bd1163b69b08ba0831d8c27e83faf9fb8.mp4
☆灵魂习惯,https://alimov2.a.kwimgs.com/upic/2023/07/24/03/BMjAyMzA3MjQwMzM2NDNfMzUwMDUzNzE1MV8xMDg3MjUwODE2MDlfMl8z_b_Be302741e7902735315d6ab4d91e8f41b.mp4
☆做酒,https://alimov2.a.kwimgs.com/upic/2023/07/19/01/BMjAyMzA3MTkwMTUxMzRfMzUwMDUzNzE1MV8xMDgzMTEwODM2OTZfMF8z_b_Bca29deab97bd6d0be2ed811a605fdcbe.mp4
☆燕无歇,https://txmov2.a.kwimgs.com/upic/2023/07/19/01/BMjAyMzA3MTkwMTQ2NTdfMzUwMDUzNzE1MV8xMDgzMTEwMDE2NjRfMF8z_b_Be38462e17823715ea71e499ed818d1c5.mp4
☆无哥骷,https://txmov2.a.kwimgs.com/upic/2023/07/19/01/BMjAyMzA3MTkwMTQ1NDdfMzUwMDUzNzE1MV8xMDgzMTA5ODA0OThfMF8z_b_B5baa776881443bda78efb570c3841f4b.mp4
☆来迟,https://alimov2.a.kwimgs.com/upic/2023/07/19/01/BMjAyMzA3MTkwMTQwNDVfMzUwMDUzNzE1MV8xMDgzMTA4ODY3ODlfMF8z_b_Bbd48b2af17f0bf1d8db03abe58e974f8.mp4
☆向云端,https://txmov2.a.kwimgs.com/upic/2023/07/15/23/BMjAyMzA3MTUyMzA4MTJfMzUwMDUzNzE1MV8xMDgwNTU2MzcxNzJfMF8z_b_B4495a19eefa94ff40d651b48e6810cdb.mp4
羞答答的玫瑰,https://alimov2.a.kwimgs.com/upic/2023/07/28/11/BMjAyMzA3MjgxMTQ3MDRfMzM5Njk4MTMyNl8xMDkwNjczMTE5NDlfMF8z_b_B8423a7dac79a1e58599a94e4226e7987.mp4?clientCacheKey=3xyfhpvzhi825f4_b.mp4&tt=b&di=75b3b1ea&bp=10000
难却,https://alimov2.a.kwimgs.com/upic/2024/01/23/10/BMjAyNDAxMjMxMDM3NTFfMzM5Njk4MTMyNl8xMjI5MTQwMzIwNDdfMF8z_b_B2050c32644e2748e364af06a8fdd63c5.mp4
旧梦一场,https://alimov2.a.kwimgs.com/upic/2024/01/08/11/BMjAyNDAxMDgxMTA4MzRfMzM5Njk4MTMyNl8xMjE2MTA4MzA1NzVfMF8z_b_Bc4838009184d86069bda9e4bdb946dd5.mp4
都说,https://alimov2.a.kwimgs.com/upic/2023/12/27/19/BMjAyMzEyMjcxOTM5MjZfMzM5Njk4MTMyNl8xMjA2ODE3MTY0MDVfMF8z_b_Bdb05a439b2ce238eb1ab17e0b7b40ba7.mp4
当我取过她,https://txmov2.a.kwimgs.com/upic/2023/12/21/19/BMjAyMzEyMjExOTQ3MzBfMzM5Njk4MTMyNl8xMjAxOTI1MTU2NThfMF8z_b_B8f68734d0b6d210bd24b20e1eb0a374a.mp4
此生过半,https://alimov2.a.kwimgs.com/upic/2023/12/15/15/BMjAyMzEyMTUxNTE5MjRfMzM5Njk4MTMyNl8xMTk2OTMxMDI2NDJfMF8z_b_B0799a12d42e3cfae45d5d8de022528b3.mp4
38度6,https://alimov2.a.kwimgs.com/upic/2023/11/16/13/BMjAyMzExMTYxMzExNDJfMzM5Njk4MTMyNl8xMTcyNzU3MDE3NTZfMF8z_b_B6e340974a0d46c08d1013ff23c7f6b17.mp4
言不由衷,https://txmov2.a.kwimgs.com/upic/2023/10/27/15/BMjAyMzEwMjcxNTM2NThfMzM5Njk4MTMyNl8xMTU4NjA1Nzk2MTNfMF8z_b_B43ae4ec817beb9429a9adf274f43eb6a.mp4
我的心太乱,https://alimov2.a.kwimgs.com/upic/2023/10/14/10/BMjAyMzEwMTQxMDI4MDhfMzM5Njk4MTMyNl8xMTQ5NDYwNjk3OTFfMF8z_b_B403e1520b39d90b4446cfee21732e058.mp4
热情如火,https://alimov2.a.kwimgs.com/upic/2023/10/06/17/BMjAyMzEwMDYxNzI3MjdfMzM5Njk4MTMyNl8xMTQ0NzMyMDcyODNfMF8z_b_B3f156d567c83c0f043a134acdceb0b27.mp4
她没有,https://txmov2.a.kwimgs.com/upic/2023/10/02/15/BMjAyMzEwMDIxNTQxMjBfMzM5Njk4MTMyNl8xMTQxMTYyMzExNDVfMF8z_b_B99c2bd7c7f72c7031f98016ba47000e6.mp4
醒不来的梦,https://txmov2.a.kwimgs.com/upic/2023/09/22/17/BMjAyMzA5MjIxNzM1NTJfMzM5Njk4MTMyNl8xMTMzMTg3NTU2NjhfMF8z_b_B9370feceb48c2ad1958ec385f822fa7a.mp4
泡沫,https://txmov2.a.kwimgs.com/upic/2023/08/19/20/BMjAyMzA4MTkyMDE2MzZfMzM5Njk4MTMyNl8xMTA5MDEwNzA2NDJfMF8z_b_Bdc4b6f3b05140acd82a8c7c5cfbad250.mp4
浪子闲话,https://v4-vod.kwaicdn.com/bs3/video-hls/5210383404224451227_hlsb.m3u8?ftt=R&pkey=AAXQdQrGksz-XD2RBhGklNiauXKhCZvMhALeOZLZPhlvliW1qkft7nvltrxs3I-HHznQpZVHIiKW44jvqNBFj39NboYpb0SCJJUxbGSQb88EfLH5ibzpJsmhGW6P1idVX3M&ss=vp
好想抱着你,https://alimov2.a.kwimgs.com/upic/2023/07/31/15/BMjAyMzA3MzExNTE0NDBfMzM5Njk4MTMyNl8xMDkzMzMzMzIxNzZfMF8z_b_B1948380dbccf0f753597da137aca876b.mp4
虞美人,https://txmov2.a.kwimgs.com/upic/2023/07/24/10/BMjAyMzA3MjQxMDE1MzhfMzM5Njk4MTMyNl8xMDg3Mzg1MDIyNDlfMF8z_b_B619755058caa32de37dc1757898da485.mp4?clientCacheKey=3xnyr7n3qatxncg_b.mp4&tt=b&di=75b3b1ea&bp=10000
她会魔法吧,https://alimov2.a.kwimgs.com/upic/2023/07/05/14/BMjAyMzA3MDUxNDI4MDNfMzM5Njk4MTMyNl8xMDcxOTQ0MDAzMTZfMF8z_b_Ba25f91cfecba0a4a29040d64165ff029.mp4
思念指甲绕,https://alimov2.a.kwimgs.com/upic/2023/07/03/14/BMjAyMzA3MDMxNDQ3MzFfMzM5Njk4MTMyNl8xMDcwMzkxMjk4MjlfMF8z_b_B662f5e109deb14476a3c73a57cc6b6c9.mp4
如愿,https://txmov2.a.kwimgs.com/upic/2023/06/29/10/BMjAyMzA2MjkxMDAxNDNfMzM5Njk4MTMyNl8xMDY2ODcwODY0NzRfMF8z_b_Bb3a3c0fc1723f611bbb6a13b1af7b7ce.mp4
你的眼神,https://alimov2.a.kwimgs.com/upic/2023/06/20/08/BMjAyMzA2MjAwODI4MzhfMzM5Njk4MTMyNl8xMDU5NjQ3NTA5MzdfMF8z_b_Be3c3571129119949480139b9f913048a.mp4
红尘毒酒,https://alimov2.a.kwimgs.com/upic/2023/12/05/20/BMjAyMzEyMDUyMDQ0MjRfMjk4Mjk3ODMxOF8xMTg5MjgwODY0MDdfMl8z_b_B66c54baba6ccf30ce64e1ba05d16a178.mp4?clientCacheKey=3xud6b4c3gkstsq_b.mp4&tt=b&di=75b3b1ea&bp=10000
白日烟火,https://alimov2.a.kwimgs.com/upic/2023/10/24/11/BMjAyMzEwMjQxMTMyMzJfMjk4Mjk3ODMxOF8xMTU2NjAxOTE5MjVfMl8z_b_B2690f44d73a94ef073ca12944e22b34d.mp4?tag=1-1706079571-unknown-0-gsezwim9oj-0b2c165154512fc9&clientCacheKey=3xk9jjnavt5rxis_b.mp4&di=75b3b1ea&bp=10000&tt=b&ss=vp
一半疯了,https://txmov2.a.kwimgs.com/upic/2023/06/26/13/BMjAyMzA2MjYxMzEwNDhfMjk4Mjk3ODMxOF8xMDY0ODAxMTIxNTdfMl8z_b_B8c230eb7bad8f8cf5a9baf8c13d7800d.mp4?clientCacheKey=3x8redaakre6nhe_b.mp4&tt=b&di=75b3b1ea&bp=10000
那个谁,https://alimov2.a.kwimgs.com/upic/2023/05/26/11/BMjAyMzA1MjYxMTEyMDJfMjk4Mjk3ODMxOF8xMDM5NjY4MjE1OTBfMl8z_b_Bcc6eb6ccadec6fb846db0e43bebd553d.mp4?clientCacheKey=3x9jrbwim3x3tug_b.mp4&tt=b&di=75b3b1ea&bp=10000
你是不是,https://alimov2.a.kwimgs.com/upic/2023/02/03/16/BMjAyMzAyMDMxNjI3NDlfMTExMTg2MTk3MV85NTMzODk2MTIzNV8yXzM=_b_B40be00d450a3206ac365e0670ab2789b.mp4
酒倾城,https://alimov2.a.kwimgs.com/upic/2023/05/02/09/BMjAyMzA1MDIwOTE2MDRfMzM5Njk4MTMyNl8xMDIwNDg0MjAyNTNfMF8z_b_B061c51c75e66f3c3c2e3a790a6d2b560.mp4?clientCacheKey=3xs859ymp4a9y3y_b.mp4&tt=b&di=75b3b1ea&bp=10000
流行舞曲,https://txmov2.a.kwimgs.com/upic/2024/01/28/23/BMjAyNDAxMjgyMzIxNDBfMjM5NDYzNDY0NV8xMjMzODYwOTE2NjlfMl8z_b_B3fb0c296da3db90ae1810c32aa8d87d2.mp4?clientCacheKey=3xcvhddw2gmruju_b.mp4&tt=b&di=7b0d0621&bp=10000
别知己,https://vd3.bdstatic.com/mda-pjpmxj8nps7esymw/576p/h264/1698161340027041596/mda-pjpmxj8nps7esymw.mp4
劲爆热舞,https://txmov2.a.kwimgs.com/upic/2024/01/28/23/BMjAyNDAxMjgyMzE4NTBfMjM5NDYzNDY0NV8xMjMzODU4NDc1NTFfMl8z_b_Bfbf57eec0884d3c429a206134c59899b.mp4?clientCacheKey=3xq3d533hx34856_b.mp4&tt=b&di=6a2aa95a&bp=10000
dj歌曲01,http://txmov2.a.kwimgs.com/upic/2023/11/28/07/BMjAyMzExMjgwNzQxNTJfMjM0Mjg1Nzg4Ml8xMTgyNzkwNjUyMDZfMV8z_b_B3a70152ca6546cbb7da723a6b2fe0031.mp4?tag=1-1701948426-std-1-4opil88qnr-8202842495ea54af&clientCacheKey=3xpw5dz59c3rqx4_b.mp4&tt=b&di=2b8e8c09&bp=12681&ali_redirect_ex_hot=66666800&ali_redirect_ex_beacon=1
环绕音,http://txmov2.a.kwimgs.com/upic/2023/06/06/19/BMjAyMzA2MDYxOTE1NDRfMjM0Mjg1Nzg4Ml8xMDQ5MDE2MDMzNDJfMV8z_b_B7bb4f28726c07ae269b4e127fffdbd49.mp4?tag=1-1701951318-std-1-7zicuidfs7-7f49c2a8325d35a9&clientCacheKey=3x4y5bnhcs54h3u_b.mp4&tt=b&di=7cdee4c6&bp=12681&ali_redirect_ex_hot=66666800&ali_redirect_ex_beacon=1
流行舞曲02,http://txmov2.a.kwimgs.com/upic/2023/12/05/13/BMjAyMzEyMDUxMzE1MTdfMjM0Mjg1Nzg4Ml8xMTg4OTc4MjIyMjFfMV8z_b_B004cc9f0156f1196335a505a63b1b750.mp4?tag=1-1701947365-std-1-fxxcn4woik-48e2be84a01a7e83&clientCacheKey=3xm64tb7cixz88g_b.mp4&tt=b&di=529d11df&bp=12681&ali_redirect_ex_hot=66666800&ali_redirect_ex_beacon=1
DJ版三月里的小雨,https://vd2.bdstatic.com/mda-mgwegh0bzv4cy6cb/1080p/cae_h264/1627727251470197083/mda-mgwegh0bzv4cy6cb.mp4
爱你到最后一刻,https://vd3.bdstatic.com/mda-mhr9c7q9xzgy1812/1080p/cae_h264/1630062648077583523/mda-mhr9c7q9xzgy1812.mp4
伤感DJ等,https://vd2.bdstatic.com/mda-mhq92a7nafrh8dma/1080p/cae_h264/1629977686796490849/mda-mhq92a7nafrh8dma.mp4
DJ我们不再是从前,https://vd2.bdstatic.com/mda-mhne550wq5m66zvj/1080p/cae_h264/1629803514331462220/mda-mhne550wq5m66zvj.mp4
DJ舞曲让我做你的眼睛,https://vd2.bdstatic.com/mda-mhaargrart2qrkdz/1080p/cae_h264/1629630942996744682/mda-mhaargrart2qrkdz.mp4
DJ版时间会知道你好不好,https://vd3.bdstatic.com/mda-mhairve7gvye1192/1080p/cae_h264/1629457148988604256/mda-mhairve7gvye1192.mp4
DJ版爱不得忘不舍,https://vd3.bdstatic.com/mda-mh8j8egnj8idbvd8/1080p/cae_h264/1629367979662473678/mda-mh8j8egnj8idbvd8.mp4
DJ版蜜雪冰城,https://vd3.bdstatic.com/mda-mhbae2pwwxhyxjcz/1080p/cae_h264/1628767594518574030/mda-mhbae2pwwxhyxjcz.mp4
无味DJ版,https://vd3.bdstatic.com/mda-mgqiagirsmmpuarm/1080p/cae_h264/1627218846577884242/mda-mgqiagirsmmpuarm.mp4
DJ版原谅你的谎,https://vd4.bdstatic.com/mda-mhacxx5vhr2we882/1080p/cae_h264/1628673933350116053/mda-mhacxx5vhr2we882.mp4
劲爆DJ串烧,https://vdse.bdstatic.com//01b1f78bb5b009d36ce3f5051e7383c1.mp4
新送情郎,https://vd4.bdstatic.com/mda-meq936zru7niwvd2/sc/cae_h264/1621924823247730000/mda-meq936zru7niwvd2.mp4
震撼纯电音Drown,https://vd2.bdstatic.com/mda-mjshcpd847mhnjgj/sc/cae_h264/1635337200637124885/mda-mjshcpd847mhnjgj.mp4
抖音神曲20首,https://vd3.bdstatic.com/mda-kegey3zg2hx7f0t6/sc/mda-kegey3zg2hx7f0t6.mp4
送给未来的你,https://vd2.bdstatic.com/mda-ma0st3ncw6i2yerr/v1-cae/sc/mda-ma0st3ncw6i2yerr.mp4
模特DJ,http://gcw.bdcdn.shoujiduoduo.com/201805/0247-477.mp4
21年DJ爆红网络洗脑神曲,https://vdse.bdstatic.com//bf4bb1d82b2eb17681c49e745dc2da21.mp4
今日热歌DJ,https://vd2.bdstatic.com/mda-mhhf5mr00yyhpfjs/1080p/cae_h264/1629284581057661229/mda-mhhf5mr00yyhpfjs.mp4
推荐9首DJ舞曲_首首甜美醉人,https://vd2.bdstatic.com/mda-mhig1c3sw223mx8p/1080p/cae_h264/1629380139191731149/mda-mhig1c3sw223mx8p.mp4
动感DJ苦了累了听听歌,https://vd4.bdstatic.com/mda-mhqekuf2r91v08dt/1080p/cae_h264/1629888246186602728/mda-mhqekuf2r91v08dt.mp4
车载必备DJ殇雪,https://vd3.bdstatic.com/mda-mhve4gb9hi8cstzk/1080p/cae_h264/1630319514896018158/mda-mhve4gb9hi8cstzk.mp4
DJ心在跳情在烧,https://vd4.bdstatic.com/mda-mhwf07t27w3gi1y7/1080p/cae_h264/1630406994590156367/mda-mhwf07t27w3gi1y7.mp4
孙艺琪寂寞的人别听伤感情歌,https://vd2.bdstatic.com/mda-mdscsws7443npwa8/1080p/cae_h264/1619516504/mda-mdscsws7443npwa8.mp4
郭镐鸣野摩托,https://vd3.bdstatic.com/mda-mekfm7wu6f4rtt99/1080p/cae_h264/1621595318412084671/mda-mekfm7wu6f4rtt99.mp4
赵蕾蕾寂寞的城伤心的人,https://vd2.bdstatic.com/mda-mesdm11tdp69a9ye/1080p/cae_h264/1622115758783335310/mda-mesdm11tdp69a9ye.mp4
叶筱萱爱到最后是孤独,https://vd4.bdstatic.com/mda-mh9fjm2j86uyymfa/1080p/cae_h264/1628593607912074882/mda-mh9fjm2j86uyymfa.mp4
海来阿木浪子心DJ沈念版,https://vd3.bdstatic.com/mda-mgr9s5pv0jeqbcm8/1080p/cae_h264/1627298307874491239/mda-mgr9s5pv0jeqbcm8.mp4
人间惊鸿客,https://vd3.bdstatic.com/mda-mh2bbyjcqjxjhzkd/1080p/cae_h264/1627978577559447916/mda-mh2bbyjcqjxjhzkd.mp4
DJ版望爱却步,https://vd4.bdstatic.com/mda-mh3ei4sg2jypty79/1080p/cae_h264/1628072927342489970/mda-mh3ei4sg2jypty79.mp4
唱着情歌流着泪,https://vd3.bdstatic.com/mda-mhwaejanf0ie6b8j/1080p/cae_h264/1630409563129833732/mda-mhwaejanf0ie6b8j.mp4
DJ版一个人挺好,https://vd3.bdstatic.com/mda-mh6gqq4b59z26cjx/1080p/cae_h264/1628504623473300938/mda-mh6gqq4b59z26cjx.mp4
人间烟火,https://vd3.bdstatic.com/mda-nia9gqywiryyn8pk/576p/h264/1662878654763005591/mda-nia9gqywiryyn8pk.mp4
演唱程响_是否,https://txmov2.a.kwimgs.com/upic/2023/05/04/11/BMjAyMzA1MDQxMTQyMzZfMTM4ODQ2MjU5MF8xMDIyNTUwODM0MzVfMl8z_b_B6b2a4f4f70e27bf7915609b0876287ce.mp4?tag=1-1705540739-std-1-msqhkxrpxy-d4e0f8c8c2deb8e6&clientCacheKey=3xx6zux29kaegjm_b.mp4&tt=b&di=529d11df&bp=12681&ali_redirect_ex_hot=66666800&ali_redirect_ex_beacon=1
祝福你,https://15799848.s21v.faiusr.com/58/ABUIABA6GAAg6uyj4QUosO5G.mp4
你是演员,https://kq.bgp.68tool.com/m3u8/2023/08/12/09e92ecad04db1c1/playlist.m3u8
热舞～心跳加速,https://vd2.bdstatic.com/mda-nma466es35rste5r/hd/cae_h264/1670727704014173730/mda-nma466es35rste5r.mp4?auth_key=1671027379-0-0-c814dc9425f4a426fc43b2a39a86f28e&bcevod_channel=searchbox_feed&pd=1&cd=0&pt=3&logid=2779341914&vid=5457361828850078429&abtest=all
转眼就是一辈子,https://kq.bgp.68tool.com/m3u8/2023/08/05/4939cdde4c912b82/playlist.m3u8
情 徒,https://kq.bgp.68tool.com/m3u8/2023/07/24/1d5f804bb6b5497d/playlist.m3u8
女人是花,https://kq.bgp.68tool.com/m3u8/2023/07/24/1330fc277292d588/playlist.m3u8
又是细雨Dj,https://kq.bgp.68tool.com/m3u8/2023/07/21/99e27fcde849d294/playlist.m3u8
南屏晚钟dj,https://kq.bgp.68tool.com/m3u8/2023/07/14/bfc4af1838eb3b58/playlist.m3u8
幸福有你dj,https://kq.bgp.68tool.com/m3u8/2023/06/26/826b20fbadff4281/playlist.m3u8
爱我的人,https://kq.bgp.68tool.com/video/m3u8/2023/05/13/0eefa293/playlist.m3u8
当我娶过她,https://kq.bgp.68tool.com/video/m3u8/2023/05/13/4e291f0c/playlist.m3u8
爱的世界,https://kq.bgp.68tool.com/video/m3u8/2023/04/28/e821aac4/playlist.m3u8
玫瑰花的梦,https://kq.bgp.68tool.com/video/m3u8/2023/04/06/ae38fab0/playlist.m3u8
起风了dj,https://kq.bgp.68tool.com/video/m3u8/2023/04/06/fe72c32c/playlist.m3u8
热舞～你的欺骗,https://kq.bgp.68tool.com/video/m3u8/2023/03/24/892e0c50/playlist.m3u8
热舞～晚风吹,https://kq.bgp.68tool.com/video/m3u8/2023/03/24/0358eebb/playlist.m3u8
热舞～舞女泪,https://kq.bgp.68tool.com/video/m3u8/2023/03/23/377923dc/playlist.m3u8
钢管舞～受伤,https://kq.bgp.68tool.com/video/m3u8/2023/03/22/c80179d6/playlist.m3u8
负心人dj,https://kq.bgp.68tool.com/video/m3u8/2023/03/22/1812d19f/playlist.m3u8
如水年华dj,https://kq.bgp.68tool.com/video/m3u8/2023/03/21/26aee11d/playlist.m3u8
热舞～雾里着迷,https://kq.bgp.68tool.com/video/m3u8/2023/03/21/3c46c8f4/playlist.m3u8
下山 DjSZ仔,https://kq.bgp.68tool.com/video/m3u8/2021/09/01/176d4d80/playlist.m3u8
爱成狠dj,https://kq.bgp.68tool.com/video/m3u8/2023/03/19/653dea7e/playlist.m3u8
爱上你是一个错,https://kq.bgp.68tool.com/video/m3u8/2023/03/19/7f08ab68/playlist.m3u8
望爱却步DJ,https://kq.bgp.68tool.com/video/m3u8/2023/03/14/fafbba1b/playlist.m3u8
我要找到你dj,https://kq.bgp.68tool.com/video/m3u8/2023/03/14/42e14849/playlist.m3u8
九十九步dj,https://kq.bgp.68tool.com/video/m3u8/2023/03/11/ff5fec35/playlist.m3u8
和你成个家dj,https://kq.bgp.68tool.com/video/m3u8/2023/03/11/9e5c635b/playlist.m3u8
很在乎dj,https://kq.bgp.68tool.com/video/m3u8/2022/08/27/acaf2ee0/playlist.m3u8
红枣树dj,https://kq.bgp.68tool.com/video/m3u8/2022/08/17/e4ce2ac7/playlist.m3u8
喊麦～爰爱爱,https://kq.bgp.68tool.com/video/m3u8/2022/05/24/8b1f6817/playlist.m3u8
才说爱我dj,https://kq.bgp.68tool.com/video/m3u8/2022/02/18/f097d94a/playlist.m3u8
你爱我坏dj,https://kq.bgp.68tool.com/video/m3u8/2022/02/12/ebdaa808/playlist.m3u8
此生无怨无悔,https://kq.bgp.68tool.com/video/m3u8/2022/02/08/9164ca57/playlist.m3u8
夜猫🐱dj,https://kq.bgp.68tool.com/video/m3u8/2022/01/16/888ad6ce/playlist.m3u8
把心掏空dj,https://kq.bgp.68tool.com/video/m3u8/2022/01/06/2545e778/playlist.m3u8
情字最大dj,https://kq.bgp.68tool.com/video/m3u8/2021/10/25/195237ed/playlist.m3u8
送亲DJ版,https://kq.bgp.68tool.com/video/m3u8/2021/10/21/f1416b15/playlist.m3u8
热播DJ版,https://kq.bgp.68tool.com/video/m3u8/2021/10/09/3c9faf7f/playlist.m3u8
酒杯杯里dj,https://kq.bgp.68tool.com/video/m3u8/2021/10/09/6936bfc1/playlist.m3u8
眉雨 美女热舞,https://kq.bgp.68tool.com/video/m3u8/2021/10/08/e79526a0/playlist.m3u8
我爱你不问归期,https://kq.bgp.68tool.com/video/m3u8/2021/10/08/3d3821fa/playlist.m3u8
曾经最美dj,https://kq.bgp.68tool.com/video/m3u8/2021/09/11/829ebdda/playlist.m3u8
你把爱情给了谁,https://kq.bgp.68tool.com/video/m3u8/2021/09/01/2fe28b6e/playlist.m3u8
红颜 DJcand,https://kq.bgp.68tool.com/video/m3u8/2021/09/01/815f6e47/playlist.m3u8
美酒加咖啡DJ,https://kq.bgp.68tool.com/m3u8/2023/06/28/0482e6a730cf7099/playlist.m3u8
少年不识愁滋味,https://kq.bgp.68tool.com/m3u8/2023/10/26/1aa7b785ccb41373/playlist.m3u8
小伙有精神,https://kq.bgp.68tool.com/m3u8/2023/11/21/c2372473492d38e3/playlist.m3u8
断了这份情,https://kq.bgp.68tool.com/m3u8/2023/11/21/92d39080391d7a21/playlist.m3u8
回心转意Dj,https://kq.bgp.68tool.com/m3u8/2023/10/23/6173807b6d4ef00c/playlist.m3u8
欧美动感舞曲,https://15799848.s21v.faiusr.com/58/ABUIABA6GAAgyMqg4gUo-uSR5AU.mp4
dj昨天,https://vd3.bdstatic.com/mda-pdm08zc1ggjx4ycx/sc/bd265_cae_visr_v5/1682123201087649318/mda-pdm08zc1ggjx4ycx.mp4
dj我在等你,https://vd2.bdstatic.com/mda-mkq4iax6ed1yimay/sc/cae_h264/1637837116068761026/mda-mkq4iax6ed1yimay.mp4
dj你别放手,https://vdse.bdstatic.com//c92e81328ef6d13ba7d44e6eb80f9f1e.mp4
dj痴情恋歌,https://vdse.bdstatic.com//904548e7bec804905906557ed2752017.mp4
dj酒醉红尘,https://vd3.bdstatic.com/mda-na5e2wsduefpwtsa/sc/bd265_cae_delogo/1641892577002645260/mda-na5e2wsduefpwtsa.mp4
dj热歌,https://vd3.bdstatic.com/mda-pdi9u02n4u3dxcpz/sc/bd265_cae_visr_v5/1682208259591287320/mda-pdi9u02n4u3dxcpz.mp4
dj谁也留不住,https://vd3.bdstatic.com/mda-pdjam1wd9d8uay3n/sc/bd265_cae_visr_v5/1682158319858313890/mda-pdjam1wd9d8uay3n.mp4
dj情歌舞曲,https://vd2.bdstatic.com/mda-nag6y4ryfy5a0hjb/720p/h264_delogo/1642396108696963578/mda-nag6y4ryfy5a0hjb.mp4
一万个对不起,https://vdse.bdstatic.com//8343b02f5e7465d4c5b07e54403438b8.mp4
车载dj舞曲,https://vdse.bdstatic.com//7e9d2da860d4ac39c0ea86502360d6fe.mp4
精选6首伤感DJ,https://vdse.bdstatic.com//0c87c8977d0a33498fe7362d3c60c22c.mp4
6首女生版伤感,https://vdse.bdstatic.com//2e77709380ad7e6163e80c4d5c179689.mp4
歌曲1,https://vdse.bdstatic.com//61e318ea76e984f2bedb66f1ed1583be.mp4
6首好听情歌DJ,https://vdse.bdstatic.com//b9c765ede94b5d2bac8cb2a9afc70488.mp4
慢摇dj舞曲,https://vd2.bdstatic.com/mda-mkpi5r0xe92ja446/sc/cae_h264/1637775035132431598/mda-mkpi5r0xe92ja446.mp4
爱江山更爱美人,https://vd4.bdstatic.com/mda-mm2a18n5jdh6d8bs/sc/cae_h264/1638516147610932793/mda-mm2a18n5jdh6d8bs.mp4
心态要洒脱,https://vdse.bdstatic.com//0d186807c47e70414cb0a8e7d232a5c7.mp4
来生再续未了情,https://vd3.bdstatic.com/mda-pe6a7cm02i5q9qd9/576p/h264/1683443614399169179/mda-pe6a7cm02i5q9qd9.mp4
我来人间一趟,https://vd3.bdstatic.com/mda-nmw9tp0srzkmgezw/hd/bd265_cae_v4_roi/1672470891307213958/mda-nmw9tp0srzkmgezw.mp4
新歌上线,https://vd4.bdstatic.com/mda-nc005jwr87jrdssh/sc/cae_h264_delogo/1646179767551234681/mda-nc005jwr87jrdssh.mp4
最火伤感音乐,https://vdse.bdstatic.com//6d39df48360bdb12f73800397c4a6c02.mp4
网络火爆伤感情歌6首,https://vdse.bdstatic.com//80e0473f97055cec1c9c76c1c7e5498a.mp4
梁山伯与祝英,https://vd3.bdstatic.com/mda-ndvf6i90f43hxwj9/sc/bd265_cae_v4_delogo/1651382899118193225/mda-ndvf6i90f43hxwj9.mp4
花都开了你来不来DJ,https://vd3.bdstatic.com/mda-mdee523swbezmsin/480p/h264/1618480997/mda-mdee523swbezmsin.mp4
6首催泪情歌DJ,https://vdse.bdstatic.com//cb015af64e7926101ae1e25c8b3b75d6.mp4
十首伤感DJ情歌,https://vdse.bdstatic.com//5319e5b5cd1ad9d27a21b9bf4ad534ba.mp4
爱你是这样苦DJ,https://vd4.bdstatic.com/mda-nca7s910919tw2qb/720p/h264_delogo/1646976619006116412/mda-nca7s910919tw2qb.mp4
新歌DJ想你的心好苦,https://vd3.bdstatic.com/mda-nbh82mz7pqwck9kb/sc/bd265_cae_delogo/1645209735259425049/mda-nbh82mz7pqwck9kb.mp4
一首老婆花,https://vd3.bdstatic.com/mda-nc33eu0a1v7zxcnu/sc/bd265_cae_delogo/1646450712283095420/mda-nc33eu0a1v7zxcnu.mp4
情歌DJ红尘没有错,https://vd3.bdstatic.com/mda-nadfng7qz0sr3ff3/sc/bd265_cae_delogo/1643480883586586354/mda-nadfng7qz0sr3ff3.mp4
精选七首DJ情歌,https://vd3.bdstatic.com/mda-nc6a3qnsy1yruwa1/720p/h264_delogo/1646637449945468450/mda-nc6a3qnsy1yruwa1.mp4
哥还是当年的哥,https://vd3.bdstatic.com/mda-nbgnipfqnp99z7zq/sc/bd265_cae_delogo/1645155978347002274/mda-nbgnipfqnp99z7zq.mp4
精选五首DJ男声串烧,https://vd2.bdstatic.com/mda-maqfk730tsig88wr/v2-hknm/1080p/mda-maqfk730tsig88wr.mp4
韩可可错位时空DJ版,https://vd3.bdstatic.com/mda-mgciytzb45z6z8yj/1080p/cae_h264/1626183756603775947/mda-mgciytzb45z6z8yj.mp4
忘记你需要多久,https://vd2.bdstatic.com/mda-mc1sm1r5s9azchjv/v1-cae/1080p/mda-mc1sm1r5s9azchjv.mp4
抖音夜夜夜漫长,https://vdse.bdstatic.com//13da18e12728e9d7849f6589a3070b4c.mp4
几首比较火的DJ情歌,https://vdse.bdstatic.com//4d7e8fe409b2ba9e08b179de8e146fa3.mp4
岳云鹏,https://vd2.bdstatic.com/mda-meqitprx5ti8ed1a/720p/h264/1621948823045463060/mda-meqitprx5ti8ed1a.mp4
甜歌美人舞,https://vd2.bdstatic.com/mda-ndr6b7bxbcxhs2hn/480p/h264_delogo/1650947738307316588/mda-ndr6b7bxbcxhs2hn.mp4
真心太难求,https://vdse.bdstatic.com//19652aae08e5960c7ec9694e87e0d1f0.mp4
伤不起dj,https://vd2.bdstatic.com/mda-ndk1gp50bp71j652/cae_h264_delogo/1650507809324077232/mda-ndk1gp50bp71j652.mp4
DJ喝不够的酒,https://vd3.bdstatic.com/mda-pf8is7cgmetp4ham/576p/h264/1686316564363943015/mda-pf8is7cgmetp4ham.mp4
飞蛾扑火dj,https://vd4.bdstatic.com/mda-igwgti6c2kbh0fyh/sc/mda-igwgti6c2kbh0fyh.mp4
背叛情歌,https://vd2.bdstatic.com/mda-nd9g7g9pdc9d06hz/sc/cae_h264_delogo/1649669454990045825/mda-nd9g7g9pdc9d06hz.mp4
劲爆DJ舞曲大串烧,https://vdse.bdstatic.com//f222c3fafbcc09db6f39991e5c982450.mp4
劲爆的dj歌曲,https://vdse.bdstatic.com//02a4b136a5e939a0401fc1b58eec7831.mp4
花儿笑了DJ,https://vd4.bdstatic.com/mda-ncj7vawq5rnk5v59/hd/cae_h264_delogo/1647759626623363912/mda-ncj7vawq5rnk5v59.mp4
2首车载DJ歌曲联唱,https://vd2.bdstatic.com/mda-jiugyuw4xwqiwzet/sc/mda-jiugyuw4xwqiwzet.mp4
DJ等爱的玫瑰,https://vd2.bdstatic.com/mda-jfsusw53dxs6kyvc/sc/mda-jfsusw53dxs6kyvc.mp4
DJ潮湿的心,https://vd3.bdstatic.com/mda-jfsre2z1s4xk012w/sc/mda-jfsre2z1s4xk012w.mp4
DJ小薇,https://vd3.bdstatic.com/mda-nd6jimimnfwyjuar/sc/cae_h264_delogo/1649345922829980302/mda-nd6jimimnfwyjuar.mp4
野狼的士高,https://vd2.bdstatic.com/mda-ncp47pjrm7kqjfwq/720p/h264_delogo/1648091187992655346/mda-ncp47pjrm7kqjfwq.mp4
难忘的旋律,https://vd4.bdstatic.com/mda-pdde27tmwiw6jekv/uhd/cae_h264/1681511452605224417/mda-pdde27tmwiw6jekv.mp4
舞曲伤感,https://vd3.bdstatic.com/mda-pd2hq16u057zrr4h/uhd/cae_h264/1680526224157178538/mda-pd2hq16u057zrr4h.mp4
夜店DJ版,https://vd2.bdstatic.com/mda-pcte1ras7qezcwti/uhd/cae_h264/1680001488854508046/mda-pcte1ras7qezcwti.mp4
经典夜店,https://vd4.bdstatic.com/mda-mh49vt5iqp3e7x8k/720p/h264/1628146884962346682/mda-mh49vt5iqp3e7x8k.mp4
光明DJ,https://vd4.bdstatic.com/mda-ma7y4ug97hcdf710/v1-cae/1080p/mda-ma7y4ug97hcdf710.mp4
任妙音DJ版,https://vd3.bdstatic.com/mda-makbbuxuhfwrbbjv/v1-cae/1080p/mda-makbbuxuhfwrbbjv.mp4
郑亦辰消遣DJ版,https://vd4.bdstatic.com/mda-mapavg9qcn4t5hm6/v2-hknm/1080p/mda-mapavg9qcn4t5hm6.mp4
爱一回错一回DJ版,https://vd4.bdstatic.com/mda-mbim69siwwsgwp7d/v1-cae/1080p/mda-mbim69siwwsgwp7d.mp4
小倩绣红装DJ版,https://vd2.bdstatic.com/mda-mbimxt1mdeam71vi/v1-cae/1080p/mda-mbimxt1mdeam71vi.mp4
不能忘的唯一DJ版,https://vd4.bdstatic.com/mda-mbdzgfvp4bz1hhg8/v1-cae/1080p/mda-mbdzgfvp4bz1hhg8.mp4
电子琴20分钟音乐,https://vdse.bdstatic.com//aa18d91f14915e1e79eacb046ac7747e.mp4
十首车载音乐,https://vd3.bdstatic.com/mda-nb6afsyti2t91p54/sc/cae_h264_delogo/1644221195521496576/mda-nb6afsyti2t91p54.mp4
DJ爆红老歌10首,https://vd3.bdstatic.com/mda-nbhgwre9iykh09ya/sc/cae_h264_delogo/1645187028367793873/mda-nbhgwre9iykh09ya.mp4
DJ13首老歌,https://vd4.bdstatic.com/mda-igbpw1bm4vdxitj0/logo/sc/mda-igbpw1bm4vdxitj0.mp4
DJ版黑街,https://vd3.bdstatic.com/mda-mk612p9ceppwbgxj/sc/cae_h264/1636246729628620650/mda-mk612p9ceppwbgxj.mp4
DJ给你留念,https://vd4.bdstatic.com/mda-kim3r6dpd04ypqn4/cae_h264_nowatermark/mda-kim3r6dpd04ypqn4.mp4
爱难求情难断…,https://vdse.bdstatic.com//0c8ed110c5522e9bd31752ecb999b1ab.mp4
六首伤感dj舞曲,https://vdse.bdstatic.com//f27d59d8b75915e122f53c173e27a32e.mp4
几首绝美情歌DJ,https://vdse.bdstatic.com//c5c64b60c9fdfbdfa3e959bb1d56c4b0.mp4
老歌DJ版精选六首,https://vdse.bdstatic.com//f203048340fe15016fbec9a72905680d.mp4
火爆女生版伤感DJ情歌,https://vdse.bdstatic.com//8fe197e92568201d4899dfd3d94585a7.mp4
让人陶醉的几首DJ舞曲,https://vdse.bdstatic.com//0f464b2beaf5887f90ac36b68fcd342f.mp4
女生DJ伤感情歌,https://vdse.bdstatic.com//8fe41305b5c64f8e11715b4dfd442c67.mp4
最佳伤感情歌,https://vdse.bdstatic.com//59c5abc138bf1da5585bb765c530137e.mp4
车载DJ舞曲,https://vd3.bdstatic.com/mda-nask5v8g11h6fqmf/sc/cae_h264_delogo/1643293983357482773/mda-nask5v8g11h6fqmf.mp4
7首～伤感,https://vd2.bdstatic.com/mda-nbdj7sp20st0jd9d/sc/cae_h264_delogo/1644847557994341172/mda-nbdj7sp20st0jd9d.mp4
老歌6首,https://vd2.bdstatic.com/mda-ncd2yz4tkhsx9x7n/sc/cae_h264_delogo/1647224948607209677/mda-ncd2yz4tkhsx9x7n.mp4
DJ情火拥抱你离去,https://vd3.bdstatic.com/mda-nd3gy7ukv0reh4xv/sc/cae_h264_delogo/1649115109025912038/mda-nd3gy7ukv0reh4xv.mp4
DJ酒醉风雨情伤心,https://vd4.bdstatic.com/mda-nd1a4zuxf78py830/sc/cae_h264_delogo/1649003829932795060/mda-nd1a4zuxf78py830.mp4
DJ舍不得又能怎样呢,https://vd2.bdstatic.com/mda-ncv1qd3acxskd46p/sc/cae_h264_delogo/1648720820032252958/mda-ncv1qd3acxskd46p.mp4
情哥哥DJ,https://vd3.bdstatic.com/mda-kjs8ewqz9tidsdjk/v1-cae/hd/mda-kjs8ewqz9tidsdjk.mp4
酒吧劲爆中文DJ舞曲,https://vd2.bdstatic.com/mda-nc1dmpzkg7y9k6y1/sc/cae_h264_delogo/1646218423219778510/mda-nc1dmpzkg7y9k6y1.mp4
最美的情缘DJ版,https://vd3.bdstatic.com/mda-ih4mz2ubqfx9q9gb/sc/mda-ih4mz2ubqfx9q9gb.mp4
DJ放不下想又怕,https://vd2.bdstatic.com/mda-nb8mpxwznwj6s3ps/sc/cae_h264_nowatermark_delogo/1644456565663753843/mda-nb8mpxwznwj6s3ps.mp4
精选DJ洗脑神曲,https://vd2.bdstatic.com/mda-ncsh78jh0xna7ngs/sc/cae_h264_delogo/1648389408244925817/mda-ncsh78jh0xna7ngs.mp4
最火的5首DJ舞曲,https://vd2.bdstatic.com/mda-mmqfbgzdj99h2g2a/sc/cae_h264_nowatermark/1640431486180468034/mda-mmqfbgzdj99h2g2a.mp4
老歌DJ舞曲串烧,https://vd3.bdstatic.com/mda-ihps4033ktcz7mfq/sc/mda-ihps4033ktcz7mfq.mp4
潇洒的走DJ动感节奏,https://vd4.bdstatic.com/mda-kgirfiwxg342z9d8/v1-cae/sc/mda-kgirfiwxg342z9d8.mp4
老歌伤感女声篇,https://vd3.bdstatic.com/mda-ig8mrb0k4jjc5ydt/sc/mda-ig8mrb0k4jjc5ydt.mp4
🌱DJ音乐热火斯卡拉,https://vd4.bdstatic.com/mda-nk3qfbxhf5dqpywt/sc/cae_h264/1667582665910576925/mda-nk3qfbxhf5dqpywt.mp4
DJ等爱,https://vd2.bdstatic.com/mda-mfhh1e0hwq212rrt/sc/h264/1623988905898256147/mda-mfhh1e0hwq212rrt.mp4
DJ醉过多少回,https://vd4.bdstatic.com/mda-megp46e98a4f2b9g/sc/h264/1621239560364992817/mda-megp46e98a4f2b9g.mp4
DJ情歌爱情迷了路,https://vd4.bdstatic.com/mda-mdbrb7fns70avrmt/1080p/cae_h264/1618222287/mda-mdbrb7fns70avrmt.mp4
DJ流浪兄弟,https://vd2.bdstatic.com/mda-mhrdtax1km0idkc5/1080p/cae_h264/1629972852606533219/mda-mhrdtax1km0idkc5.mp4
车载DJ多年以后,https://vd3.bdstatic.com/mda-mhqekuegbh6112js/1080p/cae_h264/1629891559415737083/mda-mhqekuegbh6112js.mp4
红尘只是个过客,https://vd2.bdstatic.com/mda-mhq68s6g444n437t/hd/cae_h264/1629865742325435508/mda-mhq68s6g444n437t.mp4
经典老歌DJ舞曲七首,https://vd2.bdstatic.com/mda-mhwbtsnrmm6v6x5r/sc/cae_h264/1630403250895754314/mda-mhwbtsnrmm6v6x5r.mp4
车载DJ今夜为你醉...,https://vdse.bdstatic.com//b68123a666cce39e7413da912e3675a3.mp4
DJ情歌6首,https://vdse.bdstatic.com//c9e449d2db0a3fa5f6a8afafbc43fbdc.mp4
2021年最好听的DJ串烧,https://vdse.bdstatic.com//cd396057d1fbcb12f0600d38a16effbc.mp4
哑巴新娘...,https://vdse.bdstatic.com//1a3fdd4def6feeef6a49f4c2bfd9fec2.mp4
女生版DJ洗脑神曲,https://vdse.bdstatic.com//6d2f84ad5762c818efd8dc210d8743c6.mp4
动感超人dj,https://vd3.bdstatic.com/mda-mm49pxqfvevcqbx4/sc/cae_h264/1638687905397245214/mda-mm49pxqfvevcqbx4.mp4
野花香dj,https://vd3.bdstatic.com/mda-mm68k5z0h1qjm8n0/sc/cae_h264/1638980550463660240/mda-mm68k5z0h1qjm8n0.mp4
精选dj,https://vd3.bdstatic.com/mda-mm68drt808w1nins/720p/h264/1638861890075163680/mda-mm68drt808w1nins.mp4
伤感情歌DJ,https://vd3.bdstatic.com/mda-mkv7idcnxrgc3cnd/sc/cae_h264/1638257251905732477/mda-mkv7idcnxrgc3cnd.mp4
新情歌DJ,https://vd3.bdstatic.com/mda-mkm49f32vcaf16y0/sc/cae_h264/1637551531193286304/mda-mkm49f32vcaf16y0.mp4
绝美情歌dj,https://vd2.bdstatic.com/mda-mkp952u577gbq8uc/sc/cae_h264/1637737197319948432/mda-mkp952u577gbq8uc.mp4
酒吧舞女,https://vd2.bdstatic.com/mda-mkpe42g9za18xetn/sc/cae_h264/1637798968815645031/mda-mkpe42g9za18xetn.mp4
劲爆舞曲DJ,https://vd2.bdstatic.com/mda-mkjdym3r2h7y5a58/sc/cae_h264/1637440648941328664/mda-mkjdym3r2h7y5a58.mp4
男神dj舞曲,https://vd4.bdstatic.com/mda-mkpbcp1thzqg8vju/sc/cae_h264/1637772142027994508/mda-mkpbcp1thzqg8vju.mp4
韩国女团dj,https://vd3.bdstatic.com/mda-mknba5i60je0d2dn/sc/cae_h264/1637654844357830568/mda-mknba5i60je0d2dn.mp4
七星酒吧舞曲,https://vd2.bdstatic.com/mda-mkq4p7459ade8936/sc/cae_h264/1637813773613914093/mda-mkq4p7459ade8936.mp4
眉飞色舞dj舞曲,https://vd2.bdstatic.com/mda-mkqi8zsh8r874xii/sc/cae_h264/1637854401020299343/mda-mkqi8zsh8r874xii.mp4
情歌DJ合集,https://vd4.bdstatic.com/mda-mkp3tpu9ghk2ufev/sc/cae_h264/1637733480141753790/mda-mkp3tpu9ghk2ufev.mp4
四海舞曲dj,https://vd2.bdstatic.com/mda-mkp6w1tjw8mz9kpx/sc/cae_h264/1637731815454834601/mda-mkp6w1tjw8mz9kpx.mp4
新世纪舞曲,https://vd4.bdstatic.com/mda-mkq704rtr59i9jtj/sc/cae_h264/1637823373696903055/mda-mkq704rtr59i9jtj.mp4
dj舞曲交流,https://vd2.bdstatic.com/mda-majhhns1q3ggkdi6/v1-cae/sc/mda-majhhns1q3ggkdi6.mp4
干就完了,https://vd3.bdstatic.com/mda-mkpd6xzxe91etw8c/sc/cae_h264/1637766099902911413/mda-mkpd6xzxe91etw8c.mp4
金典老歌合集dj,https://vd3.bdstatic.com/mda-mkq6zqsvfa164i4i/sc/cae_h264/1637829051855604521/mda-mkq6zqsvfa164i4i.mp4
学生dj舞曲,https://vd2.bdstatic.com/mda-mkncvdu8w51mdbqw/sc/cae_h264/1637659554429325643/mda-mkncvdu8w51mdbqw.mp4
日韩舞曲DJ,https://vd4.bdstatic.com/mda-mknatf58h2evy18i/sc/cae_h264/1637653930525484478/mda-mknatf58h2evy18i.mp4
国际舞曲,https://vd4.bdstatic.com/mda-mkpde77et4yvqx7e/sc/cae_h264/1637766610977026004/mda-mkpde77et4yvqx7e.mp4
dj舞曲合集,https://vd2.bdstatic.com/mda-mkmeak5hsf7hmguz/sc/cae_h264/1637579072201459045/mda-mkmeak5hsf7hmguz.mp4
dj舞曲金典,https://vd2.bdstatic.com/mda-mkk0g8x89nnx62tm/sc/cae_h264/1637456174213928981/mda-mkk0g8x89nnx62tm.mp4
车载DJ舞曲大风吹浪子闲话玛尼情歌沙漠骆驼,https://vdse.bdstatic.com//7002925e04c4c451cfa8aafc9b4190c7.mp4
七首DJ情歌拈花一笑对面的小姐姐想你了小哥哥等,https://vdse.bdstatic.com//ed10354ac1acc37c9922074fd88d3697.mp4
拈花一笑对面的小姐姐想你了小哥哥一朵情花开,https://vdse.bdstatic.com//7cfaf27a4db89583e069a40fbc2ed84b.mp4
情歌DJ拈花一笑对面的小姐姐酒醉的蝴蝶,https://vdse.bdstatic.com//4eece717c6cc2fb9086a59a13ce30623.mp4
情歌皇后林翠萍相见不如不见,https://vdse.bdstatic.com//1f65ad884619a069c68572f1ac9e2b0e.mp4
林翠萍负心的你,https://vdse.bdstatic.com//16425f9f93e382e23bcde71f8ed85a4c.mp4
林翠萍经典老歌相会在梦里,https://vdse.bdstatic.com//00fb72cd0b27bec6d9c0cd915874b50e.mp4
林翠萍经典情歌相思豆,https://vdse.bdstatic.com//986498bb0ccd2114ba1274df22fae332.mp4
精选韩宝仪经典歌曲10首,https://vdse.bdstatic.com//42d5ac65a9070eeab2513bf6bc65ea4d.mp4
十首动感DJ舞曲串烧大碟,https://vd3.bdstatic.com/mda-ii00rzrptt9e56yf/sc/mda-ii00rzrptt9e56yf.mp4
国外热门动感DJ版,https://vd3.bdstatic.com/mda-kb2bqk7bw0ntjpfn/sc/mda-kb2bqk7bw0ntjpfn.mp4
火爆DJ串烧第一期,https://vd2.bdstatic.com/mda-jgjca1pammc75yy9/sc/mda-jgjca1pammc75yy9.mp4
DJ推荐将军在上馋丫头,https://vd4.bdstatic.com/mda-mm83f0d9sws2zdu4/sc/cae_h264/1639107595725814486/mda-mm83f0d9sws2zdu4.mp4
DJ歌曲劲歌热舞提神醒目,https://vd3.bdstatic.com/mda-ncf25mrs5bm53k6j/sc/cae_h264_delogo/1647396409036292673/mda-ncf25mrs5bm53k6j.mp4
DJ歌曲怎么爱都爱不够,https://vd3.bdstatic.com/mda-mksyipb0103ck0pm/sc/cae_h264_nowatermark/1638055298562460672/mda-mksyipb0103ck0pm.mp4
鸳鸯DJ劲爆DJ,https://vd3.bdstatic.com/mda-nba9z1mqi949jyyb/sc/cae_h264_delogo/1644629210546304303/mda-nba9z1mqi949jyyb.mp4
王心凌-第一次爱的人,https://www.iesdouyin.com/aweme/v1/playwm/?video_id=v0300fg10000ca8d8rbc77u376afq590&ratio=720p&line=0
王心凌-当你,https://www.iesdouyin.com/aweme/v1/playwm/?video_id=v0200fg10000c567p8bc77u8uc3sp0lg&ratio=720p&line=0
陈冠希-战争,https://www.iesdouyin.com/aweme/v1/playwm/?video_id=v0300fg10000ch5hv2jc77udla7jom10&ratio=720p&line=0
蔡依林-日不落,https://www.iesdouyin.com/aweme/v1/playwm/?video_id=v0d00fg10000ch00eijc77u0akslavig&ratio=720p&line=0
蔡依林/陶喆-今天你要嫁给我,https://www.iesdouyin.com/aweme/v1/playwm/?video_id=v0300fg10000cj0h9mrc77ubbgnamamg&ratio=720p&line=0
钟嘉欣-我结婚了,https://www.iesdouyin.com/aweme/v1/playwm/?video_id=v0300fg10000c2utibbc77u7pgisaep0&ratio=720p&line=0
卫兰/24味-Wonderlanad,https://www.iesdouyin.com/aweme/v1/playwm/?video_id=v0d00fg10000ce1gm2jc77u9vqku0lk0&ratio=720p&line=0
卫兰-大哥,https://www.iesdouyin.com/aweme/v1/playwm/?video_id=v0300fg10000cc50gabc77ue2vb9akd0&ratio=720p&line=0
卫兰-残酷游戏,https://www.iesdouyin.com/aweme/v1/playwm/?video_id=v0200fg10000cfhlbnrc77u33819un70&ratio=720p&line=0
卫兰-my,https://www.iesdouyin.com/aweme/v1/playwm/?video_id=v0300fg10000ckpa68bc77u0e09rgs6g&ratio=720p&line=0
卫兰-离家出走,https://www.iesdouyin.com/aweme/v1/playwm/?video_id=v0d00fg10000cj9nctrc77u9f26arls0&ratio=720p&line=0
卫兰-心有不甘,https://www.iesdouyin.com/aweme/v1/playwm/?video_id=v0300fg10000ch5k663c77u3qu84l3t0&ratio=720p&line=0
卫兰-就算世界无童话,https://www.iesdouyin.com/aweme/v1/playwm/?video_id=v0300fg10000chnenb3c77u2moocu08g&ratio=720p&line=0
卫诗-宁愿你永不知道,https://www.iesdouyin.com/aweme/v1/playwm/?video_id=v0300fg10000c8ehvsbc77ue6b6p56hg&ratio=720p&line=0
谢安琪-喜帖街,https://www.iesdouyin.com/aweme/v1/playwm/?video_id=v0200f580000bqulipikgg1hr4eidvvg&ratio=720p&line=0
谢安琪-钟无艳,https://www.iesdouyin.com/aweme/v1/playwm/?video_id=v0d00fg10000chq2bsjc77uc3k8tcp5g&ratio=720p&line=0
郑欣宜-上心,https://www.iesdouyin.com/aweme/v1/playwm/?video_id=v0200fg10000cmvk5cnog65judt62tcg&ratio=720p&line=0
阿细-细界,https://www.iesdouyin.com/aweme/v1/playwm/?video_id=v0d00fg10000ck02v0rc77u87sj16lcg&ratio=720p&line=0
林奕匡-高山低谷,https://www.iesdouyin.com/aweme/v1/playwm/?video_id=v0200fg10000cms7f7nog65tv408a84g&ratio=720p&line=0
周柏豪-我的宣言,https://www.iesdouyin.com/aweme/v1/playwm/?video_id=v0200fg10000c7sm6u3c77uace3houd0&ratio=720p&line=0
周柏豪-够钟,https://www.iesdouyin.com/aweme/v1/playwm/?video_id=v0300fg10000cmbebvbc77u6p4blmqtg&ratio=720p&line=0
周柏豪-传闻,https://www.iesdouyin.com/aweme/v1/playwm/?video_id=v0200fg10000c9d38o3c77u1jf2r3r6g&ratio=720p&line=0
周柏豪-小白,https://www.iesdouyin.com/aweme/v1/playwm/?video_id=v0d00fg10000c9go7bjc77u3qv0480gg&ratio=720p&line=0
周柏豪/郑融-一事无成,https://www.iesdouyin.com/aweme/v1/playwm/?video_id=v0d00fg10000cbcbg2jc77u4rikmlblg&ratio=720p&line=0
周柏豪-还记得,https://www.iesdouyin.com/aweme/v1/playwm/?video_id=v0200fg10000ca9qcubc77u3d3jrsp9g&ratio=720p&line=0
CAllStar-天梯,https://www.iesdouyin.com/aweme/v1/playwm/?video_id=v0200fg10000cisenvvog65r87k65dr0&ratio=720p&line=0
黄凯芹-雨中的恋人们,https://www.iesdouyin.com/aweme/v1/playwm/?video_id=v0300fg10000cjli7rfog65o4vh2p4ug&ratio=720p&line=0
谢霆锋-活着viva,https://www.iesdouyin.com/aweme/v1/playwm/?video_id=v0d00fg10000ccdmdsbc77u0hvhjiuc0&ratio=720p&line=0
潘玮柏/弦子-不得不爱,https://www.iesdouyin.com/aweme/v1/playwm/?video_id=v0d00fg10000ct4mq2vog65i8p1hflg0&ratio=720p&line=0
葛东琪-悬溺,https://www.iesdouyin.com/aweme/v1/playwm/?video_id=v0200fg10000cjnkud3c77u8alq7192g&ratio=720p&line=0
周杰伦-七里香,https://www.iesdouyin.com/aweme/v1/playwm/?line=0&logo_name=aweme_diversion_search_app&ratio=720p&video_id=v0200fg10000cpbvhp7og65tm36f7f9g
周杰伦-说好的幸福呢,https://www.iesdouyin.com/aweme/v1/playwm/?video_id=v0200fg10000cssvfd7og65s05l6fb30&ratio=720p&line=0
周杰伦-珊瑚海,https://www.iesdouyin.com/aweme/v1/playwm/?video_id=v0200fg10000cu53j17og65mdmh6uuvg&ratio=720p&line=0
周杰伦-退后,https://www.iesdouyin.com/aweme/v1/playwm/?video_id=v0200fg10000cu4gqmvog65ugg1to2qg&ratio=720p&line=0
周杰伦-说好不哭,https://www.iesdouyin.com/aweme/v1/playwm/?video_id=v0200fg10000cu1rh9vog65imnpbre70&ratio=720p&line=0
周杰伦-等你下课,https://www.iesdouyin.com/aweme/v1/playwm/?video_id=v0200fg10000cu1nfonog65trp6p79ug&ratio=720p&line=0
周杰伦-蒲公英的约定,https://www.iesdouyin.com/aweme/v1/playwm/?video_id=v0200fg10000cu16plvog65nf0t5gj8g&ratio=720p&line=0
周杰伦-我落泪情绪零碎,https://www.iesdouyin.com/aweme/v1/playwm/?video_id=v0200fg10000ctt2hmvog65usvfqcpf0&ratio=720p&line=0
周杰伦-晴天,https://www.iesdouyin.com/aweme/v1/playwm/?video_id=v0200fg10000ctrtl67og65qlnn3p6q0&ratio=720p&line=0
周杰伦-一路向北,https://www.iesdouyin.com/aweme/v1/playwm/?video_id=v0200fg10000ctdf26vog65kmvqmvk1g&ratio=720p&line=0
周杰伦-我不配,https://www.iesdouyin.com/aweme/v1/playwm/?video_id=v0200fg10000ctckvvnog65m6b34rft0&ratio=720p&line=0
周杰伦-花海,https://www.iesdouyin.com/aweme/v1/playwm/?video_id=v0200fg10000ct25167og65te5cdbhj0&ratio=720p&line=0
周杰伦-青花瓷,https://www.iesdouyin.com/aweme/v1/playwm/?video_id=v0200fg10000cslnpcnog65tu8njd7pg&ratio=720p&line=0
周杰伦-稻香,https://www.iesdouyin.com/aweme/v1/playwm/?video_id=v0200fg10000ctlmcvvog65o5ds0167g&ratio=720p&line=0
周杰伦-龙卷风,https://www.iesdouyin.com/aweme/v1/playwm/?video_id=v0200fg10000crd9uj7og65v04u0dc7g&ratio=720p&line=0
周杰伦-简单爱,https://www.iesdouyin.com/aweme/v1/playwm/?video_id=v0d00fg10000csnbkmqljht17n76quv0&ratio=720p&line=0
周杰伦-告白气球,https://www.iesdouyin.com/aweme/v1/playwm/?video_id=v0d00fg10000ci86emrc77ualbim8bv0&ratio=720p&line=0
光良-童话,https://www.iesdouyin.com/aweme/v1/playwm/?video_id=v0200fg10000cmhcjp3c77u6lekc7am0&ratio=720p&line=0
江语晨-最后一页,https://www.iesdouyin.com/aweme/v1/playwm/?video_id=v0300fg10000cn5q3rbc77ubqm4m4jsg&ratio=720p&line=0
江语晨-浪漫爱,https://www.iesdouyin.com/aweme/v1/playwm/?video_id=v0300fd80000bqt2lkroe0ndof6sf6d0&ratio=720p&line=0
陶喆-就是爱你,https://www.iesdouyin.com/aweme/v1/playwm/?video_id=v0300fg10000c2j1oprc77u04674qfu0&ratio=720p&line=0
林俊杰-当你,https://www.iesdouyin.com/aweme/v1/playwm/?video_id=v0200fg10000cm6f933c77u0inl4a58g&ratio=720p&line=0
林俊杰-15首合集,https://www.iesdouyin.com/aweme/v1/playwm/?video_id=v0d00fg10000ctnpccfog65v79bd4910&ratio=720p&line=0
林俊杰-不潮不用花钱,https://www.iesdouyin.com/aweme/v1/playwm/?video_id=v0200fg10000c7kn32bc77u538kgoopg&ratio=720p&line=0
by2-爱丫爱丫,https://www.iesdouyin.com/aweme/v1/playwm/?video_id=v0d00fg10000croe187og65pl22ksg00&ratio=720p&line=0
by2-我知道,https://www.iesdouyin.com/aweme/v1/playwm/?video_id=v0200fg10000csm7epnog65it1kgajfg&ratio=720p&line=0
by2-我知道,https://www.iesdouyin.com/aweme/v1/playwm/?video_id=v0d00fg10000ct0ushnog65rec0oavug&ratio=720p&line=0
by2-你并不懂我,https://www.iesdouyin.com/aweme/v1/playwm/?video_id=v0200fg10000crhpin7og65vnbko3vm0&ratio=720p&line=0
by2-你并不懂我,https://www.iesdouyin.com/aweme/v1/playwm/?video_id=v0200fg10000c8bids3c77ufr1d2duag&ratio=720p&line=0
by2/汪苏泷-有点甜,https://www.iesdouyin.com/aweme/v1/playwm/?video_id=v0300fg10000cb5bsu3c77ucgqht5pj0&ratio=720p&line=0
关淑怡-难得有情人,https://www.iesdouyin.com/aweme/v1/playwm/?video_id=v0200fg10000cockvfrc77uecmqmqq40&ratio=720p&line=0
刘小慧-初恋情人,https://www.iesdouyin.com/aweme/v1/playwm/?video_id=v0d00fg10000cc9cli3c77u4vdavpd70&ratio=720p&line=0
李克勤-红日,https://www.iesdouyin.com/aweme/v1/playwm/?video_id=v0d00fg10000co87rbjc77ueeb2bpbbg&ratio=720p&line=0
李克勤-护花使者,https://www.iesdouyin.com/aweme/v1/playwm/?video_id=v0300fg10000cit40pbc77uae67r96cg&ratio=720p&line=0
徐小凤-风的季节,https://www.iesdouyin.com/aweme/v1/playwm/?video_id=v0d00fg10000c9v0f3bc77u2pia8a8vg&ratio=720p&line=0
罗文-几许风雨,https://www.iesdouyin.com/aweme/v1/playwm/?video_id=v0300fg10000co6fijvog65rloj3i5n0&ratio=720p&line=0
周慧敏-最爱,https://www.iesdouyin.com/aweme/v1/playwm/?video_id=v0d00fg10000cihdb9rc77uaaibdjvl0&ratio=720p&line=0
陈百强-偏偏喜欢你,https://www.iesdouyin.com/aweme/v1/playwm/?video_id=v0300fg10000c4sd0hjc77uadn62vdpg&ratio=720p&line=0
陈百强-一生何求,https://www.iesdouyin.com/aweme/v1/playwm/?video_id=v0d00fg10000c62hppbc77u6phu370hg&ratio=720p&line=0
陈慧娴-千千阙歌,https://www.iesdouyin.com/aweme/v1/playwm/?video_id=v0200fg10000cobq6e3c77udq71olmb0&ratio=720p&line=0
陈慧娴-夜半小夜曲,https://www.iesdouyin.com/aweme/v1/playwm/?video_id=v0300fc30000bu3s66l91uupo5jllq40&ratio=720p&line=0
陈慧娴-人生何处不相逢,https://www.iesdouyin.com/aweme/v1/playwm/?video_id=v0d00fg10000chrn8sjc77u9t0ofndkg&ratio=720p&line=0
陈慧娴-情意结,https://www.iesdouyin.com/aweme/v1/playwm/?video_id=v0200fg10000c7mte0bc77u646crfqj0&ratio=720p&line=0
陈慧娴-傻女,https://www.iesdouyin.com/aweme/v1/playwm/?video_id=v0300fg10000ccg7jsrc77u3n0hmrrn0&ratio=720p&line=0
林忆莲-假如让你吻下去,https://www.iesdouyin.com/aweme/v1/playwm/?video_id=v0300fg10000cm13h63c77u825g1pq90&ratio=720p&line=0
张国荣-沉默是金,https://www.iesdouyin.com/aweme/v1/playwm/?video_id=v0d00fg10000cgjuqvbc77uc1cnf47ag&ratio=720p&line=0
钟镇涛-让一切随风,https://www.iesdouyin.com/aweme/v1/playwm/?video_id=v0200fg10000clvs8cjc77u7555h0er0&ratio=720p&line=0
刘德华-暗里着迷,https://www.iesdouyin.com/aweme/v1/playwm/?video_id=v0300fg10000c8rv9cjc77u58p5sd07g&ratio=720p&line=0
刘德华-一起走过的日子,https://www.iesdouyin.com/aweme/v1/playwm/?video_id=v0200fg10000cl9255rc77uagabjkqkg&ratio=720p&line=0
谭咏麟-讲不出再见,https://www.iesdouyin.com/aweme/v1/playwm/?video_id=v0200fg10000co5ch8rc77u2dtata9sg&ratio=720p&line=0
谭咏麟-一生中最爱,https://www.iesdouyin.com/aweme/v1/playwm/?video_id=v0d00fg10000cni9357og65hefir2gf0&ratio=720p&line=0
王杰-谁明浪子心,https://www.iesdouyin.com/aweme/v1/playwm/?video_id=v0300fg10000c5knm9rc77uboe0h3rgg&ratio=720p&line=0
王杰-不浪漫罪名,https://www.iesdouyin.com/aweme/v1/playwm/?video_id=v0200fg10000c9bvck3c77ucqkhpnfd0&ratio=720p&line=0
吕方-你的浅笑,https://www.iesdouyin.com/aweme/v1/playwm/?video_id=v0200fg10000cmp585fog65v3t4i0v80&ratio=720p&line=0
张学友-饿狼传说,https://www.iesdouyin.com/aweme/v1/playwm/?video_id=v0300fg10000cfapr43c77u621266pjg&ratio=720p&line=0
张学友-只想一生跟你走,https://www.iesdouyin.com/aweme/v1/playwm/?video_id=v0200fg10000ci8ljnbc77u7qp8pt7cg&ratio=720p&line=0
邓丽君-漫步人生路,https://www.iesdouyin.com/aweme/v1/playwm/?video_id=v0300fg10000cgg6rljc77ub1k9u4dug&ratio=720p&line=0
邓丽欣-电灯胆,https://www.iesdouyin.com/aweme/v1/playwm/?video_id=v0d00fg10000cmhsnt3c77u2ra2n3e2g&ratio=720p&line=0
邓丽欣/傅颖-亲朋勿友,https://www.iesdouyin.com/aweme/v1/playwm/?video_id=v0300fg10000ccs4uirc77u12f0g60vg&ratio=720p&line=0
Beyond-光辉岁月,https://www.iesdouyin.com/aweme/v1/playwm/?video_id=v0300fg10000ccu4ldjc77u4nmf3f54g&ratio=720p&line=0
Beyond-真的爱你,https://www.iesdouyin.com/aweme/v1/playwm/?video_id=v0300fg10000ceksa4bc77u77da91tfg&ratio=720p&line=0
Beyond-大地,https://www.iesdouyin.com/aweme/v1/playwm/?video_id=v0200fg10000cojstabc77uerhn878qg&ratio=720p&line=0
Beyond-冷雨夜,https://www.iesdouyin.com/aweme/v1/playwm/?video_id=v0200fg10000cdqcbe3c77ucgubud6i0&ratio=720p&line=0
Beyond-海阔天空,https://www.iesdouyin.com/aweme/v1/playwm/?video_id=v0d00fg10000chfntjrc77uf4o64t5qg&ratio=720p&line=0
Beyond-岁月无声,https://www.iesdouyin.com/aweme/v1/playwm/?video_id=v0d00fg10000cfhoeq3c77u4flt6fni0&ratio=720p&line=0
叶蒨文-情人知己,https://www.iesdouyin.com/aweme/v1/playwm/?video_id=v0300fg10000cmcmv33c77uer3e2mdag&ratio=720p&line=0
叶蒨文-祝福,https://www.iesdouyin.com/aweme/v1/playwm/?video_id=v0d00fg10000c8rfd1bc77u0gvo4f8b0&ratio=720p&line=0
叶丽仪-上海滩,https://www.iesdouyin.com/aweme/v1/playwm/?video_id=v0300fg10000c56uiubc77uc6dubb3q0&ratio=720p&line=0
甄妮-友谊太阳,https://m.douyin.com/aweme/v1/playwm/?video_id=v0d00fg10000c7dm1ojc77udvrshcceg&ratio=720p&line=0
甄妮-我曾用心爱着你,https://www.iesdouyin.com/aweme/v1/playwm/?video_id=v0200fg10000c61mgpjc77u30e9dfqa0&ratio=720p&line=0
王菲-容易受伤的女人,https://www.iesdouyin.com/aweme/v1/playwm/?video_id=v0200fg10000coul6kjc77u020n5vnvg&ratio=720p&line=0
郑中基-无赖,https://www.iesdouyin.com/aweme/v1/playwm/?video_id=v0300fg10000cmaj7d7og65vg4bdm0h0&ratio=720p&line=0
孙耀威-爱的故上集,https://www.iesdouyin.com/aweme/v1/playwm/?video_id=v0200fg10000c60cbq3c77u4kbdnbc3g&ratio=720p&line=0
林子祥-男儿当自强,https://www.iesdouyin.com/aweme/v1/playwm/?video_id=v0300f4a0000bt4chkq5lp9jpvrs4u0g&ratio=720p&line=0
梁咏琪-灰姑娘,https://www.iesdouyin.com/aweme/v1/playwm/?video_id=v0300fg10000c3r9krjc77u4v5e0hcig&ratio=720p&line=0
梁咏琪/李荣浩-紫荆花盛开,https://www.iesdouyin.com/aweme/v1/playwm/?video_id=v0d00fg10000cs9se97og65n0tue68vg&ratio=720p&line=0
容祖儿-心淡,https://www.iesdouyin.com/aweme/v1/playwm/?video_id=v0200fg10000cep4bprc77u0o4umqlt0&ratio=720p&line=0
容祖儿-习惯失恋,https://www.iesdouyin.com/aweme/v1/playwm/?video_id=v0d00fg10000cdhtuo3c77u4qg4mdmq0&ratio=720p&line=0
容祖儿-续集,https://www.iesdouyin.com/aweme/v1/playwm/?video_id=v0d00fg10000cdaap5bc77u0ioga7ah0&ratio=720p&line=0
容祖儿-怯,https://www.iesdouyin.com/aweme/v1/playwm/?video_id=v0300fg10000c383g33c77u99amrpkl0&ratio=720p&line=0
容祖儿-16号爱人,https://www.iesdouyin.com/aweme/v1/playwm/?video_id=v0d00fg10000ckl4ehrc77u5t25hkci0&ratio=720p&line=0
容祖儿-连续剧,https://www.iesdouyin.com/aweme/v1/playwm/?video_id=v0200fg10000cm5avjbc77u543s8e3b0&ratio=720p&line=0
陈奕迅-落花流水,https://www.iesdouyin.com/aweme/v1/playwm/?video_id=v0d00fg10000cngumojc77ubsn73764g&ratio=720p&line=0
陈奕迅-富士山下,https://www.iesdouyin.com/aweme/v1/playwm/?video_id=v0200fg10000cnu3p4jc77u9i1pe18qg&ratio=720p&line=0
陈奕迅-明年今日,https://www.iesdouyin.com/aweme/v1/playwm/?video_id=v0200fg10000ccqqbarc77u3c0tjm46g&ratio=720p&line=0
陈奕迅-单车,https://www.iesdouyin.com/aweme/v1/playwm/?video_id=v0300fg10000ctpv5tvog65qksofvds0&ratio=720p&line=0
陈奕迅-十面埋伏,https://www.iesdouyin.com/aweme/v1/playwm/?video_id=v0300fg10000csjohunog65ideqnh670&ratio=720p&line=0
杨千嬅-少年的祈祷,https://www.iesdouyin.com/aweme/v1/playwm/?video_id=v0200fg10000c5ju2krc77u41p3mgv50&ratio=720p&line=0
杨千嬅-处处吻,https://www.iesdouyin.com/aweme/v1/playwm/?video_id=v0300fg10000crdghifog65nm151qkh0&ratio=720p&line=0
杨千嬅-野孩子,https://www.iesdouyin.com/aweme/v1/playwm/?video_id=v0200fg10000co0lujbc77ub5fefi6p0&ratio=720p&line=0
杨千嬅-可惜我是水瓶座,https://www.iesdouyin.com/aweme/v1/playwm/?video_id=v0300fg10000ce88qmbc77uem4d0e4bg&ratio=720p&line=0
Twins-下一站天后,https://www.iesdouyin.com/aweme/v1/playwm/?video_id=v0200fg10000c9hsmhrc77u8bcep14rg&ratio=720p&line=0
Twins-恋爱大过天,https://www.iesdouyin.com/aweme/v1/playwm/?video_id=v0300fg10000cfvdrjrc77ud5nlujjag&ratio=720p&line=0
Twins/boyz-死性不改,https://www.iesdouyin.com/aweme/v1/playwm/?video_id=v0300fg10000cfvjrkbc77u74v6btr50&ratio=720p&line=0
Twins-风筝与风,https://www.iesdouyin.com/aweme/v1/playwm/?video_id=v0200fda0000bshv5b74vs5fah61kna0&ratio=720p&line=0
Twins-朋友仔,https://www.iesdouyin.com/aweme/v1/playwm/?video_id=v0200fg10000cdsbamrc77u2p0aq3a00&ratio=720p&line=0
侧田-命硬,https://www.iesdouyin.com/aweme/v1/playwm/?video_id=v0200fg10000clpvvpbc77udpkv629d0&ratio=720p&line=0
侧田-kong,https://www.iesdouyin.com/aweme/v1/playwm/?video_id=v0200fg10000clc94u3c77uf0uv06v80&ratio=720p&line=0
连诗雅-好好过,https://www.iesdouyin.com/aweme/v1/playwm/?video_id=v0200fg10000chjmaarc77u1lp7ig8c0&ratio=720p&line=0
连诗雅-到此为止,https://www.iesdouyin.com/aweme/v1/playwm/?video_id=v0200fg10000cf3vrrjc77uc2imn4ad0&ratio=720p&line=0
陈柏宇-你瞒我瞒,https://www.iesdouyin.com/aweme/v1/playwm/?video_id=v0300fg10000ccrgjdrc77ua76fkf6sg&ratio=720p&line=0
AGA-孤雏,https://www.iesdouyin.com/aweme/v1/playwm/?video_id=v0d00fg10000cp22lt3c77u3sp4g96u0&ratio=720p&line=0
吴雨霏-吴哥窿,https://www.iesdouyin.com/aweme/v1/playwm/?video_id=v0d00fg10000cp8v8l7og65vel2a1ls0&ratio=720p&line=0
吴雨霏-明知做戏,https://www.iesdouyin.com/aweme/v1/playwm/?video_id=v0200fg10000ce0r8hjc77u3c0th1spg&ratio=720p&line=0
吴雨霏-留不低,https://www.iesdouyin.com/aweme/v1/playwm/?video_id=v0d00fg10000cae08n3c77u2lghi4a9g&ratio=720p&line=0
吴雨霏-我本人,https://www.iesdouyin.com/aweme/v1/playwm/?video_id=v0300fg10000cpk55svog65tsdrf872g&ratio=720p&line=0
吴雨霏-座右铭,https://www.iesdouyin.com/aweme/v1/playwm/?video_id=v0300fg10000csgeobvog65skv513bv0&ratio=720p&line=0
梁汉文-缠绵游戏,https://www.iesdouyin.com/aweme/v1/playwm/?video_id=v0300fg10000cjo6odrc77u9f4if7ub0&ratio=720p&line=0
林峰-爱在记忆中找你,https://www.iesdouyin.com/aweme/v1/playwm/?video_id=v0200fg10000cbidlubc77u4luk3uth0&ratio=720p&line=0
林峰-爱不疚,https://www.iesdouyin.com/aweme/v1/playwm/?video_id=v0200fg10000cbi9p5rc77u8fordilm0&ratio=720p&line=0
林峰-幼稚完,https://www.iesdouyin.com/aweme/v1/playwm/?video_id=v0d00fg10000c3c8tolfurq0t8hl20cg&ratio=720p&line=0
林峰/泳儿-明天以后,https://www.iesdouyin.com/aweme/v1/playwm/?video_id=v0200fg10000clg15bnog65otdhtama0&ratio=720p&line=0
泳儿-无心恋唱,https://www.iesdouyin.com/aweme/v1/playwm/?video_id=v0200fg10000cd72dobc77u85rlotlp0&ratio=720p&line=0
泳儿-24首合集,https://www.iesdouyin.com/aweme/v1/playwm/?video_id=v0200fg10000celom73c77u7maj81qo0&ratio=720p&line=0
海明威/泳儿-我的回忆不是我的,https://www.iesdouyin.com/aweme/v1/playwm/?video_id=v0300fg10000crob83nog65jioid2pv0&ratio=720p&line=0
许廷铿-面具,https://www.iesdouyin.com/aweme/v1/playwm/?video_id=v0200ffe0000bsma66222nggd3hrnnrg&ratio=720p&line=0
古巨基-必杀技,https://www.iesdouyin.com/aweme/v1/playwm/?video_id=v0200fg10000cekv06jc77udpp4ltm90&ratio=720p&line=0
古巨基-爱与诚,https://www.iesdouyin.com/aweme/v1/playwm/?video_id=v0300fg10000cq20gevog65vbni5bjpg&ratio=720p&line=0
黎瑞恩-一人有一个的梦想,https://www.iesdouyin.com/aweme/v1/playwm/?video_id=v0200fg10000ce4s2g3c77ub64mff9qg&ratio=720p&line=0
陈文缓-时光中飞舞,https://www.iesdouyin.com/aweme/v1/playwm/?video_id=v0300fg10000cab99tbc77u5slfids90&ratio=720p&line=0
陈僖仪-忘川,https://www.iesdouyin.com/aweme/v1/playwm/?video_id=v0300fg10000ca6gn83c77ufug96j7cg&ratio=720p&line=0
张敬轩-酷爱,https://www.iesdouyin.com/aweme/v1/playwm/?video_id=v0200fg10000ck1q5v3c77ucqtq44b4g&ratio=720p&line=0
蒋小呢-for,https://www.iesdouyin.com/aweme/v1/playwm/?video_id=v0200fg10000c4k69ujc77u3f5l37i50&ratio=720p&line=0
李玖哲-夏天,https://www.iesdouyin.com/aweme/v1/playwm/?video_id=v0200fg10000cjhde3fog65upiashhr0&ratio=720p&line=0
南征北战-我的天空,https://www.iesdouyin.com/aweme/v1/playwm/?video_id=v0200fbf0000bt8nuaevamb718qchkt0&ratio=720p&line=0
mr-森林,https://www.iesdouyin.com/aweme/v1/playwm/?video_id=v0300fg10000c2ofpk3c77u6arm34eeg&ratio=720p&line=0
林韵乔/叶梓晴-机场北,https://www.iesdouyin.com/aweme/v1/playwm/?video_id=v0200fg10000cp32qpjc77uf5eu3igtg&ratio=720p&line=0
麦浚龙-耿耿于怀,https://www.iesdouyin.com/aweme/v1/playwm/?video_id=v0200fg10000cf2gn93c77uam6kuerdg&ratio=720p&line=0
菊梓乔-忘掉我自己,https://www.iesdouyin.com/aweme/v1/playwm/?video_id=v0300fg10000cr7ia6vog65n4msgpru0&ratio=720p&line=0
吴若希-越难越爱,https://www.iesdouyin.com/aweme/v1/playwm/?video_id=v0300fg10000chcdhdfog65g2p9hdi7g&ratio=720p&line=0
吴若希-爱要撑下去,https://www.iesdouyin.com/aweme/v1/playwm/?video_id=v0200fg10000cdm727rc77u3lnlca32g&ratio=720p&line=0
吴若希-错过了,https://www.iesdouyin.com/aweme/v1/playwm/?video_id=v0300fg10000cton3mvog65nv5hqgf50&ratio=720p&line=0
区文诗-不只爱情,https://www.iesdouyin.com/aweme/v1/playwm/?video_id=v0300fg10000csl1fqnog65lrb9gntd0&ratio=720p&line=0
邓岳章-不做情人,https://www.iesdouyin.com/aweme/v1/playwm/?video_id=v0200fg10000cfrhffjc77ua9ospmb0g&ratio=720p&line=0
何仟仟-魔鬼邂逅,https://www.iesdouyin.com/aweme/v1/playwm/?video_id=v0300fg10000c9i1th3c77u5pdfcatng&ratio=720p&line=0
邓紫棋-17首合集,https://www.iesdouyin.com/aweme/v1/playwm/?video_id=v0d00fg10000cucbtmfog65l35tmqu7g&ratio=720p&line=0
陈婉箐-不负众望,https://www.iesdouyin.com/aweme/v1/playwm/?video_id=v0200fg10000cu95487og65l3i02957g&ratio=720p&line=0
飞儿乐团-月牙湾,https://www.iesdouyin.com/aweme/v1/playwm/?video_id=v0d00fg10000c4tmklbc77u4upig9730&ratio=720p&line=0
飞儿乐团-lydia,https://www.iesdouyin.com/aweme/v1/playwm/?video_id=v1e00fgi0000cu0hhh7og65rn9pfdt0g&ratio=720p&line=0
飞儿乐团-我们的爱,https://www.iesdouyin.com/aweme/v1/playwm/?video_id=v0300fg10000c895oo3c77ud27p9ic50&ratio=720p&line=0
飞儿乐团-你的微笑,https://www.iesdouyin.com/aweme/v1/playwm/?video_id=v0200fg10000c9t0f8rc77u1ksr5jbj0&ratio=720p&line=0
飞儿乐团/彭佳慧-心之火,https://www.iesdouyin.com/aweme/v1/playwm/?video_id=v0300fg10000cvhd32vog65lgnkfuh30&ratio=720p&line=0
任然-飞鸟和蝉,https://www.iesdouyin.com/aweme/v1/playwm/?video_id=v0300fg10000chgciibc77u4m8k4edog&ratio=720p&line=0
sweety-樱花草,https://www.iesdouyin.com/aweme/v1/playwm/?video_id=v0300fg10000c9rreibc77u0n5mpg0o0&ratio=720p&line=0
许绍洋-花香,https://www.iesdouyin.com/aweme/v1/playwm/?video_id=v0200f290000bt10bsspfrfvn0rsvfhg&ratio=720p&line=0
F4-流星雨,https://www.iesdouyin.com/aweme/v1/playwm/?video_id=v0300fg10000ctps9ffog65q3ledq7i0&ratio=720p&line=0
F4-决不能失去你,https://www.iesdouyin.com/aweme/v1/playwm/?video_id=v0200fg10000clpfsjbc77u46m77t630&ratio=720p&line=0
王蓝茵-恶作剧,https://www.iesdouyin.com/aweme/v1/playwm/?video_id=v0300fg10000ciocl7jc77u2jkq998s0&ratio=720p&line=0
杨丞琳-暧昧,https://www.iesdouyin.com/aweme/v1/playwm/?video_id=v0200fg10000cncatmbc77ufr0d46jsg&ratio=720p&line=0
杨丞琳-雨爱,https://www.iesdouyin.com/aweme/v1/playwm/?video_id=v0300fg10000c25llp3c77uemntbq6o0&ratio=720p&line=0
蔡旻佑-我可以,https://www.iesdouyin.com/aweme/v1/playwm/?video_id=v0300fg10000c70vjubc77u9ubc7ofdg&ratio=720p&line=0
罗志祥-爱转角,https://www.iesdouyin.com/aweme/v1/playwm/?video_id=v0300fg10000cjn0p03c77u6rj0bkt80&ratio=720p&line=0
罗志祥-爱不单行,https://www.iesdouyin.com/aweme/v1/playwm/?video_id=v0d00fg10000ck0eshjc77uf7o7ivnpg&ratio=720p&line=0
萧亚轩-爱的主打歌,https://www.iesdouyin.com/aweme/v1/playwm/?video_id=v0200fg10000ca3eb8rc77ub0tj3kl2g&ratio=720p&line=0
萧亚轩-遗失的心跳,https://www.iesdouyin.com/aweme/v1/playwm/?video_id=v0200fg10000ck491ufog65vq1gb76i0&ratio=720p&line=0
萧亚轩-突然想起你,https://www.iesdouyin.com/aweme/v1/playwm/?video_id=v0d00fg10000cr2kg7vog65lkksge090&ratio=720p&line=0
萧亚轩-错的人,https://www.iesdouyin.com/aweme/v1/playwm/?video_id=v0200fd00000br0711gi8qol0f2n3720&ratio=720p&line=0
蓝又时-孤单心事,https://www.iesdouyin.com/aweme/v1/playwm/?video_id=v0300fg10000cr897onog65sgcniupd0&ratio=720p&line=0
梁静茹-没有如果,https://www.iesdouyin.com/aweme/v1/playwm/?video_id=v0300fg10000crofuu7og65j64cj0thg&ratio=720p&line=0
青山黛玛-留在我身边,https://www.iesdouyin.com/aweme/v1/playwm/?video_id=v0d00fg10000caf9b1jc77u3vnrog8mg&ratio=720p&line=0
卓文萱/曹格-梁山伯与朱丽叶,https://www.iesdouyin.com/aweme/v1/playwm/?video_id=v0200fg10000ckd02j3c77uc41nk2co0&ratio=720p&line=0
何润东-我记得我爱过,https://www.iesdouyin.com/aweme/v1/playwm/?video_id=v0d00fg10000cm12qa3c77u3pbdnrr00&ratio=720p&line=0
张芸京-偏爱,https://www.iesdouyin.com/aweme/v1/playwm/?video_id=v1e00fgi0000csmuo9fog65j08392110&ratio=720p&line=0
张韶涵-无名的人,https://www.iesdouyin.com/aweme/v1/playwm/?video_id=v0200fg10000ctari87og65ksgs0rnpg&ratio=720p&line=0
张韶涵-12首合集,https://www.iesdouyin.com/aweme/v1/playwm/?video_id=v0d00fg10000ct7cdovog65o09j282vg&ratio=720p&line=0
怒击摇,https://vd2.bdstatic.com/mda-mkibx9zvknj8d2fu/sc/cae_h264_nowatermark/1637355659217322910/mda-mkibx9zvknj8d2fu.mp4
2021热门伤感DJ,https://vdse.bdstatic.com//06b4e9b185b843e694e4d20e9b0a0aac.mp4
5首劲爆dj,https://vd2.bdstatic.com/mda-mm69dxgtcqg28j9j/sc/cae_h264/1638860024910192032/mda-mm69dxgtcqg28j9j.mp4
DJ情歌,https://vd2.bdstatic.com/mda-mm67ychk60q5n0d1/sc/cae_h264/1638893384360470440/mda-mm67ychk60q5n0d1.mp4
dj舞曲女人版,https://vd3.bdstatic.com/mda-mkp88kxv6r8y73k9/sc/cae_h264/1637733263867775329/mda-mkp88kxv6r8y73k9.mp4
网络金曲《拈花一笑》《陪你千山万水》《对面小姐姐》,https://vdse.bdstatic.com//c2deba4d320384736569e542ac531aff.mp4
龙飘飘《我没醉》,https://vdse.bdstatic.com//3d48e45e47836cd75c202ec957260837.mp4
龙飘飘《往事》,https://vdse.bdstatic.com//a28e362e15fa8c361219944bfb59b596.mp4
美酒加咖啡龙飘飘,https://vdse.bdstatic.com//816c73543ede254586a625cacc67ea0f.mp4
刀郎经典歌曲精选,https://vdse.bdstatic.com//4fcca19a19aa4974230c5ee70ab5fa55.mp4
毛宁《涛声依旧》《晚秋》《心雨》《春风吻上我的脸》《大中国》,https://vdse.bdstatic.com//21736d388636d7648510b2a36fc7cbfd.mp4
山歌《阿里山的姑娘》《康定情歌》《山路十八弯》《敖包相会》,https://vdse.bdstatic.com//ae82f5b93166f47d85ff12124a021323.mp4
张也《望星空/为了谁/人间第一情/红梅赞/高天上流云》,https://vdse.bdstatic.com//038c6250208e42b9427a885e0370e1a2.mp4
降央卓玛：这几首歌曲太动听,https://vdse.bdstatic.com//0ce1279c88ff9ab48f48d4e86860cd46.mp4
【老歌DJ版】《精选8首》,https://vdse.bdstatic.com//525174705415c8773bd465ce4b88b18d.mp4
2021一夜火爆几首DJ舞曲,https://vdse.bdstatic.com//1fc9fd16e02ca272bb81666b85bf4135.mp4
2021《精选5首酒吧DJ舞曲》,https://vdse.bdstatic.com//0e59c29ddbc68ed60dce8a6f4631c1f1.mp4
粤语和华语经典歌曲【完整版】,https://vdse.bdstatic.com//2922763f303705ef65c46689578439ea.mp4
最新dj,https://vd2.bdstatic.com/mda-mm4dszarfc74t9mx/sc/cae_h264/1638819159347843097/mda-mm4dszarfc74t9mx.mp4
一点泪水dj,https://vd2.bdstatic.com/mda-mm52zzkus5fqm4xh/sc/cae_h264/1638783595083455661/mda-mm52zzkus5fqm4xh.mp4
舞曲视频,https://vd2.bdstatic.com/mda-mm25g3080p08di8w/sc/cae_h264/1638529553032232968/mda-mm25g3080p08di8w.mp4
舞曲视频,https://vd4.bdstatic.com/mda-mkf4g5p5hpevqbx6/sc/cae_h264/1637033781127837401/mda-mkf4g5p5hpevqbx6.mp4
今夜回望dj,https://vd2.bdstatic.com/mda-mkv7cbzq5xdtf9ms/sc/cae_h264/1638478442002383579/mda-mkv7cbzq5xdtf9ms.mp4
小鱼授权,https://vd4.bdstatic.com/mda-mkn4iq79ihtufbc1/sc/cae_h264/1637639849265611965/mda-mkn4iq79ihtufbc1.mp4
舞曲视频2,https://vd2.bdstatic.com/mda-mkn56h2g8ux3dtxq/sc/cae_h264/1637642599802363137/mda-mkn56h2g8ux3dtxq.mp4
车震一小时,http://gcw.bdcdn.shoujiduoduo.com/201805/0748-641.mp4
美人热舞洗脑DJ舞曲,https://vdse.bdstatic.com//3700f6b78ceaf0f4a5313f4d68c95b72.mp4
动听DJ情歌《红颜知己》《今夜为你醉》《别忘了我在等你》等,https://vdse.bdstatic.com//92d49c2aebc0bbbe08149b8e08e4a443.mp4
DJ伤感好听《红颜知己》《事与愿违》《缘分相遇》《知情念歌》,https://vdse.bdstatic.com//1a7b05ab4eab2d68a679e442f4d80fab.mp4
DJ情歌《昨夜的我又梦到了你》《心上的人儿你在哪》等,https://vdse.bdstatic.com//09b76fc9762763350288fb96047ec820.mp4
《给我一把爱情火》《无情风雨无情的你》《昨夜的我又梦到了你》,https://vdse.bdstatic.com//63a770491e7bae0ebe661452c27eaf33.mp4
林翠萍《麦搁来这套》,https://vdse.bdstatic.com//5b388a47b1233105831e09b8cadc1edd.mp4
刀郎经典老歌合集《披着羊皮的狼》《西海情歌》《冲动的惩罚》,https://vdse.bdstatic.com//bfbb0871ed01eb3328497faae6a8531b.mp4
云朵、刀郎、孙露、张雨生等经典怀旧歌曲6首,https://vdse.bdstatic.com//fa0ed7ad8657cc4d13972c3d9aa5ddbf.mp4
《来生再去拥抱你》《梨花飞情人泪》《落雨的秋》《梦醉荷塘》,https://vdse.bdstatic.com//d5e3237c7ef186217ea1c9b24d58e2ae.mp4
宇宁《千里江山（大型纪录片《紫禁城》主题歌,https://vdse.bdstatic.com//688046e42c39cf6585106f945e2798e7.mov
2021伤感洗脑神曲,https://vdse.bdstatic.com//8ad29ca92a901b9992431cf0c5266101.mp4
苍天不负有情人,https://vd3.bdstatic.com/mda-jm5iqyuj8bapffdb/hd/mda-jm5iqyuj8bapffdb.mp4
4k车载劲爆,https://vd2.bdstatic.com/mda-ncg1mhvhiy7fkgzs/sc/cae_h264_delogo/1647481028509277070/mda-ncg1mhvhiy7fkgzs.mp4
经典dj《站台》,https://vd2.bdstatic.com/mda-mju7bud6vwuub0nq/hd/cae_h264_nowatermark/1635484907845663119/mda-mju7bud6vwuub0nq.mp4
东南西北风DJ,https://vd2.bdstatic.com/mda-ncnfhdbt5mucyi3w/cae_h264_delogo/1648033513910900148/mda-ncnfhdbt5mucyi3w.mp4
2022伤感DJ串烧dj,https://vd2.bdstatic.com/mda-ncm68fx91zybkka3/cae_h264_delogo/1647925011440022023/mda-ncm68fx91zybkka3.mp4
还没有爱够DJ,https://vd3.bdstatic.com/mda-ncjgwmv1u85an74x/cae_h264_delogo/1647781725809492842/mda-ncjgwmv1u85an74x.mp4
打工辛酸泪DJ2首,https://vd4.bdstatic.com/mda-na5fafrtbvvf5wib/hd/cae_h264_delogo/1641996387070390433/mda-na5fafrtbvvf5wib.mp4
都是兄弟DJ,https://vd2.bdstatic.com/mda-nad5ctdnq3w1zssn/hd/cae_h264_delogo/1642142912024126404/mda-nad5ctdnq3w1zssn.mp4
只能拼自己DJ人不可貌相,https://vd4.bdstatic.com/mda-mmw9fee0n7gtsu2k/480p/h264/1640932948187120706/mda-mmw9fee0n7gtsu2k.mp4
dj新歌句句在理,https://vd4.bdstatic.com/mda-ncmb65kfdfysdq4g/sc/cae_h264_delogo/1647946141035592767/mda-ncmb65kfdfysdq4g.mp4
新歌上线7首,https://vd2.bdstatic.com/mda-nc4fkdejg6k892tp/720p/h264_delogo/1646478313883739193/mda-nc4fkdejg6k892tp.mp4
北方姑娘,https://vd3.bdstatic.com/mda-ncc6hbwdde59r16h/sc/cae_h264_delogo/1647146424330053026/mda-ncc6hbwdde59r16h.mp4
一生输给了爱情,https://vd2.bdstatic.com/mda-mkn4yr0d9ypy9wns/sc/cae_h264_delogo/1643224005214992888/mda-mkn4yr0d9ypy9wns.mp4
酒吧慢摇DJ舞曲,https://vd4.bdstatic.com/mda-ncm0qvdrfhujssxg/sc/cae_h264_delogo/1647910096911072273/mda-ncm0qvdrfhujssxg.mp4
这首新歌_一听就上瘾,https://vd4.bdstatic.com/mda-nckaxf6j35t5e3j4/sc/cae_h264_delogo/1647849433211786752/mda-nckaxf6j35t5e3j4.mp4
新歌上线_啥歌这么好听,https://vd4.bdstatic.com/mda-nce4pddwfdazhgrt/sc/cae_h264_delogo/1647315872347291980/mda-nce4pddwfdazhgrt.mp4
《女人的心声》,https://vd3.bdstatic.com/mda-ncmgnz6479fenq1w/hd/cae_h264_delogo/1647950253700208169/mda-ncmgnz6479fenq1w.mp4
负心的你,https://vd4.bdstatic.com:443/mda-mcbs0hpjpkpwethe/1080p/h264_cae/1620492489548087433/mda-mcbs0hpjpkpwethe.mp4
初恋的人,https://vd2.bdstatic.com:443/mda-mhwdgysnspnb1nnr/1080p/cae_h264/1630404398162757730/mda-mhwdgysnspnb1nnr.mp4
初恋情人,https://vd3.bdstatic.com:443/mda-me57bm308iu6stcz/1080p/cae_h264/1620279663855106642/mda-me57bm308iu6stcz.mp4
爱情一阵风,https://vd4.bdstatic.com:443/mda-mdkd7yybv4y505qa/1080p/h264_cae/1620480120114753589/mda-mdkd7yybv4y505qa.mp4
林翠萍-情网,https://vd4.bdstatic.com:443/mda-mipn4ccctdasgr2r/fhd/cae_h264_nowatermark/1632498915227563300/mda-mipn4ccctdasgr2r.mp4
爱情的骗子我问你,https://vd4.bdstatic.com:443/mda-me7emge7ku6b7g9h/1080p/cae_h264/1620470361962860122/mda-me7emge7ku6b7g9h.mp4
我用自己的方式爱你,http://vdown.kuwo.cn:80/resource/t1/46/26af4a23c9e04725bd1dc491b662f386.mp4
无奈的思绪,https://vd4.bdstatic.com:443/mda-kkbxxmr5nn2swgu6/sc/cae_h264_nowatermark/1605192499/mda-kkbxxmr5nn2swgu6.mp4
点燃一根烟,https://vd2.bdstatic.com:443/mda-mdapwdafpsiy63zu/1080p/h264_cae/1620614712517070219/mda-mdapwdafpsiy63zu.mp4
今生最美的遇见,https://vd4.bdstatic.com/mda-ncjf6j5xqwx35wxc/sc/cae_h264_delogo/1647774687601159968/mda-ncjf6j5xqwx35wxc.mp4
多彩的哈达,https://vd2.bdstatic.com/mda-nccdp2tcnwx6cpmn/sc/cae_h264_delogo/1647164915434344506/mda-nccdp2tcnwx6cpmn.mp4
陕北民间,https://vd4.bdstatic.com/mda-ncfk4vpkpbuhnu0s/720p_frame30/h264_cae_delogo/1647440102957240321/mda-ncfk4vpkpbuhnu0s.mp4
9首醉人的情歌,https://vd2.bdstatic.com/mda-nca3btr4bdxce5wj/sc/cae_h264_delogo/1647136483442128566/mda-nca3btr4bdxce5wj.mp4
韩宝仪《情人桥》,https://vd4.bdstatic.com/mda-jehka6exkt6va8id/sc/mda-jehka6exkt6va8id.mp4
韩宝仪无聊的游戏,https://vd2.bdstatic.com/mda-nb8j3b6sz77bdvk8/sc/cae_h264_delogo/1644413904258506067/mda-nb8j3b6sz77bdvk8.mp4
舞曲,https://txmov2.a.kwimgs.com/upic/2022/03/25/20/BMjAyMjAzMjUyMDUyNTZfMjM0NDc1MTE5N183MDQ0NzkzMTQxOV8wXzM=_b_B383b34c7a7c97f97b5350f622d8da0a6.mp4?tag=1-1648554367-std-1-puqq96jiry-1167f7fd60758f88&clientCacheKey=3x3qtumzyu5rh6w_b.mp4&tt=b&di=79c43beb&bp=12681
痴心是我犯的错,https://vd2.bdstatic.com/mda-ncpa1ziw0urtvsuy/720p/h264_delogo/1648105627756677310/mda-ncpa1ziw0urtvsuy.mp4
新歌,https://vd4.bdstatic.com/mda-ncg9dxe96d9039u2/sc/cae_h264_delogo/1647648778266965968/mda-ncg9dxe96d9039u2.mp4
《好听情歌8首》,https://vd4.bdstatic.com/mda-nca4dy51snpz9cnz/sc/cae_h264_delogo/1647144982589585207/mda-nca4dy51snpz9cnz.mp4
DJ新歌上线,https://vd3.bdstatic.com/mda-nckdkm6sj1p9q7c9/sc/cae_h264_delogo/1647859589943780399/mda-nckdkm6sj1p9q7c9.mp4
DJ酱爆鱿鱼舞曲版》,https://vd4.bdstatic.com/mda-ncidj3kqg98a7ent/360p/h264_delogo/1647683015061569002/mda-ncidj3kqg98a7ent.mp4
DJ给我一把爱情火,https://vd2.bdstatic.com/mda-ncg42rnzxats8h83/cae_h264_delogo/1647486932330653636/mda-ncg42rnzxats8h83.mp4
dj,https://txmov2.a.kwimgs.com/upic/2022/03/21/19/BMjAyMjAzMjExOTA2MjRfMjYyNzI4Mjc4MV83MDE2MTEwMjY1Ml8yXzM=_b_B977559109a6b2bec30b01e11d458d398.mp4
刀郎的西海情歌,https://vd2.bdstatic.com/mda-nctex3rji1v42a0w/sc/cae_h264_delogo/1648464135631429287/mda-nctex3rji1v42a0w.mp4
伤感DJ串烧为爱流泪,https://vd3.bdstatic.com/mda-nci8jqpzeyqkhdxe/720p/h264_delogo/1647670097763149460/mda-nci8jqpzeyqkhdxe.mp4
林翠萍的《我太傻》,https://vd2.bdstatic.com/mda-mb5qq1ic4yvekk6r/v2-hknm/sc/mda-mb5qq1ic4yvekk6r.mp4
伤心的眼泪,https://vd3.bdstatic.com/mda-ncn2c816zrf6u0im/sc/cae_h264_delogo/1648002300550722369/mda-ncn2c816zrf6u0im.mp4
《英雄泪》,https://vd3.bdstatic.com/mda-ncnp6tm56ngrxbis/360p/h264_delogo/1648055585617071282/mda-ncnp6tm56ngrxbis.mp4
2022几首DJ串烧,https://vd3.bdstatic.com/mda-nck3tqzgjvj076vc/sc/cae_h264_delogo/1647833645083560959/mda-nck3tqzgjvj076vc.mp4
胜利之舞Dj,https://www.iesdouyin.com/aweme/v1/playwm/?video_id=v0d00fg10000cv9rjm7og65g7nltudt0&ratio=720p&line=0
DJ老A-全粤语ProgHouse风格港风经典无心睡眠鼓串烧,http://tsmw.vvvdj.com/c1/2024/06/271622-610480/271622.m3u8
DJ老A-全粤语女Electro风格香港经典怀旧金曲精选串烧,http://tsmw.vvvdj.com/c1/2024/06/271517-19386d/271517.m3u8
Dj阿奇-全粤语Prog风格第一深情李小姐19岁生日Party私房串烧,http://tsmw.vvvdj.com/c1/2024/06/271404-1099a6/271404.m3u8
新兴DJ光头-全粤语Prog本人喜爱港台慢咚舒服节奏串烧,http://tsmw.vvvdj.com/c1/2024/06/271214-f44117/271214.m3u8
中山Dj梁仔-国粤语House抖音精心打造全网热播独家串烧,http://tsmw.vvvdj.com/c1/2024/06/271142-67cade/271142.m3u8
Dj建强-全粤语Club打造通体昌爷橙子代言人专用慢摇Hi串烧,http://tsmw.vvvdj.com/c1/2024/06/271096-6018b7/271096.m3u8
顺德DJLwei-全英文Electro音乐百听不厌APT经典金曲DJ串烧,https://mp4.djuu.com/c2/17/2025/78486efeb94e7f79.m4a
思南Dj禹豪-全英文Electro精选Right,https://mp4.djuu.com/c2/17/2024/048c01b9d4f5dc5b.m4a
gamgamDJ,https://www.iesdouyin.com/aweme/v1/playwm/?video_id=v0200fg10000cr8r23nog65mnbf3616g&ratio=720p&line=0
爱是一场梦DJ,https://www.iesdouyin.com/aweme/v1/playwm/?video_id=v0200fg10000csppmffog65uhi36ibtg&ratio=720p&line=0
上帝是女孩DJ,https://www.iesdouyin.com/aweme/v1/playwm/?video_id=v0200fg10000chhlaijc77u2jkqvf1h0&ratio=720p&line=0
拉拉爱英文版,https://www.iesdouyin.com/aweme/v1/playwm/?video_id=v1e00fgi0000cvaf6cnog65vestq92k0&ratio=720p&line=0
sound,https://www.iesdouyin.com/aweme/v1/playwm/?video_id=v0300fg10000cu8hr8fog65sbnn5265g&ratio=720p&line=0
by,https://www.iesdouyin.com/aweme/v1/playwm/?video_id=v0200fg10000cg6q69jc77u50fea8qog&ratio=720p&line=0
lonely,https://www.iesdouyin.com/aweme/v1/playwm/?video_id=v0300fg10000c34cmjq90k9n62f21tfg&ratio=720p&line=0
经典粤语DJ私人订制,https://www.iesdouyin.com/aweme/v1/playwm/?video_id=v0d00fg10000crdl34vog65v7e9of17g&ratio=720p&line=0
全粤语8090经典劲爆DJ,https://www.iesdouyin.com/aweme/v1/playwm/?video_id=v0200fg10000cnamtabc77u54nj2kh6g&ratio=720p&line=0
嘉俊-包房自制串烧DJ,https://www.iesdouyin.com/aweme/v1/playwm/?video_id=v0300fg10000cr0tlanog65thcno13c0&ratio=720p&line=0
粤语打碟现场串烧DJ,https://www.iesdouyin.com/aweme/v1/playwm/?video_id=v0d00fg10000crom7dnog65uq525ar4g&ratio=720p&line=0
Electro风格全粤语女声串烧DJ,https://www.iesdouyin.com/aweme/v1/playwm/?video_id=v1e00fgi0000ct65p5fog65r7qkgveu0&ratio=720p&line=0
全粤语Club风格汽车慢摇串烧DJ,http://www.iesdouyin.com/aweme/v1/playwm/?video_id=v0200fg10000cpp7b2nog65rhkqq6tpg
粤语伤感情歌嗨曲串烧DJ,https://www.iesdouyin.com/aweme/v1/playwm/?video_id=v0300fg10000cph1etnog65mpr23b990&ratio=720p&line=0
全粤语女声深情DJ串烧,https://www.iesdouyin.com/aweme/v1/playwm/?video_id=v0d00fg10000ctbb4kvog65q67op5tug&ratio=720p&line=0
流行中文DJ串烧,https://www.iesdouyin.com/aweme/v1/playwm/?video_id=v0200fg10000cqakmn7og65pve8rk7d0&ratio=720p&line=0
抖音热播流行DJ,https://www.iesdouyin.com/aweme/v1/playwm/?video_id=v0200fg10000cqkhcjvog65k2meivd0g&ratio=720p&line=0
海先生B001Dj串烧,https://www.iesdouyin.com/aweme/v1/playwm/?video_id=v0200fg10000cvg46evog65uaon0vs10&ratio=720p&line=0
海先生A114Dj串烧,https://www.iesdouyin.com/aweme/v1/playwm/?video_id=v0d00fg10000cotsco3c77ubt898nk8g&ratio=720p&line=0
全粤语女生伤感串烧DJ,https://www.iesdouyin.com/aweme/v1/playwm/?video_id=v0d00fg10000crkjoknog65vdlgt2p4g&ratio=720p&line=0
抖音中文串烧Dj,https://www.iesdouyin.com/aweme/v1/playwm/?video_id=v0d00fg10000cr3nbhvog65nr0vsg4b0&ratio=720p&line=0
粤语经典重温DJ,https://www.iesdouyin.com/aweme/v1/playwm/?video_id=v0d00fg10000cp06gijc77ue69pt0spg&ratio=720p&line=0
全粤语港台经典老歌DJ,https://www.iesdouyin.com/aweme/v1/playwm/?video_id=v0200fg10000cs5om8nog65vrmmn2g4g&ratio=720p&line=0
无言感激DJ,https://www.iesdouyin.com/aweme/v1/playwm/?video_id=v0200fg10000ctqjasfog65pch7akso0&ratio=720p&line=0
全粤语女声失恋治愈串烧,https://www.iesdouyin.com/aweme/v1/playwm/?video_id=v1e00fgi0000ct7hj5vog65n714a1fd0&ratio=720p&line=0
全英文洗脑神曲dj串烧,https://www.iesdouyin.com/aweme/v1/playwm/?video_id=v0300fg10000ctpdosvog65ofsrkov0g&ratio=720p&line=0
抖音流行DJ串烧,https://www.iesdouyin.com/aweme/v1/playwm/?video_id=v0300fg10000cppi1hvog65mc9vujp30&ratio=720p&line=0
精选粤语dj串烧,https://www.iesdouyin.com/aweme/v1/playwm/?video_id=v0300fg10000cpucv77og65tcsi9n2hg&ratio=720p&line=0
湛江Dj肥龙,http://tsmw.vvvdj.com/c1/2024/08/273354-641251/273354.m3u8
湛江Dj肥龙,http://tsmw.vvvdj.com/c1/2024/07/272941-5ded94/272941.m3u8
DJ国志-全粤语Club风格打造抖音热播仟仟专辑串烧,http://tsmw.vvvdj.com/c1/2024/08/273264-d50aff/273264.m3u8
Dj建强-全粤语Club风格打造流行情歌包房流行串烧,http://tsmw.vvvdj.com/c1/2024/08/273246-92557c/273246.m3u8
DJ汤米仔-全粤语Electro风格宝丽金经典靓女靓声好动听串烧,http://tsmw.vvvdj.com/c1/2024/07/272433-6ac544/272433.m3u8
DJ缢囝-全粤语Electro2k超正女声掂过碌蔗私用串烧,http://tsmw.vvvdj.com/c1/2024/07/272165-505e86/272165.m3u8
DJVinCent-全粤语Electro怀旧宝丽金老婆Eva车载必播串烧,http://tsmw.vvvdj.com/c1/2024/07/272035-8a7a60/272035.m3u8
六靖DJ刘波-全粤语Electro风格打造7月打螺丝自用慢摇串烧,http://tsmw.vvvdj.com/c1/2024/07/271988-348824/271988.m3u8
化州大嘴-全粤语Club包厢现场打碟抖音热播港台流行专辑DJ串烧,http://tsmw.vvvdj.com/c1/2024/07/271920-bd2df2/271920.m3u8
Dj黎龙-全粤语Club风格女声年轻不懂雨中的浪漫串烧,http://tsmw.vvvdj.com/c1/2024/06/271889-2f3e13/271889.m3u8
鹤山DJ花城-全粤语Electro风格爱不会消失只会转移串烧,http://tsmw.vvvdj.com/c1/2024/06/271878-c8b321/271878.m3u8
中山DJ祥仔-全粤语Electro风格送给华小姐不要在伤心串烧,http://tsmw.vvvdj.com/c1/2024/06/271687-f14401/271687.m3u8
女团,https://www.iesdouyin.com/aweme/v1/playwm/?video_id=v0200fg10000cics5f7og65l7400ilo0&ratio=720p&line=0&logo_name=aweme_search_suffix_nickname
女团画面,https://www.iesdouyin.com/aweme/v1/playwm/?video_id=v0300fg10000cf4up43c77uaf3l9q61g&ratio=720p&line=0&logo_name=aweme_search_suffix_nickname
女团1,https://www.iesdouyin.com/aweme/v1/playwm/?video_id=v0200f2e0000c168k29lbce321ps0e30&ratio=720p&line=0&logo_name=aweme_search_suffix_nickname
女团2,https://www.iesdouyin.com/aweme/v1/playwm/?video_id=v0300fg10000ckhor8rc77udh8cjbnng&ratio=720p&line=0&logo_name=aweme_search_suffix_nickname
女团3,https://www.iesdouyin.com/aweme/v1/playwm/?video_id=v0300fg10000chhtifrc77u4qbblddbg&ratio=720p&line=0&logo_name=aweme_search_suffix_nickname
女团4,https://www.iesdouyin.com/aweme/v1/playwm/?video_id=v0200fg10000cea4aobc77u40bs4m560&ratio=720p&line=0&logo_name=aweme_search_suffix_nickname
女团5,https://www.iesdouyin.com/aweme/v1/playwm/?video_id=v0200fg10000cdqa4ibc77u9qo3e6kcg&ratio=720p&line=0&logo_name=aweme_search_suffix_nickname
女团6,https://www.iesdouyin.com/aweme/v1/playwm/?video_id=v0200fg10000cdqdia3c77u6jef0lcj0&ratio=720p&line=0&logo_name=aweme_search_suffix_nickname
女团7,https://www.iesdouyin.com/aweme/v1/playwm/?video_id=v0300f7a0000bsb81c6cmo5cfurbeon0&ratio=720p&line=0&logo_name=aweme_search_suffix_nickname
女团8,https://www.iesdouyin.com/aweme/v1/playwm/?video_id=v0d00fg10000cjafrsbc77u9f174pvj0&ratio=720p&line=0&logo_name=aweme_search_suffix_nickname
女团9,https://www.iesdouyin.com/aweme/v1/playwm/?video_id=v0300fg10000cm7v513c77u7le7lkoqg&ratio=720p&line=0&logo_name=aweme_search_suffix_nickname
女团10,https://www.iesdouyin.com/aweme/v1/playwm/?video_id=v0200fg10000capcotrc77u4a2lm3j2g&ratio=720p&line=0&logo_name=aweme_search_suffix_nickname
女团11,https://www.iesdouyin.com/aweme/v1/playwm/?video_id=v0200fg10000cmog71bc77u0ct76qgu0&ratio=720p&line=0&logo_name=aweme_search_suffix_nickname
女团12,https://www.iesdouyin.com/aweme/v1/playwm/?video_id=v0d00fg10000ca70strc77u4d69n89t0&ratio=720p&line=0&logo_name=aweme_search_suffix_nickname
女团13,https://www.iesdouyin.com/aweme/v1/playwm/?video_id=v0d00fg10000cij3l0jc77u3icn4a5f0&ratio=720p&line=0&logo_name=aweme_search_suffix_nickname
女团14,https://www.iesdouyin.com/aweme/v1/playwm/?video_id=v0300fg10000c53lp4jc77ucg5itrtgg&ratio=720p&line=0&logo_name=aweme_search_suffix_nickname
女团15,https://www.iesdouyin.com/aweme/v1/playwm/?video_id=v0300f310000bqai155omciggqmbjs10&ratio=720p&line=0&logo_name=aweme_search_suffix_nickname
女团16,https://www.iesdouyin.com/aweme/v1/playwm/?video_id=v0200fg10000cagpgsbc77uaabt95s40&ratio=720p&line=0&logo_name=aweme_search_suffix_nickname
女团18,https://www.iesdouyin.com/aweme/v1/playwm/?video_id=v0200fg10000cea1cmjc77u6oags3i6g&ratio=720p&line=0&logo_name=aweme_search_suffix_nickname
女团19,https://www.iesdouyin.com/aweme/v1/playwm/?video_id=v0200fg10000cj574fjc77u6kmde8830&ratio=720p&line=0&logo_name=aweme_search_suffix_nickname
女团21,https://www.iesdouyin.com/aweme/v1/playwm/?video_id=v0200fg10000caiv8u3c77uclsl616i0&ratio=720p&line=0&logo_name=aweme_search_suffix_nickname
女团22,https://www.iesdouyin.com/aweme/v1/playwm/?video_id=v0200fg10000ch3vhqjc77u1uolbon1g&ratio=720p&line=0&logo_name=aweme_search_suffix_nickname
女团23,https://www.iesdouyin.com/aweme/v1/playwm/?video_id=v0200fg10000citu8rvog65k6lms6p9g&ratio=720p&line=0&logo_name=aweme_search_suffix_nickname
女团24,https://www.iesdouyin.com/aweme/v1/playwm/?video_id=v0300fg10000c45srlbc77u7un1eeoeg&ratio=720p&line=0&logo_name=aweme_search_suffix_nickname
女团26,https://www.iesdouyin.com/aweme/v1/playwm/?video_id=v0200fg10000cdfl5vrc77u84a2ndsog&ratio=720p&line=0&logo_name=aweme_search_suffix_nickname
鸟叔dadey,https://www.iesdouyin.com/aweme/v1/playwm/?video_id=v0d00fg10000cfqraijc77u7k67gk2n0&ratio=720p&line=0&logo_name=aweme_search_suffix_nickname
鸟叔江南style,https://www.iesdouyin.com/aweme/v1/playwm/?video_id=v0d00fg10000cfqqvubc77u1shdk2990&ratio=720p&line=0&logo_name=aweme_search_suffix_nickname
韩国女团01,https://cloud.video.taobao.com//play/u/57349687/p/1/e/6/t/1/239755956819.mp4
韩国女团02,https://cloud.video.taobao.com//play/u/57349687/p/1/e/6/t/1/240160716008.mp4
韩国女团03,https://cloud.video.taobao.com//play/u/57349687/p/1/e/6/t/1/240095359203.mp4
韩国女团04,https://cloud.video.taobao.com//play/u/57349687/p/1/e/6/t/1/239978750464.mp4
韩国女团05,https://cloud.video.taobao.com//play/u/57349687/p/1/e/6/t/1/239858729476.mp4
韩国女团06,https://cloud.video.taobao.com//play/u/57349687/p/1/e/6/t/1/239987758613.mp4
韩国女团08,https://cloud.video.taobao.com//play/u/57349687/p/1/e/6/t/1/239903717006.mp4
韩国女团09,https://cloud.video.taobao.com//play/u/57349687/p/1/e/6/t/1/239903321355.mp4
韩国女团10,https://cloud.video.taobao.com//play/u/57349687/p/1/e/6/t/1/239799872402.mp4
韩国女团11,https://cloud.video.taobao.com//play/u/57349687/p/1/e/6/t/1/239799088974.mp4
韩国女团12,https://cloud.video.taobao.com//play/u/57349687/p/1/e/6/t/1/240024786285.mp4
韩国女团13,https://cloud.video.taobao.com//play/u/57349687/p/1/e/6/t/1/240142715042.mp4
韩国女团14,https://cloud.video.taobao.com//play/u/57349687/p/1/e/6/t/1/240025046562.mp4
韩国女团15,https://cloud.video.taobao.com//play/u/57349687/p/1/e/6/t/1/240145171654.mp4
韩国女团16,https://cloud.video.taobao.com//play/u/57349687/p/1/e/6/t/1/240147051191.mp4
韩国女团17,https://cloud.video.taobao.com//play/u/57349687/p/1/e/6/t/1/239805200933.mp4
韩国女团18,https://cloud.video.taobao.com//play/u/57349687/p/1/e/6/t/1/239910253332.mp4
韩国女团19,https://cloud.video.taobao.com//play/u/57349687/p/1/e/6/t/1/239806164759.mp4
韩国女团20,https://cloud.video.taobao.com//play/u/57349687/p/1/e/6/t/1/239807872136.mp4
韩国女团21,https://cloud.video.taobao.com//play/u/57349687/p/1/e/6/t/1/240032526123.mp4
韩国女团22,https://cloud.video.taobao.com//play/u/57349687/p/1/e/6/t/1/240167997205.mp4
韩国女团23,https://cloud.video.taobao.com//play/u/57349687/p/1/e/6/t/1/240059400880.mp4
韩国女团24,https://cloud.video.taobao.com//play/u/57349687/p/1/e/6/t/1/240407847242.mp4
韩国女团25,https://cloud.video.taobao.com//play/u/57349687/p/1/e/6/t/1/240062596020.mp4
韩国女团26,https://cloud.video.taobao.com//play/u/57349687/p/1/e/6/t/1/240170661907.mp4
韩国女团27,https://cloud.video.taobao.com//play/u/57349687/p/1/e/6/t/1/240411259014.mp4
韩国女团28,https://cloud.video.taobao.com//play/u/57349687/p/1/e/6/t/1/240174309994.mp4
韩国女团29,https://cloud.video.taobao.com//play/u/57349687/p/1/e/6/t/1/240175225325.mp4
韩国女团30,https://cloud.video.taobao.com//play/u/57349687/p/1/e/6/t/1/240066736888.mp4
韩国女团31,https://cloud.video.taobao.com//play/u/57349687/p/1/e/6/t/1/240175161903.mp4
韩国女团32,https://cloud.video.taobao.com//play/u/57349687/p/1/e/6/t/1/240295526170.mp4
韩国女团33,https://cloud.video.taobao.com//play/u/57349687/p/1/e/6/t/1/240295818399.mp4
韩国女团34,https://cloud.video.taobao.com//play/u/57349687/p/1/e/6/t/1/240177321736.mp4
韩国女团35,https://cloud.video.taobao.com//play/u/57349687/p/1/e/6/t/1/240177941288.mp4
韩国女团36,https://cloud.video.taobao.com//play/u/57349687/p/1/e/6/t/1/240070652257.mp4
韩国女团37,https://cloud.video.taobao.com//play/u/57349687/p/1/e/6/t/1/240298266546.mp4
韩国女团38,https://cloud.video.taobao.com//play/u/57349687/p/1/e/6/t/1/240070884570.mp4
韩国女团39,https://cloud.video.taobao.com//play/u/57349687/p/1/e/6/t/1/240298694512.mp4
韩国女团40,https://cloud.video.taobao.com//play/u/57349687/p/1/e/6/t/1/240418087243.mp4
韩国女团41,https://cloud.video.taobao.com//play/u/57349687/p/1/e/6/t/1/240299394846.mp4
韩国女团42,https://cloud.video.taobao.com//play/u/57349687/p/1/e/6/t/1/240181409471.mp4
韩国女团43,https://cloud.video.taobao.com//play/u/57349687/p/1/e/6/t/1/240182993056.mp4
韩国女团44,https://cloud.video.taobao.com//play/u/57349687/p/1/e/6/t/1/240301854532.mp4
韩国女团45,https://cloud.video.taobao.com//play/u/57349687/p/1/e/6/t/1/240075164377.mp4
韩国女团46,https://cloud.video.taobao.com//play/u/57349687/p/1/e/6/t/1/240349762400.mp4
韩国女团47,https://cloud.video.taobao.com//play/u/57349687/p/1/e/6/t/1/240121912724.mp4
韩国女团48,https://cloud.video.taobao.com//play/u/57349687/p/1/e/6/t/1/240126480392.mp4
韩国女团49,https://cloud.video.taobao.com//play/u/57349687/p/1/e/6/t/1/240355262537.mp4
韩国女团50,https://cloud.video.taobao.com//play/u/57349687/p/1/e/6/t/1/240355734488.mp4
韩国女团51,https://cloud.video.taobao.com//play/u/57349687/p/1/e/6/t/1/240237453313.mp4
韩国女团52,https://cloud.video.taobao.com//play/u/57349687/p/1/e/6/t/1/240130092025.mp4
韩国女团53,https://cloud.video.taobao.com//play/u/57349687/p/1/e/6/t/1/240478207039.mp4
韩国女团54,https://cloud.video.taobao.com//play/u/57349687/p/1/e/6/t/1/240361330093.mp4
韩国女团55,https://cloud.video.taobao.com//play/u/57349687/p/1/e/6/t/1/240139316317.mp4
韩国女团56,https://cloud.video.taobao.com//play/u/57349687/p/1/e/6/t/1/240248465975.mp4
韩国女团57,https://cloud.video.taobao.com//play/u/57349687/p/1/e/6/t/1/240139720035.mp4
韩国女团58,https://cloud.video.taobao.com//play/u/57349687/p/1/e/6/t/1/240368550193.mp4
韩国女团59,https://cloud.video.taobao.com//play/u/57349687/p/1/e/6/t/1/240370230905.mp4
功夫,https://ukzy.ukubf4.com/20220407/j3bjFWpb/index.m3u8
国产凌凌漆,https://ukzy.ukubf4.com/20220330/CVILs5nr/index.m3u8
唐伯虎点秋香,https://ukzy.ukubf4.com/20220407/wnsgZzX9/index.m3u8
唐伯虎点秋香,https://v3.dious.cc/20220419/fgAtfUew/index.m3u8
逃学威龙2,https://alimov2.a.kwimgs.com/upic/2021/12/28/16/BMjAyMTEyMjgxNjUxMzhfNDAzMDAxOTlfNjM2ODQ1ODYxNzhfMF8z_b_Ba5bdfedb34d432e906dbc401975d5387.mp4
食神,https://ukzy.ukubf4.com/20220407/dtaM5NLB/index.m3u8
鹿鼎记2之神龙教,https://ukzy.ukubf4.com/20220404/gfSdtuvX/index.m3u8
咖喱辣椒,https://ukzy.ukubf4.com/20220407/2mftU655/index.m3u8
97家有喜事,https://ukzy.ukubf4.com/20220407/Ue4rNnif/index.m3u8
风雨同路,https://ukzy.ukubf4.com/20220408/cy7KQ4it/index.m3u8
风雨同路,https://v3.dious.cc/20220402/GquysVv9/index.m3u8
审死官,https://ukzy.ukubf4.com/20220407/OxgWrcNR/index.m3u8
望夫成龙,https://ukzy.ukubf4.com/20220407/jEakalqL/index.m3u8
霹雳先锋,https://ukzy.ukubf4.com/20220408/RUBcjzKq/index.m3u8
师兄撞鬼,https://ukzy.ukubf4.com/20220407/VEDHd72z/index.m3u8
小星星,https://resource-cdn.tuxiaobei.com/video/a8/6d/a86d08f2d34678c34fc14013f9a5653b.mp4
摇篮曲,https://resource-cdn.tuxiaobei.com/video/b0/2a/b02a4759b042faf57a8314a52fcb76e7.mp4
小白船,https://resource-cdn.tuxiaobei.com/video/01/0f/010f90d65bea7cfc5a2d45ff66cb8d99.mp4
亲爱的谢谢你,https://resource-cdn.tuxiaobei.com/video/ec/43/ec4389108ac315e9b56dbf332d89955f.mp4
宝贝乖乖睡,https://resource-cdn.tuxiaobei.com/video/eb/75/eb7594dfd9844509cf443ca1c31d2739.mp4
数星星,https://resource-cdn.tuxiaobei.com/video/da/05/da0589fe04be339c2a1220c1e922f159.mp4
星星的海洋,https://resource-cdn.tuxiaobei.com/video/0a/9b/0a9b8aa278927da35b98c0f4131ad2ea.mp4
亲亲小兔子,https://resource-cdn.tuxiaobei.com/video/32/2b/322bd4b981cf59f2b162816d81e3089b.mp4
晚安宝贝,https://resource-cdn.tuxiaobei.com/video/c4/70/c4708a2dac4cd26ebbe7459f490b98f5.mp4
小小姑娘,https://resource-cdn.tuxiaobei.com/video/08/45/0845c1f5c60a5cca192e402186e10e2d.mp4
虫儿飞,https://resource-cdn.tuxiaobei.com/video/d3/38/d338ff66f203edc8aae959717ff54a64.mp4
我是诚实的小孩,https://resource-cdn.tuxiaobei.com/video/e3/64/e3649cf858d6e035c528fb31813c0030.mp4
再爱我一次好不好,https://resource-cdn.tuxiaobei.com/video/51/25/512582be7595b76d37977d79cd437887.mp4
塔顶上的猫,https://resource-cdn.tuxiaobei.com/video/45/30/4530e7cd62c98bef9ce8d3542e74e36a.mp4
小龙人,https://resource-cdn.tuxiaobei.com/video/3e/17/3e179fc2e965bd5ce6cff9a311cf6f91.mp4
晶晶小品,http://43.138.170.29:35455/huya/11352938
笑傲,http://43.138.170.29:35455/huya/11352908
贾玲,http://43.138.170.29:35455/douyu/10419541
许君聪,http://43.138.170.29:35455/douyu/10419558
吉林娱乐,http://43.138.170.29:35455/douyu/9273031
欢乐小贩,http://43.138.170.29:35455/douyu/9403690
爱笑会议室,http://43.138.170.29:35455/douyu/9375430
辽宁春晚,http://43.138.170.29:35455/douyu/9403738
组团上春晚,http://43.138.170.29:35455/douyu/9406416
本山快乐营,http://43.138.170.29:35455/douyu/9374865
欢乐相伴,http://43.138.170.29:35455/douyu/9403781
娱乐,http://43.138.170.29:35455/douyu/9403712
小宝,http://43.138.170.29:35455/douyu/9817729
家庭欢乐秀,http://43.138.170.29:35455/huya/11352937
开心麻花,http://43.138.170.29:35455/douyu/10153463
小陈,http://43.138.170.29:35455/douyu/1486165
小品1,http://43.138.170.29:35455/huya/11352961
小品3,http://43.138.170.29:35455/huya/11352947
小米YU7,https://www.iesdouyin.com/aweme/v1/playwm/?video_id=v0200fg10000d0nrolvog65uva9acetg&ratio=720p&line=0
小米SU7 ultra,https://www.iesdouyin.com/aweme/v1/playwm/?video_id=v0300fg10000cv4jntnog65skq4ct860&ratio=720p&line=0
李嘉嘉-陪我过个冬,https://www.iesdouyin.com/aweme/v1/playwm/?video_id=v0300fg10000cu52vrnog65hk7oo3ni0&ratio=720p&line=0
朴彩英/APT,https://www.iesdouyin.com/aweme/v1/playwm/?video_id=v02f52g10003css23uiljht5d6b6mnq0&ratio=720p&line=0
街道办GDC/欧阳耀莹-春娇与志明,https://www.iesdouyin.com/aweme/v1/playwm/?video_id=v0200fg10000chcm34rc77u9287g2210&ratio=720p&line=0
handsome lau/HYPEEZY/冯泳-梦醒,https://www.iesdouyin.com/aweme/v1/playwm/?video_id=v0200fg10000c6jsnkbc77u71r5rs1ig&ratio=720p&line=0
Nevada,https://www.iesdouyin.com/aweme/v1/playwm/?video_id=v0300ff30000but4f2452a13sf6temog&ratio=720p&line=0
once upon a time,https://www.iesdouyin.com/aweme/v1/playwm/?video_id=v0200fg10000cumt1mfog65krksdg31g&ratio=720p&line=0
alone,https://www.iesdouyin.com/aweme/v1/playwm/?video_id=v0300f360000bupoprjphouv4f104kdg&ratio=720p&line=0
the spectre,https://www.iesdouyin.com/aweme/v1/playwm/?video_id=v0200fg10000ctv3ntnog65htc7dg9k0&ratio=720p&line=0
oao-wake,https://www.iesdouyin.com/aweme/v1/playwm/?video_id=v0d00fg10000cssap9fog65j9je20u7g&ratio=720p&line=0
wake,https://www.iesdouyin.com/aweme/v1/playwm/?video_id=v0d00fg10000cu3qlgvog65u1houq180&ratio=720p&line=0
baby,https://www.iesdouyin.com/aweme/v1/playwm/?video_id=v1e00fgi0000ctq63sfog65oesmmlnfg&ratio=720p&line=0
窒Suffocating,https://www.iesdouyin.com/aweme/v1/playwm/?video_id=v1e00fgi0000cugku9vog65immg30nmg&ratio=720p&line=0
时代进行曲,https://www.iesdouyin.com/aweme/v1/playwm/?video_id=v0200fg10000cujiftvog65jokluhvng&ratio=720p&line=0
that girl,https://www.iesdouyin.com/aweme/v1/playwm/?video_id=v0d00fg10000cvuhvk7og65lbjnumu8g&ratio=720p&line=0
stronger,https://www.iesdouyin.com/aweme/v1/playwm/?video_id=v1e00fgi0000ctl7v6fog65ustur117g&ratio=720p&line=0
because of you,https://www.iesdouyin.com/aweme/v1/playwm/?video_id=v0300fg10000cn5vg13c77u9kllf7rng&ratio=720p&line=0
Colbie Caillat-Try,https://www.iesdouyin.com/aweme/v1/playwm/?video_id=v0d00fg10000ckblmvrc77u7sbpm2vjg&ratio=720p&line=0
pink-try,https://www.iesdouyin.com/aweme/v1/playwm/?video_id=v0d00fg10000ctft5s7og65u0hdbnig0&ratio=720p&line=0
natural,https://www.iesdouyin.com/aweme/v1/playwm/?video_id=v0300fg10000caj6qnrc77u88k20m8jg&ratio=720p&line=0
rolling in the deep,https://www.iesdouyin.com/aweme/v1/playwm/?video_id=v1e00fgi0000ct11konog65sgjaem0n0&ratio=720p&line=0
apologize,https://www.iesdouyin.com/aweme/v1/playwm/?video_id=v0300f2b0000btoqjanm1ok3lil6c8f0&ratio=720p&line=0
salt,https://www.iesdouyin.com/aweme/v1/playwm/?video_id=v1e00fgi0000cstvnkfog65p72v2jrrg&ratio=720p&line=0b
hymn  for the weekend,https://www.iesdouyin.com/aweme/v1/playwm/?video_id=v0300f360000bv64mkrphouv4f2o1kpg&ratio=720p&line=0
see you again,https://www.iesdouyin.com/aweme/v1/playwm/?video_id=v0200f3e0000bt8c30sebj9j64kkop2g&ratio=720p&line=0
right nowm,https://www.iesdouyin.com/aweme/v1/playwm/?video_id=v0200f4e0000bs8n4m6fbk5pph8knf2g&ratio=720p&line=0
something just like this,https://www.iesdouyin.com/aweme/v1/playwm/?video_id=v0d00fg10000cs4hhsvog65kgk2fa28g&ratio=720p&line=0
umbrella,https://www.iesdouyin.com/aweme/v1/playwm/?video_id=v0300fg10000c75hnj3c77uboleql2vg&ratio=720p&line=0
legends never die,https://www.iesdouyin.com/aweme/v1/playwm/?video_id=v0300fff0000bujdacisocvbkm7qhtqg&ratio=720p&line=0
love the way you lie,https://www.iesdouyin.com/aweme/v1/playwm/?video_id=v0300fg10000csk8qsvog65nldrobpag&ratio=720p&line=0
lone Ranger,https://www.iesdouyin.com/aweme/v1/playwm/?video_id=v0200fg10000c67opt3c77u4kb9gjuu0&ratio=720p&line=0
insomnia,https://www.iesdouyin.com/aweme/v1/playwm/?video_id=v0200fg10000cmso8mjc77u3n6klkh40&ratio=720p&line=0
Victory,https://www.iesdouyin.com/aweme/v1/playwm/?video_id=v0200f310000bt8c32klftubd6erb6ig&ratio=720p&line=0
Star Sky,https://www.iesdouyin.com/aweme/v1/playwm/?video_id=v0300f9c0000bt8c32me4f98gqkmvu00&ratio=720p&line=0
shape of you,https://www.iesdouyin.com/aweme/v1/playwm/?video_id=v0200f060000bsvqd8hl43bkt6rc4sv0&ratio=720p&line=0
booty music,https://www.iesdouyin.com/aweme/v1/playwm/?video_id=v0d00fg10000crn1o6nog65mbsvrkdjg&ratio=720p&line=0
far away from home,https://www.iesdouyin.com/aweme/v1/playwm/?video_id=v0200fg10000ca1ttbrc77u57r2ktc0g&ratio=720p&line=0
move your body,https://www.iesdouyin.com/aweme/v1/playwm/?video_id=v0200fg10000clkl27bc77u100fn3qo0&ratio=720p&line=0
shots,https://www.iesdouyin.com/aweme/v1/playwm/?video_id=v1e00fgi0000ctqgk5vog65vl902jf8g&ratio=720p&line=0
love story,https://www.iesdouyin.com/aweme/v1/playwm/?video_id=v0200f410000buj6ial4q2a6rctrcdv0&ratio=720p&line=0
we don't talk anymore,https://www.iesdouyin.com/aweme/v1/playwm/?video_id=v0200fg10000cfb0e4bc77u38s842ah0&ratio=720p&line=0
call me maybe,https://www.iesdouyin.com/aweme/v1/playwm/?video_id=v0300fg10000csl040fog65p2l58uqdg&ratio=720p&line=0
the day you went away,https://www.iesdouyin.com/aweme/v1/playwm/?video_id=v0d00fg10000crchtlnog65ud12ifgd0&ratio=720p&line=0
bad romance,https://www.iesdouyin.com/aweme/v1/playwm/?video_id=v0200fg10000cv55iuvog65uhoogkirg&ratio=720p&line=0
the cure,https://www.iesdouyin.com/aweme/v1/playwm/?video_id=v0200fg10000ctc4cd7og65hrog41isg&ratio=720p&line=0
i want you to know,https://www.iesdouyin.com/aweme/v1/playwm/?video_id=v0200fg10000cvn75nnog65u3q261730&ratio=720p&line=0
Love You like a Love Song,https://www.iesdouyin.com/aweme/v1/playwm/?video_id=v0200fg10000cnbjh5rc77u8no9th78g&ratio=720p&line=0
wolves,https://www.iesdouyin.com/aweme/v1/playwm/?video_id=v0200f3e0000bt8c32cebj9j64kkp230&ratio=720p&line=0
Reality,https://www.iesdouyin.com/aweme/v1/playwm/?video_id=v0200fb00000bup46gpu718r2jkqr92g&ratio=720p&line=0
You Don't Know me,https://www.iesdouyin.com/aweme/v1/playwm/?video_id=v0200ffd0000bughtrht4rmmsdcm6fu0&ratio=720p&line=0
I do,https://www.iesdouyin.com/aweme/v1/playwm/?video_id=v0200f260000bu416dd6mgceo9a0ume0&ratio=720p&line=0
Free Loop,https://www.iesdouyin.com/aweme/v1/playwm/?video_id=v0200fd90000bu2n37d2kepoqmgibfng&ratio=720p&line=0
good time,https://www.iesdouyin.com/aweme/v1/playwm/?video_id=v0300f0e0000btpfugg6de4h3n78ccig&ratio=720p&line=0
Talking to the moon,https://www.iesdouyin.com/aweme/v1/playwm/?video_id=v0300f0e0000btktaso6de4h3n6m8mug&ratio=720p&line=0
That's Why You Go Away,https://www.iesdouyin.com/aweme/v1/playwm/?video_id=v0300f2b0000btjbvrnm1ok3likh5big&ratio=720p&line=0
Nothing's gonna change my love for you,https://www.iesdouyin.com/aweme/v1/playwm/?video_id=v0200f680000btisjnvh3f2dgbhasf6g&ratio=720p&line=0
Burning,https://www.iesdouyin.com/aweme/v1/playwm/?video_id=v0300f2b0000bti8l4nm1ok3like33ag&ratio=720p&line=0
My Love,https://www.iesdouyin.com/aweme/v1/playwm/?video_id=v0200f050000bt8c30ibn0fk5akcthh0&ratio=720p&line=0
fire,https://www.iesdouyin.com/aweme/v1/playwm/?video_id=v0300f7e0000bt9epjpk950m5pm5itog&ratio=720p&line=0
Cry On My Shoulder,https://www.iesdouyin.com/aweme/v1/playwm/?video_id=v0200f560000bt8c31an6tf9cl2gpmsg&ratio=720p&line=0
Dance Monkey,https://www.iesdouyin.com/aweme/v1/playwm/?video_id=v0200f310000bt8c334lftubd6erba3g&ratio=720p&line=0
春晚1984,http://txmov2.a.kwimgs.com/upic/2022/01/31/15/BMjAyMjAxMzExNTU5NTRfNDAzMDAxOTlfNjYyNzMyMzg3MTRfMF8z_b_B192356dadbc90d207ba16964d4c2914c.mp4
春晚1985,http://txmov2.a.kwimgs.com/upic/2022/01/31/16/BMjAyMjAxMzExNjAwMDFfNDAzMDAxOTlfNjYyNzMyNTAwMzJfMF8z_b_Be73c5abcbc0eeb2ec9fce6842e1362a4.mp4
春晚1987,https://txmov2.a.kwimgs.com/bs3/video-hls/5195746663405928031_hlsb.m3u8
春晚1988,https://txmov2.a.kwimgs.com/bs3/video-hls/5216575810935394655_hlsb.m3u8
春晚1989,http://txmov2.a.kwimgs.com/upic/2022/01/31/16/BMjAyMjAxMzExNjAwMTVfNDAzMDAxOTlfNjYyNzMyNzQ2OTlfMF8z_b_Be477b27b9ce655d2372df56a5a3d96ef.mp4
春晚1992,https://txmov2.a.kwimgs.com/bs3/video-hls/5256826755663896297_hlshd15.m3u8
春晚1998,https://txmov2.a.kwimgs.com/bs3/video-hls/5225864507896315430_hlshd15.m3u8
春晚2009,https://txmov2.a.kwimgs.com/bs3/video-hls/5210946337266019890_hlshd15.m3u8
春晚2020,http://txmov2.a.kwimgs.com/upic/2022/01/30/17/BMjAyMjAxMzAxNzA5NDdfNDAzMDAxOTlfNjYxNzQ2MDAyMTFfMF8z_b_B5d51d9564c5670dc66faeba20aa7af3f.mp4
春晚2021,http://txmov2.a.kwimgs.com/upic/2022/01/30/17/BMjAyMjAxMzAxNzE4NTJfNDAzMDAxOTlfNjYxNzUzOTg3NjlfMF8z_b_Be41d9503181d7b0608a839ed401e02c2.mp4
春晚2022,http://txmov2.a.kwimgs.com/upic/2022/02/01/11/BMjAyMjAyMDExMTEwMjNfNDAzMDAxOTlfNjYzNzA4MTk4NzNfMF8z_b_B898cc7ddd0025bf54ddb18ec1f723c84.mp4
春晚2023,https://txmov2.a.kwimgs.com/bs3/video-hls/5251197255879398624_hlshd15.m3u8
重温经典,http://111.221.137.155:44330/tsfile/live/1003_1.m3u8?key=txiptv
重温经典,http://push-rtmp-hs-spe-f5.douyincdn.com/live/awei_cwjd.flv
重温经典,http://php.jdshipin.com:8880/TVOD/iptv.php?id=cwjd
邵氏影院,http://zzy789.xyz/douyu1.php?id=4246519
经典电影轮播,rtmp://live.gxrb.com.cn/pull/red_movies_0501
苏州电影娱乐信息,https://live-auth.51kandianshi.com/szgd/csztv4.m3u8
冰冰影厅,http://zzy789.xyz/douyu1.php?id=74374
奇光剧场,http://zzy789.xyz/douyu1.php?id=11849873
奇光影院,http://zzy789.xyz/douyu1.php?id=8009547
奇光动漫剧场,http://3501776.xyz:35455/douyu/12560807
万马影视,https://isus.cc/php/huya.php?id=20588024
粤语电影,http://huanqiuzhibo.cn/manifest/douyu.php?id=1226741
金庸影院,http://zzy789.xyz/douyu1.php?id=9285904
台剧影院,http://zzy789.xyz/douyu1.php?id=7655471
奶虫影院,http://zzy789.xyz/douyu1.php?id=263824
刀刀影院,http://zzy789.xyz/douyu1.php?id=747764
橙记港剧,http://zzy789.xyz/douyu1.php?id=4549169
热门港剧,http://zzy789.xyz/douyu1.php?id=5522351
经典剧集,http://zzy789.xyz/douyu1.php?id=6863367
古剑奇谭,https://isus.cc/php/huya.php?id=23824164
魔幻手机1,http://dns.yiandrive.com:13571/huya/11352966
西游记,http://dns.yiandrive.com:13571/huya/26355861
POPC,http://fr-us7.jdiptv.cc/live/popc.m3u8
1905国内电影B,http://120.76.248.139/live/lunbo/ssdy.m3u8
星空音乐,http://iot-mqqt.111yao.cn:8080/live/diyp_channelv.m3u8
星空国际,http://iot-mqqt.111yao.cn:8080/live/diyp_starmovies.m3u8
凤凰电影,http://iot-mqqt.111yao.cn:8080/live/diyp_fhdy.m3u8
Y+剧场,http://hms3659nc3747353871.live.aikan.miguvideo.com/PLTV/88888888/224/3221230226/1.m3u8?tenantId=8601&accountinfo=~~V2.0~SSxnh2gPZaV_9wZMz86ofwc38bf04ecfc078f584095a9c6e91b9e1~3twbaBwUaqzfkJ5qW9C0gp1C11OJXhanim-P8XrfoHFX-jV3R0FL2wbo-VR8pOhzd5938d01ed8f640cebb709a281e7b1d3~ExtInfo9W1qynAo8QtSBzK-JlHBbQ3bb1f3410d135b117fdf58086980a86d:20240603131532:UTC
如东,http://rudong-tv-hls.cm.jstv.com/rudong-tv/rdxwzh.m3u8
搜狐剧场,https://hdl-vip-ws.qf.56.com/live/lc_11730.flv
阿果吉曲,http://mobi.kuwo.cn/tmevideo/tme1257695.mp4
烟雨人间,http://mobi.kuwo.cn/tmevideo/tme1257648.mp4
阿果吉曲,http://mobi.kuwo.cn/tmevideo/tme1257647.mp4
你的万水千山,http://mobi.kuwo.cn/tmevideo/tme1257697.mp4
人生如歌,http://mobi.kuwo.cn/tmevideo/tme1257678.mp4
孤独的王,http://mobi.kuwo.cn/tmevideo/tme1257703.mp4
作酒,http://mobi.kuwo.cn/tmevideo/tme16186338.mp4
逃之夭夭,http://mobi.kuwo.cn/tmevideo/tme12155598.mp4
两个世界,http://mobi.kuwo.cn/tmevideo/tme1932603.mp4
闽南语歌曲,http://mobi.kuwo.cn/tmevideo/tme12155588.mp4
阿衣莫,http://mobi.kuwo.cn/tmevideo/tme7020227.mp4
阿冗-你的答案,https://vdse.bdstatic.com/363480020aaa13240bbe51121d3e2a65.mp4?authorization=bce-auth-v1%2Ffb297a5cc0fb434c971b8fa103e8dd7b%2F2017-05-11T09%3A02%3A31Z%2F-1%2F
阿悠悠-你若三冬,https://vdse.bdstatic.com/865b4e81a729189fcafe910104151a75.mp4?authorization=bce-auth-v1%2Ffb297a5cc0fb434c971b8fa103e8dd7b%2F2017-05-11T09%3A02%3A31Z%2F-1%2F
蔡丽津月圆情,http://vd3.bdstatic.com/mda-jm53zq7k0b0kbxch/sc/mda-jm53zq7k0b0kbxch.mp4
草蜢-半点心,http://vodcdn.video.taobao.com/oss/ali-video/68fc953ff930412784dada5eb79d0821/1461058499/video.m3u8.m3u8
草蜢-宝贝对不起,http://bizcommon.alicdn.com/l2nDqpMmn6DGHnWzZQA/RQdMfitGKCINh4BPzc9%40%40sd.m3u8
草蜢-失恋阵线联盟,http://vodcdn.video.taobao.com/oss/ali-video/bbae2fc164d9517913ed5a9117f8455b/video.m3u8
草蜢-忘情森巴舞,http://vodcdn.video.taobao.com/oss/ali-video/a30020a6cd9ce2a8b387e029f9c5365c/video.m3u8
陈百潭-初恋,http://vd4.bdstatic.com/mda-jk22i7yt5vyjbgwt/hd/mda-jk22i7yt5vyjbgwt.mp4
陈慧娴-归来吧,http://vodcdn.video.taobao.com/oss/ali-video/c89589fd5809cf6e2f1a4d7a52023733/video.m3u8
陈慧娴-红茶馆,http://vodcdn.video.taobao.com/oss/ali-video/22ecb463b2e44875b1fa78090d0ffd4e/1460015776/video.m3u8.m3u8
陈慧娴-千千阙歌,http://vodcdn.video.taobao.com/oss/ali-video/8f45a35108ebe1b1951d2936007e3cd0/video.m3u8
陈慧娴-逝去的诺言,http://bizcommon.alicdn.com/l2nDqpMmn6DGHnWzZQA/i78cWdjCSglPJHDaedL%40%40ld.m3u8
陈柯宇-生僻字,http://vd2.bdstatic.com/mda-jb28qp6tauzkzpy9/hd/mda-jb28qp6tauzkzpy9.mp4
陈明真-为爱笑着流泪,http://vodcdn.video.taobao.com/oss/ali-video/4f31a4692aae0974dbc82a95d23339f4/video.m3u8
陈倩倩-婴儿,http://vodcdn.video.taobao.com/oss/ali-video/4fc8d043456c092c392483bd293d0ee3/video.m3u8
陈瑞-爱得真伤的深,http://antiserver.kuwo.cn/anti.s?rid=MUSIC_1218839&response=res&format=mp4&type=convert_url
陈瑞-爱的痕迹,http://antiserver.kuwo.cn/anti.s?rid=MUSIC_1218815&response=res&format=mp4&type=convert_url
陈瑞-别思,http://antiserver.kuwo.cn/anti.s?rid=MUSIC_3429064&response=res&format=mp4&type=convert_url
陈瑞-分手了别来打扰我,http://antiserver.kuwo.cn/anti.s?rid=MUSIC_5835684&response=res&format=mp4&type=convert_url
陈瑞-父亲,http://antiserver.kuwo.cn/anti.s?rid=MUSIC_4247454&response=res&format=mp4&type=convert_url
陈瑞-红尘永相伴,http://antiserver.kuwo.cn/anti.s?rid=MUSIC_506435&response=res&format=mp4&type=convert_url
陈瑞-三生三世,http://antiserver.kuwo.cn/anti.s?rid=MUSIC_6449820&response=res&format=mp4&type=convert_url
陈瑞-天长地久,http://antiserver.kuwo.cn/anti.s?rid=MUSIC_1583220&response=res&format=mp4&type=convert_url
陈瑞-心中的牵挂,http://antiserver.kuwo.cn/anti.s?rid=MUSIC_1583211&response=res&format=mp4&type=convert_url
陈瑞-一辈子的真爱,http://antiserver.kuwo.cn/anti.s?rid=MUSIC_28470656&response=res&format=mp4&type=convert_url
陈瑞-一生的等待,http://antiserver.kuwo.cn/anti.s?rid=MUSIC_1583215&response=res&format=mp4&type=convert_url
陈瑞-有谁知道我在等你,http://antiserver.kuwo.cn/anti.s?rid=MUSIC_1583218&response=res&format=mp4&type=convert_url
陈瑞-鱼和水的故事,http://antiserver.kuwo.cn/anti.s?rid=MUSIC_353501&response=res&format=mp4&type=convert_url
陈瑞-烛光里的妈妈,http://antiserver.kuwo.cn/anti.s?rid=MUSIC_1024266&response=res&format=mp4&type=convert_url
陈淑苹-黄昏之恋,http://vd4.bdstatic.com/mda-jk0m1rgje4eh01cw/hd/mda-jk0m1rgje4eh01cw.mp4
陈淑苹-离家,http://vd2.bdstatic.com/mda-iftyuk6tjcxrm53p/sc/mda-iftyuk6tjcxrm53p.mp4
凤凰传奇-策马奔腾,http://antiserver.kuwo.cn/anti.s?rid=MUSIC_24042013&response=res&format=mp4&type=convert_url
凤凰传奇-歌唱二小放牛郎,http://antiserver.kuwo.cn/anti.s?rid=MUSIC_8120530&response=res&format=mp4&type=convert_url
凤凰传奇-光芒,http://antiserver.kuwo.cn/anti.s?rid=MUSIC_24042019&response=res&format=mp4&type=convert_url
凤凰传奇-华夏传说,http://antiserver.kuwo.cn/anti.s?rid=MUSIC_40828850&response=res&format=mp4&type=convert_url
凤凰传奇-今生的缘,http://antiserver.kuwo.cn/anti.s?rid=MUSIC_646024&response=res&format=mp4&type=convert_url
凤凰传奇-奇迹世界,http://antiserver.kuwo.cn/anti.s?rid=MUSIC_954805&response=res&format=mp4&type=convert_url
凤凰传奇-温柔姑娘,http://antiserver.kuwo.cn/anti.s?rid=MUSIC_6401404&response=res&format=mp4&type=convert_url
凤凰传奇-御龙归字谣,http://antiserver.kuwo.cn/anti.s?rid=MUSIC_1164118&response=res&format=mp4&type=convert_url
凤凰传奇-中国味道,http://antiserver.kuwo.cn/anti.s?rid=MUSIC_24042021&response=res&format=mp4&type=convert_url
凤凰传奇-自由飞翔,http://antiserver.kuwo.cn/anti.s?rid=MUSIC_18747906&response=res&format=mp4&type=convert_url
凤凰传奇-自由自在,http://antiserver.kuwo.cn/anti.s?rid=MUSIC_24042025&response=res&format=mp4&type=convert_url
高胜美-千年等一回,http://vod.cctv.cn/cms/2019-04-22/CCTV15_2m_f7f7c988016a49c28034a4e6e8728116-25557_video_1-001.mp4
光良-第一次,http://vodcdn.video.taobao.com/oss/ali-video/fe68ff471420aaefcb3a7f4f413ad3f4/video.m3u8
胡杨林-香水有毒,http://vodcdn.video.taobao.com/oss/ali-video/180f9fcdb9e2b24d3b13a526fb90003e/video.m3u8
黄凯芹-相爱很难,http://vodcdn.video.taobao.com/oss/ali-video/11b6273898b6a1b1da34e646264cd036/video.m3u8
江蕙-梦中的情话,http://vd2.bdstatic.com/mda-ji4rwrwg7fijyqkh/mda-ji4rwrwg7fijyqkh.mp4
冷漠-不要再说你还爱我,http://antiserver.kuwo.cn/anti.s?rid=MUSIC_911272&response=res&format=mp4&type=convert_url
冷漠-古咖啡,http://antiserver.kuwo.cn/anti.s?rid=MUSIC_3142984&response=res&format=mp4&type=convert_url
冷漠-你把爱情给了谁,http://antiserver.kuwo.cn/anti.s?rid=MUSIC_1210771&response=res&format=mp4&type=convert_url
冷漠-谁都不要说分手,http://antiserver.kuwo.cn/anti.s?rid=MUSIC_12975393&response=res&format=mp4&type=convert_url
冷漠-时光海湾,http://antiserver.kuwo.cn/anti.s?rid=MUSIC_9867444&response=res&format=mp4&type=convert_url
冷漠-我是否也在你心中,http://antiserver.kuwo.cn/anti.s?rid=MUSIC_4378249&response=res&format=mp4&type=convert_url
冷漠-再爱也没有用,http://antiserver.kuwo.cn/anti.s?rid=MUSIC_5834217&response=res&format=mp4&type=convert_url
冷漠-真不是闹着玩,http://antiserver.kuwo.cn/anti.s?rid=MUSIC_22836669&response=res&format=mp4&type=convert_url
李圣杰-痴心绝对,http://vodcdn.video.taobao.com/oss/ali-video/f2b27944f9960f3dbb2c6dd6c4679747/video.m3u8
李翊君-多情人都把灵魂给了谁,http://bizcommon.alicdn.com/l2nDqpMmn6DGHnWzZQA/o1koj80kDcERprb8epC%40%40hd.m3u8
李翊君-诺言,http://vodcdn.video.taobao.com/oss/ali-video/b8096cd4762369bbcb4ceb52cc25a938/video.m3u8
梁静茹-问,http://vodcdn.video.taobao.com/oss/ali-video/b2a2adf565e97d00d1bd6d62145184d1/video.m3u8
刘清沨-曾经拥有的那些年,http://em.21dtv.com/songs/60110036.mkv
罗时丰-爱那么痛,http://vd2.bdstatic.com/mda-jcrjbhmgprhs00c4/sc/mda-jcrjbhmgprhs00c4.mp4
罗时丰-爱情的路,http://vd4.bdstatic.com/mda-jcrjcp1wy5q2i00n/sc/mda-jcrjcp1wy5q2i00n.mp4
罗时丰-无情之梦,http://vd2.bdstatic.com/mda-je1jq1hvgmab08gd/sc/mda-je1jq1hvgmab08gd.mp4
罗时丰-心事,http://vd2.bdstatic.com/mda-jaadiz1rwrtrj7kw/sc/mda-jaadiz1rwrtrj7kw.mp4
吕方-朋友别哭,http://bizcommon.alicdn.com/l2nDqpMmn6DGHnWzZQA/qgljCDKewD8vEgOMrrt%40%40sd.m3u8
马健淘-杀阡陌,https://vdse.bdstatic.com/17014878933308f5eb81b2a9d98783d8.mp4?authorization=bce-auth-v1%2Ffb297a5cc0fb434c971b8fa103e8dd7b%2F2017-05-11T09%3A02%3A31Z%2F-1%2F
孟庭苇-爱你太深,http://bizcommon.alicdn.com/l2nDqpMmn6DGHnWzZQA/KbJb4OVT1yH1ZDvri5p%40%40hd.m3u8
孟庭苇-把思念寄托远方,http://bizcommon.alicdn.com/l2nDqpMmn6DGHnWzZQA/Y0iKpwmE2YZona6PY7A%40%40hd.m3u8
孟庭苇-不下雨就出太阳吧,http://bizcommon.alicdn.com/l2nDqpMmn6DGHnWzZQA/lhaW77A2RRwiJrh0CiJ%40%40hd.m3u8
孟庭苇-春雪,http://bizcommon.alicdn.com/l2nDqpMmn6DGHnWzZQA/5ZFrpzPk37KvY7CaTUj%40%40hd.m3u8
孟庭苇-冬季到台北来看雨,http://bizcommon.alicdn.com/l2nDqpMmn6DGHnWzZQA/Pd8qTC385qKJVXaXcKj%40%40hd.m3u8
孟庭苇-风里的梦,http://vodcdn.video.taobao.com/oss/ali-video/626e2336b5e9765e14ba22a617fd6223/video.m3u8
孟庭苇-风中有朵雨做的云,http://bizcommon.alicdn.com/l2nDqpMmn6DGHnWzZQA/Cg9qI5imMInpPvK5Mnm%40%40hd.m3u8
孟庭苇-过冬,http://bizcommon.alicdn.com/l2nDqpMmn6DGHnWzZQA/U9QKnKK2RpKMElnSS07%40%40hd.m3u8
孟庭苇-谁的眼泪在飞,http://vodcdn.video.taobao.com/oss/ali-video/bfcfddb1694a43957962294c2f75bdfb/video.m3u8
孟庭苇-我说的谎都是真的,http://bizcommon.alicdn.com/l2nDqpMmn6DGHnWzZQA/9aqTcUjlJ7KZkA37W1E%40%40hd.m3u8
孟庭苇-雾里看花,http://bizcommon.alicdn.com/l2nDqpMmn6DGHnWzZQA/fi3PjAgsnTjwzAvSboT%40%40hd.m3u8
孟庭苇-相爱的可能性,http://bizcommon.alicdn.com/l2nDqpMmn6DGHnWzZQA/5lsxCqoKs6ZE7MfJZvM%40%40hd.m3u8
孟庭苇-一个爱上浪漫的人,http://bizcommon.alicdn.com/l2nDqpMmn6DGHnWzZQA/DpBYbctgwaRj7bEYzFn%40%40hd.m3u8
孟庭苇-真的还是假的,http://bizcommon.alicdn.com/l2nDqpMmn6DGHnWzZQA/vhJvCIZiDOz7f6VTCON%40%40hd.m3u8
摩登兄弟-探清水河,http://vd2.bdstatic.com/mda-jg6dffnbt92877h0/sc/mda-jg6dffnbt92877h0.mp4
彭佳慧-回味,http://vodcdn.video.taobao.com/oss/ali-video/6801f707771eacdb5264f8bb20e4d599/video.m3u8
裘正海-爱我的人和我爱的人,http://bizcommon.alicdn.com/l2nDqpMmn6DGHnWzZQA/9Nbjzo7cialBKOcZ0fj%40%40hd.m3u8
任齐贤-心太软,http://vodcdn.video.taobao.com/oss/ali-video/1675208d8b5f0f0d8ce09236f4068dfe/video.m3u8
如梦令,https://vdse.bdstatic.com/20e606730cb53b91bd4a4d2b0323e563.mp4?authorization=bce-auth-v1%2Ffb297a5cc0fb434c971b8fa103e8dd7b%2F2017-05-11T09%3A02%3A31Z%2F-1%2F
邰正宵-999朵玫瑰,http://vod.cctv.cn/cms/2018-11-15/CCTV15_2m_cd005a3728b44a8ba29fd528b967415a-19259_video_1-001.mp4
邰正宵-千纸鹤,http://vod.cctv.cn/cms/2018-09-25/CCTV15_2m_20180925104217992-17354_video_1-001.mp4
汪小敏-倩女幽魂,http://vod.cctv.cn/cms/2018-10-29/CCTV15_2m_1f111d935a6c4c72bb045e26c4811f53-18334_video_1-001.mp4
王彩华-爱情的骗子我问你,http://vd4.bdstatic.com/mda-jm4h7v1isxwc660u/sc/mda-jm4h7v1isxwc660u.mp4
王菲-爱与痛的边缘,http://vodcdn.video.taobao.com/oss/ali-video/f5e79c70df75bdccf2714ed788764f58/video.m3u8
王菲-容易受伤的女人(国语),http://vodcdn.video.taobao.com/oss/ali-video/84722d96b62883dafdcc154afbf0bb03/video.m3u8
王菲-执迷不悔,http://vodcdn.video.taobao.com/oss/ali-video/15bf7da88b44048edaabe73d6b17c00b/video.m3u8
王麟-伤不起,http://vodcdn.video.taobao.com/oss/ali-video/1e3633ff1c3a525e148968b45c18f780/video.m3u8
王心凌-我会好好的,http://vodcdn.video.taobao.com/oss/ali-video/8f327fd6bce61d0cf4159601a64b395b/video.m3u8
我愿意平凡的陪在你身旁,https://vdse.bdstatic.com/570e05ef514db00b14c9c10d1aef7f1f.mp4?authorization=bce-auth-v1%2Ffb297a5cc0fb434c971b8fa103e8dd7b%2F2017-05-11T09%3A02%3A31Z
巫启贤-只因你伤心,http://vodcdn.video.taobao.com/oss/ali-video/c28acbe36530da595b04161855bba004/video.m3u8
小凤凤爱情一阵风,http://vd2.bdstatic.com/mda-jjm7vgq1iahz0zpg/mda-jjm7vgq1iahz0zpg.mp4
辛晓琪-俩俩相忘,http://vodcdn.video.taobao.com/oss/ali-video/6b406c70e3007a5c66a2085c39b13d80/video.m3u8
许茹芸-如果云知道,http://vodcdn.video.taobao.com/oss/ali-video/fd87aea7bc293a5930b8a64c752df476/video.m3u8
许茹芸-我依然爱你,http://vodcdn.video.taobao.com/oss/ali-video/4c4ec12e6efa0d76e5a269ac05ea394e/video.m3u8
杨小壮-孤芳自赏,https://vdse.bdstatic.com//650fda26067e619a8632b173052b3a08.mp4?authorization=bce-auth-v1%2F40f207e648424f47b2e3dfbb1014b1a5%2F2020-01-31T14%3A25%3A59Z%2F-1%2Fhost
杨钰莹-等你一万年,http://vodcdn.video.taobao.com/oss/ali-video/e1e0b88e5c6d40d7176f353d41aac985/video.m3u8
杨钰莹-轻轻告诉你,http://vodcdn.video.taobao.com/oss/ali-video/1905c60363f40cea52f342ec59132da0/video.m3u8
叶倩文-我的爱对你说,http://bizcommon.alicdn.com/l2nDqpMmn6DGHnWzZQA/7xXG24i7EbZtCTOtSnh%40%40sd.m3u8
于文文-体面,https://vdse.bdstatic.com//f18bdf41f28b68a1b0177fa5e5cdf8fe.mp4?authorization=bce-auth-v1%2F40f207e648424f47b2e3dfbb1014b1a5%2F2020-01-31T14%3A25%3A29Z%2F-1%2Fhost
原版大鱼海棠,http://vd3.bdstatic.com/mda-jm9x2pw13gpb4d82/sc/mda-jm9x2pw13gpb4d82.mp4
张惠妹-别在伤口撒盐,http://vodcdn.video.taobao.com/oss/ali-video/5997fdd5c8b241b7b2995ae6da3bc8f8/1458294379/video.m3u8.m3u8
张杰-浮诛,https://vdse.bdstatic.com/1c2dc5580507bc1b0ef507c63b3fc461.mp4?authorization=bce-auth-v1%2Ffb297a5cc0fb434c971b8fa103e8dd7b%2F2017-05-11T09%3A02%3A31Z%2F-1%2F
张杰-就算没有如果,https://vdse.bdstatic.com//b362a1c2ecbc60b18d3dc06cdc97f142.mp4?authorization=bce-auth-v1%2F40f207e648424f47b2e3dfbb1014b1a5%2F2020-01-31T15%3A58%3A51Z%2F-
张秀卿车站,http://vd2.bdstatic.com/mda-jjmnjgiabtvmy13u/sc/mda-jjmnjgiabtvmy13u.mp4
张学友-只想一生跟你走,http://vodcdn.video.taobao.com/oss/ali-video/7f567e1159256a099f3de8f1fdda2db0/video.m3u8
赵丽颖/张碧晨-望,https://vdse.bdstatic.com/25f5ae931f851bf09c48abaebe5d6f8d.mp4?authorization=bce-auth-v1%2F40f207e648424f47b2e3dfbb1014b1a5%2F2017-05-11T09%3A02%3A31Z%2F-1%2F
只问你肯不肯,https://vdse.bdstatic.com/d4463cd83c0c47fba7ce65c71ad94bbb.mp4?authorization=bce-auth-v1%2Ffb297a5cc0fb434c971b8fa103e8dd7b%2F2017-05-11T09%3A02%3A31Z%2F-1%2F
纸短情长,https://vdse.bdstatic.com//e214194bf6de7f598b9873619b691fa6.mp4?authorization=bce-auth-v1%2F40f207e648424f47b2e3dfbb1014b1a5%2F2020-01-31T13%3A26%3A53Z%2F-1%2Fhost
周华健-风雨无阻,http://vodcdn.video.taobao.com/oss/ali-video/8d77795bdc63d87125ba47f993e0bfb4/video.m3u8
卓依婷-爱拼才会赢,http://vd3.bdstatic.com/mda-jfreugw1pcza8xr1/mda-jfreugw1pcza8xr1.mp4?playlist=%5B%22hd%22%2C%22sc%22%5D
卓依婷-爱情一阵风,http://vd3.bdstatic.com/mda-jf5fre7jvd0q3rfu/mda-jf5fre7jvd0q3rfu.mp4?playlist=%5B%22hd%22%2C%22sc%22%5D
卓依婷-采红菱,http://vd3.bdstatic.com/mda-jfdvpsg280t986rz/mda-jfdvpsg280t986rz.mp4?playlist=%5B%22hd%22%2C%22sc%22%5D
卓依婷-大家一起来DJ,http://vd3.bdstatic.com/mda-jf1jfkgj3qte7h96/mda-jf1jfkgj3qte7h96.mp4?playlist=%5B%22hd%22%2C%22sc%22%5D
卓依婷-歹路不通行,http://vd3.bdstatic.com/mda-imigfktdeeseud4j/mda-imigfktdeeseud4j.mp4?playlist=%5B%22hd%22%2C%22sc%22%5D
卓依婷-电话情思,http://vd3.bdstatic.com/mda-jfghscj8datutink/mda-jfghscj8datutink.mp4?playlist=%5B%22hd%22%2C%22sc%22%5D
卓依婷-东南西北风,http://vd3.bdstatic.com/mda-jf9fszd51shymgp6/mda-jf9fszd51shymgp6.mp4?playlist=%5B%22hd%22%2C%22sc%22%5D
卓依婷-杜十娘,http://vd3.bdstatic.com/mda-jekst5s3c341xwyd/mda-jekst5s3c341xwyd.mp4?playlist=%5B%22hd%22%2C%22sc%22%5D
卓依婷-橄榄树,http://vd3.bdstatic.com/mda-jfagwdhxb30ymr13/mda-jfagwdhxb30ymr13.mp4?playlist=%5B%22hd%22%2C%22sc%22%5D
卓依婷-旧情也绵绵,http://vd3.bdstatic.com/mda-jfje0s0z33b0c9vf/mda-jfje0s0z33b0c9vf.mp4?playlist=%5B%22hd%22%2C%22sc%22%5D
卓依婷-看不见温柔,http://vd3.bdstatic.com/mda-jeqg6s6gc0ietmst/mda-jeqg6s6gc0ietmst.mp4?playlist=%5B%22hd%22%2C%22sc%22%5D
卓依婷-流星雨,http://vd3.bdstatic.com/mda-jfap39wqmi2yisu6/mda-jfap39wqmi2yisu6.mp4?playlist=%5B%22hd%22%2C%22sc%22%5D
卓依婷-鲁冰花,http://vd3.bdstatic.com/mda-jf8fbjprnf1fvpxm/mda-jf8fbjprnf1fvpxm.mp4?playlist=%5B%22hd%22%2C%22sc%22%5D
卓依婷-美酒加咖啡,http://vd3.bdstatic.com/mda-jfrred8ck6pnh6bq/mda-jfrred8ck6pnh6bq.mp4?playlist=%5B%22hd%22%2C%22sc%22%5D
卓依婷-梦醒十分,http://vd3.bdstatic.com/mda-jennyc5ci1ugrxzi/mda-jennyc5ci1ugrxzi.mp4?playlist=%5B%22hd%22%2C%22sc%22%5D
卓依婷-免失志,http://vd3.bdstatic.com/mda-jdngvdh4ru0irwma/mda-jdngvdh4ru0irwma.mp4?playlist=%5B%22hd%22%2C%22sc%22%5D
卓依婷-莫辜负好时光,http://vd3.bdstatic.com/mda-jfkkh6m5u47trvqc/mda-jfkkh6m5u47trvqc.mp4?playlist=%5B%22hd%22%2C%22sc%22%5D
卓依婷-萍聚,http://vd3.bdstatic.com/mda-jenmbx88uk365k40/mda-jenmbx88uk365k40.mp4?playlist=%5B%22hd%22%2C%22sc%22%5D
卓依婷-山不转水转,http://vd3.bdstatic.com/mda-jb7pfvgc6wuivhqi/mda-jb7pfvgc6wuivhqi.mp4?playlist=%5B%22hd%22%2C%22sc%22%5D
卓依婷-同一首歌,http://vd3.bdstatic.com/mda-jf1j2af0dji6ju83/mda-jf1j2af0dji6ju83.mp4?playlist=%5B%22hd%22%2C%22sc%22%5D
卓依婷-蜗牛与黄鹂鸟,http://vd3.bdstatic.com/mda-jfjnacpfn6r21dec/mda-jfjnacpfn6r21dec.mp4?playlist=%5B%22hd%22%2C%22sc%22%5D
卓依婷-无聊的爱情,http://vd3.bdstatic.com/mda-jfkhu7bksxcqjq2z/mda-jfkhu7bksxcqjq2z.mp4?playlist=%5B%22hd%22%2C%22sc%22%5D
卓依婷-无情的班机,http://vd3.bdstatic.com/mda-jeqjsqimdzvytgvv/mda-jeqjsqimdzvytgvv.mp4?playlist=%5B%22hd%22%2C%22sc%22%5D
卓依婷-无言的结局,http://vd3.bdstatic.com/mda-jenpdiydc7kez9ze/mda-jenpdiydc7kez9ze.mp4?playlist=%5B%22hd%22%2C%22sc%22%5D
卓依婷-谢谢你的爱,http://vd3.bdstatic.com/mda-jf2fuh2yhd0txff0/mda-jf2fuh2yhd0txff0.mp4?playlist=%5B%22hd%22%2C%22sc%22%5D
卓依婷-心挂意无处用,http://vd3.bdstatic.com/mda-jfkgx7x5gki9xpgs/mda-jfkgx7x5gki9xpgs.mp4?playlist=%5B%22hd%22%2C%22sc%22%5D
卓依婷-夜来香,http://vd3.bdstatic.com/mda-jfai9k0sxf0nisvq/mda-jfai9k0sxf0nisvq.mp4?playlist=%5B%22hd%22%2C%22sc%22%5D
卓依婷-雨过天晴,http://vd3.bdstatic.com/mda-jfbggf264f55hv4m/mda-jfbggf264f55hv4m.mp4?playlist=%5B%22hd%22%2C%22sc%22%5D
卓依婷-捉泥鳅,http://vd3.bdstatic.com/mda-jf6k8v71hrs8s441/mda-jf6k8v71hrs8s441.mp4?playlist=%5B%22hd%22%2C%22sc%22%5D
醉千年李袁杰,http://vd3.bdstatic.com/mda-ihai9qt3yny3sx53/hd/mda-ihai9qt3yny3sx53.mp4?pd=19&vt=1
第一集,https://txmov2.a.kwimgs.com/bs3/video-hls/5222486782687309806_hlsb.m3u8
西游记I 第二集,https://txmov2.a.kwimgs.com/bs3/video-hls/5221923836211844606_hlsb.m3u8
西游记I 第三集,https://txmov2.a.kwimgs.com/bs3/video-hls/5189835687545858667_hlsb.m3u8
西游记I 第四集,https://txmov2.a.kwimgs.com/bs3/video-hls/5222205307782734748_hlsb.m3u8
西游记I 第五集,https://txmov2.a.kwimgs.com/bs3/video-hls/5197998463397799646_hlsb.m3u8
西游记I 第六集,https://txmov2.a.kwimgs.com/bs3/video-hls/5248382480897511687_hlsb.m3u8
西游记I 第七集,https://txmov2.a.kwimgs.com/bs3/video-hls/5255982306920155520_hlsb.m3u8
西游记I 第八集,https://txmov2.a.kwimgs.com/bs3/video-hls/5245004783362852874_hlsb.m3u8
西游记I 第九集,https://txmov2.a.kwimgs.com/bs3/video-hls/5188991261818113744_hlsb.m3u8
西游记I 第十集,https://txmov2.a.kwimgs.com/bs3/video-hls/5245286258564595605_hlsb.m3u8
西游记I 第十一集,https://txmov2.a.kwimgs.com/bs3/video-hls/5242190033819283686_hlsb.m3u8
西游记I 第十二集,https://txmov2.a.kwimgs.com/bs3/video-hls/5195465185500328899_hlsb.m3u8
西游记I 第十三集,https://txmov2.a.kwimgs.com/bs3/video-hls/5233182832465375578_hlsb.m3u8
西游记I 第十四集,https://txmov2.a.kwimgs.com/bs3/video-hls/5257952633664504505_hlsb.m3u8
西游记I 第十五集,https://txmov2.a.kwimgs.com/bs3/video-hls/5239093806671579134_hlsb.m3u8
西游记I 第十六集,https://txmov2.a.kwimgs.com/bs3/video-hls/5194339285053330625_hlsb.m3u8
西游记I 第十七集,https://txmov2.a.kwimgs.com/bs3/video-hls/5212353685308148894_hlsb.m3u8
西游记I 第十八集,https://txmov2.a.kwimgs.com/bs3/video-hls/5196028138193985933_hlsb.m3u8
西游记I 第十九集,https://txmov2.a.kwimgs.com/bs3/video-hls/5201657637211300344_hlsb.m3u8
西游记I 第二十集,https://txmov2.a.kwimgs.com/bs3/video-hls/5192368961005814924_hlsb.m3u8
西游记I 第二十一集,https://txmov2.a.kwimgs.com/bs3/video-hls/5234590208336898334_hlsb.m3u8
西游记I 第二十二集,https://txmov2.a.kwimgs.com/bs3/video-hls/5231212506629016061_hlsb.m3u8
西游记I 第二十三集,https://txmov2.a.kwimgs.com/bs3/video-hls/5201094684845468508_hlsb.m3u8
西游记I 第二十四集,https://txmov2.a.kwimgs.com/bs3/video-hls/5245567730520243844_hlsb.m3u8
西游记I 第二十五集,https://txmov2.a.kwimgs.com/bs3/video-hls/5215168436118306105_hlsb.m3u8
第一集,https://c1.rrcdnbf3.com/video/xiyoujixuji/第01集/index.m3u8
第二集,https://c1.rrcdnbf3.com/video/xiyoujixuji/第02集/index.m3u8
第三集,https://c1.rrcdnbf3.com/video/xiyoujixuji/第03集/index.m3u8
第四集,https://c1.rrcdnbf3.com/video/xiyoujixuji/第04集/index.m3u8
第五集,https://c1.rrcdnbf3.com/video/xiyoujixuji/第05集/index.m3u8
第六集,https://c1.rrcdnbf3.com/video/xiyoujixuji/第06集/index.m3u8
第七集,https://c1.rrcdnbf3.com/video/xiyoujixuji/第07集/index.m3u8
第八集,https://c1.rrcdnbf3.com/video/xiyoujixuji/第08集/index.m3u8
第九集,https://c1.rrcdnbf3.com/video/xiyoujixuji/第09集/index.m3u8
第十集,https://c1.rrcdnbf3.com/video/xiyoujixuji/第10集/index.m3u8
第十一集,https://c1.rrcdnbf3.com/video/xiyoujixuji/第11集/index.m3u8
第十二集,https://c1.rrcdnbf3.com/video/xiyoujixuji/第12集/index.m3u8
第十三集,https://c1.rrcdnbf3.com/video/xiyoujixuji/第13集/index.m3u8
第十四集,https://c1.rrcdnbf3.com/video/xiyoujixuji/第14集/index.m3u8
第十五集,https://c1.rrcdnbf3.com/video/xiyoujixuji/第15集/index.m3u8
第十六集,https://c1.rrcdnbf3.com/video/xiyoujixuji/第16集/index.m3u8
第一集,https://c1.rrcdnbf5.com/video/xiyoujihouchuan/第01集/index.m3u8
第二集,https://c1.rrcdnbf5.com/video/xiyoujihouchuan/第02集/index.m3u8
第三集,https://c1.rrcdnbf5.com/video/xiyoujihouchuan/第03集/index.m3u8
第四集,https://c1.rrcdnbf5.com/video/xiyoujihouchuan/第04集/index.m3u8
第五集,https://c1.rrcdnbf5.com/video/xiyoujihouchuan/第05集/index.m3u8
第六集,https://c1.rrcdnbf5.com/video/xiyoujihouchuan/第06集/index.m3u8
第七集,https://c1.rrcdnbf5.com/video/xiyoujihouchuan/第07集/index.m3u8
第八集,https://c1.rrcdnbf5.com/video/xiyoujihouchuan/第08集/index.m3u8
第九集,https://c1.rrcdnbf5.com/video/xiyoujihouchuan/第09集/index.m3u8
第十集,https://c1.rrcdnbf5.com/video/xiyoujihouchuan/第10集/index.m3u8
第十一集,https://c1.rrcdnbf5.com/video/xiyoujihouchuan/第11集/index.m3u8
第十二集,https://c1.rrcdnbf5.com/video/xiyoujihouchuan/第12集/index.m3u8
第十三集,https://c1.rrcdnbf5.com/video/xiyoujihouchuan/第13集/index.m3u8
第十四集,https://c1.rrcdnbf5.com/video/xiyoujihouchuan/第14集/index.m3u8
第十五集,https://c1.rrcdnbf5.com/video/xiyoujihouchuan/第15集/index.m3u8
第十六集,https://c1.rrcdnbf5.com/video/xiyoujihouchuan/第16集/index.m3u8
第十七集,https://c1.rrcdnbf5.com/video/xiyoujihouchuan/第17集/index.m3u8
第十八集,https://c1.rrcdnbf5.com/video/xiyoujihouchuan/第18集/index.m3u8
第十九集,https://c1.rrcdnbf5.com/video/xiyoujihouchuan/第19集/index.m3u8
第二十集,https://c1.rrcdnbf5.com/video/xiyoujihouchuan/第20集/index.m3u8
第二十一集,https://c1.rrcdnbf5.com/video/xiyoujihouchuan/第21集/index.m3u8
第二十二集,https://c1.rrcdnbf5.com/video/xiyoujihouchuan/第22集/index.m3u8
第二十三集,https://c1.rrcdnbf5.com/video/xiyoujihouchuan/第23集/index.m3u8
第二十四集,https://c1.rrcdnbf5.com/video/xiyoujihouchuan/第24集/index.m3u8
第二十五集,https://c1.rrcdnbf5.com/video/xiyoujihouchuan/第25集/index.m3u8
第二十六集,https://c1.rrcdnbf5.com/video/xiyoujihouchuan/第26集/index.m3u8
第二十七集,https://c1.rrcdnbf5.com/video/xiyoujihouchuan/第27集/index.m3u8
第二十八集,https://c1.rrcdnbf5.com/video/xiyoujihouchuan/第28集/index.m3u8
第二十九集,https://c1.rrcdnbf5.com/video/xiyoujihouchuan/第29集/index.m3u8
第三十集,https://c1.rrcdnbf5.com/video/xiyoujihouchuan/第30集/index.m3u8
三国演义 第01集,https://vip.lz-cdn6.com/20220821/23321_52c53b68/1000k/hls/mixed.m3u8
三国演义 第02集,https://vip.lz-cdn6.com/20220821/23322_6fbf3eda/1000k/hls/mixed.m3u8
三国演义 第03集,https://vip.lz-cdn6.com/20220821/23323_66ade890/1000k/hls/mixed.m3u8
三国演义 第04集,https://vip.lz-cdn6.com/20220821/23324_340d36b1/1000k/hls/mixed.m3u8
三国演义 第05集,https://vip.lz-cdn6.com/20220821/23325_5f5f4138/1000k/hls/mixed.m3u8
三国演义 第06集,https://vip.lz-cdn6.com/20220821/23326_44505a63/1000k/hls/mixed.m3u8
三国演义 第07集,https://vip.lz-cdn6.com/20220821/23327_367d6ae0/1000k/hls/mixed.m3u8
三国演义 第08集,https://vip.lz-cdn6.com/20220821/23328_3f514c2f/1000k/hls/mixed.m3u8
三国演义 第09集,https://vip.lz-cdn6.com/20220821/23329_f66e8501/1000k/hls/mixed.m3u8
三国演义 第10集,https://vip.lz-cdn6.com/20220821/23330_72051172/1000k/hls/mixed.m3u8
三国演义 第11集,https://vip.lz-cdn6.com/20220821/23331_63e75cff/1000k/hls/mixed.m3u8
三国演义 第12集,https://vip.lz-cdn6.com/20220821/23332_639ea65f/1000k/hls/mixed.m3u8
三国演义 第13集,https://vip.lz-cdn6.com/20220821/23333_4143fadc/1000k/hls/mixed.m3u8
三国演义 第14集,https://vip.lz-cdn6.com/20220821/23334_c97443ac/1000k/hls/mixed.m3u8
三国演义 第15集,https://vip.lz-cdn6.com/20220821/23335_c4040249/1000k/hls/mixed.m3u8
三国演义 第16集,https://vip.lz-cdn6.com/20220821/23336_5becaa7c/1000k/hls/mixed.m3u8
三国演义 第17集,https://vip.lz-cdn6.com/20220821/23337_972c3cf6/1000k/hls/mixed.m3u8
三国演义 第18集,https://vip.lz-cdn6.com/20220821/23338_e3032797/1000k/hls/mixed.m3u8
三国演义 第19集,https://vip.lz-cdn6.com/20220821/23339_9538d502/1000k/hls/mixed.m3u8
三国演义 第20集,https://vip.lz-cdn6.com/20220821/23340_7de82d33/1000k/hls/mixed.m3u8
三国演义 第21集,https://vip.lz-cdn6.com/20220821/23341_6b9137d0/1000k/hls/mixed.m3u8
三国演义 第22集,https://vip.lz-cdn6.com/20220821/23342_c7533e9f/1000k/hls/mixed.m3u8
三国演义 第23集,https://vip.lz-cdn6.com/20220821/23343_471e5137/1000k/hls/mixed.m3u8
三国演义 第24集,https://vip.lz-cdn6.com/20220821/23344_7ab106fb/1000k/hls/mixed.m3u8
三国演义 第25集,https://vip.lz-cdn6.com/20220821/23345_cdfec6ad/1000k/hls/mixed.m3u8
三国演义 第26集,https://vip.lz-cdn6.com/20220821/23346_8a4cb915/1000k/hls/mixed.m3u8
三国演义 第27集,https://vip.lz-cdn6.com/20220821/23347_9e19d416/1000k/hls/mixed.m3u8
三国演义 第28集,https://vip.lz-cdn6.com/20220821/23348_f47241ce/1000k/hls/mixed.m3u8
三国演义 第29集,https://vip.lz-cdn6.com/20220821/23349_6468251f/1000k/hls/mixed.m3u8
三国演义 第30集,https://vip.lz-cdn6.com/20220821/23350_b0dd4148/1000k/hls/mixed.m3u8
三国演义 第31集,https://vip.lz-cdn6.com/20220821/23351_4482ae94/1000k/hls/mixed.m3u8
三国演义 第32集,https://vip.lz-cdn6.com/20220821/23352_4b0893ae/1000k/hls/mixed.m3u8
三国演义 第33集,https://vip.lz-cdn6.com/20220821/23353_abd1f1df/1000k/hls/mixed.m3u8
三国演义 第34集,https://vip.lz-cdn6.com/20220821/23354_f3012540/1000k/hls/mixed.m3u8
三国演义 第35集,https://vip.lz-cdn6.com/20220821/23355_325973be/1000k/hls/mixed.m3u8
三国演义 第36集,https://vip.lz-cdn6.com/20220821/23356_108bab0c/1000k/hls/mixed.m3u8
三国演义 第37集,https://vip.lz-cdn6.com/20220821/23357_2d1e6e3e/1000k/hls/mixed.m3u8
三国演义 第38集,https://vip.lz-cdn6.com/20220821/23358_abd9b6c8/1000k/hls/mixed.m3u8
三国演义 第39集,https://vip.lz-cdn6.com/20220821/23359_31a740e2/1000k/hls/mixed.m3u8
三国演义 第40集,https://vip.lz-cdn6.com/20220821/23360_b4c7eaaf/1000k/hls/mixed.m3u8
三国演义 第41集,https://vip.lz-cdn6.com/20220821/23361_3cee2c97/1000k/hls/mixed.m3u8
三国演义 第42集,https://vip.lz-cdn6.com/20220821/23362_e271c1f0/1000k/hls/mixed.m3u8
三国演义 第43集,https://vip.lz-cdn6.com/20220821/23363_1d506e08/1000k/hls/mixed.m3u8
三国演义 第44集,https://vip.lz-cdn6.com/20220821/23364_ad064e58/1000k/hls/mixed.m3u8
三国演义 第45集,https://vip.lz-cdn6.com/20220821/23365_8ffe662d/1000k/hls/mixed.m3u8
三国演义 第46集,https://vip.lz-cdn6.com/20220821/23366_e8b61041/1000k/hls/mixed.m3u8
三国演义 第47集,https://vip.lz-cdn6.com/20220821/23367_dd51df94/1000k/hls/mixed.m3u8
三国演义 第48集,https://vip.lz-cdn6.com/20220821/23368_16662c67/1000k/hls/mixed.m3u8
三国演义 第49集,https://vip.lz-cdn6.com/20220821/23369_20de999c/1000k/hls/mixed.m3u8
三国演义 第50集,https://vip.lz-cdn6.com/20220821/23370_479028ff/1000k/hls/mixed.m3u8
三国演义 第51集,https://vip.lz-cdn6.com/20220821/23371_1499fdbc/1000k/hls/mixed.m3u8
三国演义 第52集,https://vip.lz-cdn6.com/20220821/23372_8222ff82/1000k/hls/mixed.m3u8
三国演义 第53集,https://vip.lz-cdn6.com/20220821/23373_3dbf0899/1000k/hls/mixed.m3u8
三国演义 第54集,https://vip.lz-cdn6.com/20220821/23374_138a0fe3/1000k/hls/mixed.m3u8
三国演义 第55集,https://vip.lz-cdn6.com/20220821/23375_841be7fd/1000k/hls/mixed.m3u8
三国演义 第56集,https://vip.lz-cdn6.com/20220821/23376_e72c3062/1000k/hls/mixed.m3u8
三国演义 第57集,https://vip.lz-cdn6.com/20220821/23377_9c0ba7ec/1000k/hls/mixed.m3u8
三国演义 第58集,https://vip.lz-cdn6.com/20220821/23378_d06f0645/1000k/hls/mixed.m3u8
三国演义 第59集,https://vip.lz-cdn6.com/20220821/23379_e7d99be1/1000k/hls/mixed.m3u8
三国演义 第60集,https://vip.lz-cdn6.com/20220821/23380_02bea9ff/1000k/hls/mixed.m3u8
三国演义 第61集,https://vip.lz-cdn6.com/20220821/23381_1550585a/1000k/hls/mixed.m3u8
三国演义 第62集,https://vip.lz-cdn6.com/20220821/23382_40b974b4/1000k/hls/mixed.m3u8
三国演义 第63集,https://vip.lz-cdn6.com/20220821/23383_c020cc1c/1000k/hls/mixed.m3u8
三国演义 第64集,https://vip.lz-cdn6.com/20220821/23384_3c1540af/1000k/hls/mixed.m3u8
三国演义 第65集,https://vip.lz-cdn6.com/20220821/23385_5b0157f2/1000k/hls/mixed.m3u8
三国演义 第66集,https://vip.lz-cdn6.com/20220821/23386_93bf312f/1000k/hls/mixed.m3u8
三国演义 第67集,https://vip.lz-cdn6.com/20220821/23387_34c02825/1000k/hls/mixed.m3u8
三国演义 第68集,https://vip.lz-cdn6.com/20220821/23388_c7afa8e9/1000k/hls/mixed.m3u8
三国演义 第69集,https://vip.lz-cdn6.com/20220821/23389_386e4778/1000k/hls/mixed.m3u8
三国演义 第70集,https://vip.lz-cdn6.com/20220821/23390_80ee6472/1000k/hls/mixed.m3u8
三国演义 第71集,https://vip.lz-cdn6.com/20220821/23391_63d153ed/1000k/hls/mixed.m3u8
三国演义 第72集,https://vip.lz-cdn6.com/20220821/23392_99047c5a/1000k/hls/mixed.m3u8
三国演义 第73集,https://vip.lz-cdn6.com/20220821/23393_7f449fb7/1000k/hls/mixed.m3u8
三国演义 第74集,https://vip.lz-cdn6.com/20220821/23394_50478683/1000k/hls/mixed.m3u8
三国演义 第75集,https://vip.lz-cdn6.com/20220821/23395_e457e305/1000k/hls/mixed.m3u8
三国演义 第76集,https://vip.lz-cdn6.com/20220821/23396_391ceca5/1000k/hls/mixed.m3u8
三国演义 第77集,https://vip.lz-cdn6.com/20220821/23397_4cab49ac/1000k/hls/mixed.m3u8
三国演义 第78集,https://vip.lz-cdn6.com/20220821/23398_78af5ed8/1000k/hls/mixed.m3u8
三国演义 第79集,https://vip.lz-cdn6.com/20220821/23399_cadbe2b9/1000k/hls/mixed.m3u8
三国演义 第80集,https://vip.lz-cdn6.com/20220821/23400_e6a65bb7/1000k/hls/mixed.m3u8
三国演义 第81集,https://vip.lz-cdn6.com/20220821/23401_d8f3896d/1000k/hls/mixed.m3u8
三国演义 第82集,https://vip.lz-cdn6.com/20220821/23402_90bbfa54/1000k/hls/mixed.m3u8
三国演义 第83集,https://vip.lz-cdn6.com/20220821/23403_8f057aac/1000k/hls/mixed.m3u8
三国演义 第84集,https://vip.lz-cdn6.com/20220821/23404_8d858871/1000k/hls/mixed.m3u8
红楼梦 第01集,https://v.cdnlz19.com/20240831/42404_29dad446/2000k/hls/mixed.m3u8
红楼梦 第02集,https://v.cdnlz19.com/20240831/42405_2fd82cec/2000k/hls/mixed.m3u8
红楼梦 第03集,https://v.cdnlz19.com/20240831/42406_ff76446f/2000k/hls/mixed.m3u8
红楼梦 第04集,https://v.cdnlz19.com/20240831/42408_747fe203/2000k/hls/mixed.m3u8
红楼梦 第05集,https://v.cdnlz19.com/20240831/42407_8cd33997/2000k/hls/mixed.m3u8
红楼梦 第06集,https://v.cdnlz19.com/20240831/42409_096baeef/2000k/hls/mixed.m3u8
红楼梦 第07集,https://v.cdnlz19.com/20240831/42410_79d59437/2000k/hls/mixed.m3u8
红楼梦 第08集,https://v.cdnlz19.com/20240831/42411_28770fd1/2000k/hls/mixed.m3u8
红楼梦 第09集,https://v.cdnlz19.com/20240831/42412_330cb0c7/2000k/hls/mixed.m3u8
红楼梦 第10集,https://v.cdnlz19.com/20240831/42413_96f44670/2000k/hls/mixed.m3u8
红楼梦 第11集,https://v.cdnlz19.com/20240831/42414_ed92d19a/2000k/hls/mixed.m3u8
红楼梦 第12集,https://v.cdnlz19.com/20240831/42415_c5f068ce/2000k/hls/mixed.m3u8
红楼梦 第13集,https://v.cdnlz19.com/20240831/42416_ecd13816/2000k/hls/mixed.m3u8
红楼梦 第14集,https://v.cdnlz19.com/20240831/42417_a0303d8a/2000k/hls/mixed.m3u8
红楼梦 第15集,https://v.cdnlz19.com/20240831/42418_b2471659/2000k/hls/mixed.m3u8
红楼梦 第16集,https://v.cdnlz19.com/20240831/42419_116bdeaa/2000k/hls/mixed.m3u8
红楼梦 第17集,https://v.cdnlz19.com/20240831/42420_0c7c0b25/2000k/hls/mixed.m3u8
红楼梦 第18集,https://v.cdnlz19.com/20240831/42421_8c497304/2000k/hls/mixed.m3u8
红楼梦 第19集,https://v.cdnlz19.com/20240831/42422_43919f2c/2000k/hls/mixed.m3u8
红楼梦 第20集,https://v.cdnlz19.com/20240901/42614_9c63459d/2000k/hls/mixed.m3u8
红楼梦 第21集,https://v.cdnlz19.com/20240901/42615_01968b31/2000k/hls/mixed.m3u8
红楼梦 第22集,https://v.cdnlz19.com/20240831/42423_80bf42b1/2000k/hls/mixed.m3u8
红楼梦 第23集,https://v.cdnlz19.com/20240831/42424_b6c974d6/2000k/hls/mixed.m3u8
红楼梦 第24集,https://v.cdnlz19.com/20240831/42425_572400b7/2000k/hls/mixed.m3u8
红楼梦 第25集,https://v.cdnlz19.com/20240831/42426_922b1307/2000k/hls/mixed.m3u8
红楼梦 第26集,https://v.cdnlz19.com/20240831/42427_23daf040/2000k/hls/mixed.m3u8
红楼梦 第27集,https://v.cdnlz19.com/20240831/42428_fa1d468e/2000k/hls/mixed.m3u8
红楼梦 第28集,https://v.cdnlz19.com/20240831/42429_558b52e8/2000k/hls/mixed.m3u8
红楼梦 第29集,https://v.cdnlz19.com/20240831/42430_5589a6fc/2000k/hls/mixed.m3u8
红楼梦 第30集,https://v.cdnlz19.com/20240831/42431_e3844368/2000k/hls/mixed.m3u8
红楼梦 第31集,https://v.cdnlz19.com/20240831/42432_e0003917/2000k/hls/mixed.m3u8
红楼梦 第32集,https://v.cdnlz19.com/20240831/42433_ed922c7e/2000k/hls/mixed.m3u8
红楼梦 第33集,https://v.cdnlz19.com/20240831/42434_ce2e7ee2/2000k/hls/mixed.m3u8
红楼梦 第34集,https://v.cdnlz19.com/20240831/42435_2f21c57d/2000k/hls/mixed.m3u8
红楼梦 第35集,https://v.cdnlz19.com/20240831/42436_4ddfe9bc/2000k/hls/mixed.m3u8
红楼梦 第36集,https://v.cdnlz19.com/20240831/42438_07404a40/2000k/hls/mixed.m3u8
水浒传 第01集,https://vip1.lz-cdn6.com/20220713/18378_be06c0e2/1000k/hls/mixed.m3u8
水浒传 第02集,https://vip1.lz-cdn6.com/20220713/18379_0f05359b/1000k/hls/mixed.m3u8
水浒传 第03集,https://vip1.lz-cdn6.com/20220713/18380_02d55df4/1000k/hls/mixed.m3u8
水浒传 第04集,https://vip1.lz-cdn6.com/20220713/18381_d7d0c066/1000k/hls/mixed.m3u8
水浒传 第05集,https://vip1.lz-cdn6.com/20220713/18382_23e2b584/1000k/hls/mixed.m3u8
水浒传 第06集,https://vip1.lz-cdn6.com/20220713/18383_caf30549/1000k/hls/mixed.m3u8
水浒传 第07集,https://vip1.lz-cdn6.com/20220713/18384_95b2296a/1000k/hls/mixed.m3u8
水浒传 第08集,https://vip1.lz-cdn6.com/20220713/18385_6e0b0f87/1000k/hls/mixed.m3u8
水浒传 第09集,https://vip1.lz-cdn6.com/20220713/18386_c8830b00/1000k/hls/mixed.m3u8
水浒传 第10集,https://vip1.lz-cdn6.com/20220713/18387_7ad1b52f/1000k/hls/mixed.m3u8
水浒传 第11集,https://vip1.lz-cdn6.com/20220713/18388_118d0f89/1000k/hls/mixed.m3u8
水浒传 第12集,https://vip1.lz-cdn6.com/20220713/18389_d697c179/1000k/hls/mixed.m3u8
水浒传 第13集,https://vip1.lz-cdn6.com/20220713/18390_ae2bd4c1/1000k/hls/mixed.m3u8
水浒传 第14集,https://vip1.lz-cdn6.com/20220713/18391_bf358d9e/1000k/hls/mixed.m3u8
水浒传 第15集,https://vip1.lz-cdn6.com/20220713/18392_303f63eb/1000k/hls/mixed.m3u8
水浒传 第16集,https://vip1.lz-cdn6.com/20220713/18393_f658f127/1000k/hls/mixed.m3u8
水浒传 第17集,https://vip1.lz-cdn6.com/20220713/18394_b1739622/1000k/hls/mixed.m3u8
水浒传 第18集,https://vip1.lz-cdn6.com/20220713/18395_8d635382/1000k/hls/mixed.m3u8
水浒传 第19集,https://vip1.lz-cdn6.com/20220713/18396_fcea8b5c/1000k/hls/mixed.m3u8
水浒传 第20集,https://vip1.lz-cdn6.com/20220713/18397_9bf2c10f/1000k/hls/mixed.m3u8
水浒传 第21集,https://vip1.lz-cdn6.com/20220713/18398_19209a76/1000k/hls/mixed.m3u8
水浒传 第22集,https://vip1.lz-cdn6.com/20220713/18399_b156b511/1000k/hls/mixed.m3u8
水浒传 第23集,https://vip1.lz-cdn6.com/20220713/18400_a2786af4/1000k/hls/mixed.m3u8
水浒传 第24集,https://vip1.lz-cdn6.com/20220713/18401_9578416d/1000k/hls/mixed.m3u8
水浒传 第25集,https://vip1.lz-cdn6.com/20220713/18402_7dbe4824/1000k/hls/mixed.m3u8
水浒传 第26集,https://vip1.lz-cdn6.com/20220713/18403_bdd4b2d4/1000k/hls/mixed.m3u8
水浒传 第27集,https://vip1.lz-cdn6.com/20220713/18404_f3b85ab7/1000k/hls/mixed.m3u8
水浒传 第28集,https://vip1.lz-cdn6.com/20220713/18405_6dbe4441/1000k/hls/mixed.m3u8
水浒传 第29集,https://vip1.lz-cdn6.com/20220713/18406_ca68b342/1000k/hls/mixed.m3u8
水浒传 第30集,https://vip1.lz-cdn6.com/20220713/18407_797f17d2/1000k/hls/mixed.m3u8
水浒传 第31集,https://vip1.lz-cdn6.com/20220713/18408_a26104b4/1000k/hls/mixed.m3u8
水浒传 第32集,https://vip1.lz-cdn6.com/20220713/18409_e8aea5fe/1000k/hls/mixed.m3u8
水浒传 第33集,https://vip1.lz-cdn6.com/20220713/18410_68bb5e71/1000k/hls/mixed.m3u8
水浒传 第34集,https://vip1.lz-cdn6.com/20220713/18411_a6b5a93b/1000k/hls/mixed.m3u8
水浒传 第35集,https://vip1.lz-cdn6.com/20220713/18412_e5751d6d/1000k/hls/mixed.m3u8
水浒传 第36集,https://vip1.lz-cdn6.com/20220713/18413_88479f4d/1000k/hls/mixed.m3u8
水浒传 第38集,https://vip1.lz-cdn6.com/20220713/18415_48c305d1/1000k/hls/mixed.m3u8
水浒传 第39集,https://vip1.lz-cdn6.com/20220713/18416_876b2a2b/1000k/hls/mixed.m3u8
水浒传 第40集,https://vip1.lz-cdn6.com/20220713/18417_e6ba5fec/1000k/hls/mixed.m3u8
水浒传 第41集,https://vip1.lz-cdn6.com/20220713/18418_68463e1d/1000k/hls/mixed.m3u8
水浒传 第42集,https://vip1.lz-cdn6.com/20220713/18419_b2d9cc9d/1000k/hls/mixed.m3u8
水浒传 第43集,https://vip1.lz-cdn6.com/20220713/18420_26f23ac0/1000k/hls/mixed.m3u8
射雕英雄传 第1集,https://s2.bfengbf.com/video/shediaoyingxiongchuan1983/第01集/index.m3u8
射雕英雄传 第2集,https://s2.bfengbf.com/video/shediaoyingxiongchuan1983/第02集/index.m3u8
射雕英雄传 第3集,https://s5.bfengbf.com/video/shediaoyingxiongchuan1983/第03集/index.m3u8
射雕英雄传 第4集,https://s5.bfengbf.com/video/shediaoyingxiongchuan1983/第04集/index.m3u8
射雕英雄传 第5集,https://s2.bfengbf.com/video/shediaoyingxiongchuan1983/第05集/index.m3u8
射雕英雄传 第6集,https://s5.bfengbf.com/video/shediaoyingxiongchuan1983/第06集/index.m3u8
射雕英雄传 第7集,https://s5.bfengbf.com/video/shediaoyingxiongchuan1983/第07集/index.m3u8
射雕英雄传 第8集,https://s5.bfengbf.com/video/shediaoyingxiongchuan1983/第08集/index.m3u8
射雕英雄传 第9集,https://s5.bfengbf.com/video/shediaoyingxiongchuan1983/第09集/index.m3u8
射雕英雄传 第10集,https://s5.bfengbf.com/video/shediaoyingxiongchuan1983/第10集/index.m3u8
射雕英雄传 第11集,https://s2.bfengbf.com/video/shediaoyingxiongchuan1983/第11集/index.m3u8
射雕英雄传 第12集,https://s5.bfengbf.com/video/shediaoyingxiongchuan1983/第12集/index.m3u8
射雕英雄传 第13集,https://s2.bfengbf.com/video/shediaoyingxiongchuan1983/第13集/index.m3u8
射雕英雄传 第14集,https://s2.bfengbf.com/video/shediaoyingxiongchuan1983/第14集/index.m3u8
射雕英雄传 第15集,https://s2.bfengbf.com/video/shediaoyingxiongchuan1983/第15集/index.m3u8
射雕英雄传 第16集,https://s2.bfengbf.com/video/shediaoyingxiongchuan1983/第16集/index.m3u8
射雕英雄传 第17集,https://s2.bfengbf.com/video/shediaoyingxiongchuan1983/第17集/index.m3u8
射雕英雄传 第18集,https://s2.bfengbf.com/video/shediaoyingxiongchuan1983/第18集/index.m3u8
射雕英雄传 第19集,https://s2.bfengbf.com/video/shediaoyingxiongchuan1983/第19集/index.m3u8
射雕英雄传 第20集,https://s2.bfengbf.com/video/shediaoyingxiongchuan1983/第20集/index.m3u8
射雕英雄传 第21集,https://s2.bfengbf.com/video/shediaoyingxiongchuan1983/第21集/index.m3u8
射雕英雄传 第22集,https://s2.bfengbf.com/video/shediaoyingxiongchuan1983/第22集/index.m3u8
射雕英雄传 第23集,https://s2.bfengbf.com/video/shediaoyingxiongchuan1983/第23集/index.m3u8
射雕英雄传 第24集,https://s2.bfengbf.com/video/shediaoyingxiongchuan1983/第24集/index.m3u8
射雕英雄传 第25集,https://s2.bfengbf.com/video/shediaoyingxiongchuan1983/第25集/index.m3u8
射雕英雄传 第26集,https://s5.bfengbf.com/video/shediaoyingxiongchuan1983/第26集/index.m3u8
射雕英雄传 第27集,https://s2.bfengbf.com/video/shediaoyingxiongchuan1983/第27集/index.m3u8
射雕英雄传 第28集,https://s2.bfengbf.com/video/shediaoyingxiongchuan1983/第28集/index.m3u8
射雕英雄传 第29集,https://s5.bfengbf.com/video/shediaoyingxiongchuan1983/第29集/index.m3u8
射雕英雄传 第30集,https://s5.bfengbf.com/video/shediaoyingxiongchuan1983/第30集/index.m3u8
射雕英雄传 第31集,https://s2.bfengbf.com/video/shediaoyingxiongchuan1983/第31集/index.m3u8
射雕英雄传 第32集,https://s5.bfengbf.com/video/shediaoyingxiongchuan1983/第32集/index.m3u8
射雕英雄传 第33集,https://s5.bfengbf.com/video/shediaoyingxiongchuan1983/第33集/index.m3u8
射雕英雄传 第34集,https://s5.bfengbf.com/video/shediaoyingxiongchuan1983/第34集/index.m3u8
射雕英雄传 第35集,https://s2.bfengbf.com/video/shediaoyingxiongchuan1983/第35集/index.m3u8
射雕英雄传 第36集,https://s5.bfengbf.com/video/shediaoyingxiongchuan1983/第36集/index.m3u8
射雕英雄传 第37集,https://s5.bfengbf.com/video/shediaoyingxiongchuan1983/第37集/index.m3u8
射雕英雄传 第38集,https://s2.bfengbf.com/video/shediaoyingxiongchuan1983/第38集/index.m3u8
射雕英雄传 第39集,https://s5.bfengbf.com/video/shediaoyingxiongchuan1983/第39集/index.m3u8
射雕英雄传 第40集,https://s5.bfengbf.com/video/shediaoyingxiongchuan1983/第40集/index.m3u8
射雕英雄传 第41集,https://s5.bfengbf.com/video/shediaoyingxiongchuan1983/第41集/index.m3u8
射雕英雄传 第42集,https://s5.bfengbf.com/video/shediaoyingxiongchuan1983/第42集/index.m3u8
射雕英雄传 第43集,https://s5.bfengbf.com/video/shediaoyingxiongchuan1983/第43集/index.m3u8
射雕英雄传 第44集,https://s2.bfengbf.com/video/shediaoyingxiongchuan1983/第44集/index.m3u8
射雕英雄传 第45集,https://s2.bfengbf.com/video/shediaoyingxiongchuan1983/第45集/index.m3u8
射雕英雄传 第46集,https://s2.bfengbf.com/video/shediaoyingxiongchuan1983/第46集/index.m3u8
射雕英雄传 第47集,https://s2.bfengbf.com/video/shediaoyingxiongchuan1983/第47集/index.m3u8
射雕英雄传 第48集,https://s2.bfengbf.com/video/shediaoyingxiongchuan1983/第48集/index.m3u8
射雕英雄传 第49集,https://s5.bfengbf.com/video/shediaoyingxiongchuan1983/第49集/index.m3u8
射雕英雄传 第50集,https://s5.bfengbf.com/video/shediaoyingxiongchuan1983/第50集/index.m3u8
射雕英雄传 第51集,https://s5.bfengbf.com/video/shediaoyingxiongchuan1983/第51集/index.m3u8
射雕英雄传 第52集,https://s5.bfengbf.com/video/shediaoyingxiongchuan1983/第52集/index.m3u8
射雕英雄传 第53集,https://s5.bfengbf.com/video/shediaoyingxiongchuan1983/第53集/index.m3u8
射雕英雄传 第54集,https://s5.bfengbf.com/video/shediaoyingxiongchuan1983/第54集/index.m3u8
射雕英雄传 第55集,https://s5.bfengbf.com/video/shediaoyingxiongchuan1983/第55集/index.m3u8
射雕英雄传 第56集,https://s5.bfengbf.com/video/shediaoyingxiongchuan1983/第56集/index.m3u8
